time, emcal, ihcal, ohcal
2023-05-16 02:00:00, 29.928851580974335, 0.03561146503943167, 0.031330645409843295
2023-05-19 03:00:00, 141.3536619560341, 0.05875361797951888, 0.033645851398833124
2023-05-19 10:00:00, 233.4041653936246, 0.10269413000398239, 0.055658807137622064
2023-05-19 11:00:00, 224.85298479792363, 0.0728062269105532, 0.03863257010291383
2023-05-20 00:00:00, 221.1702171434494, 0.06515875207284073, 0.03409515427117296
2023-05-20 01:00:00, 219.35341341715161, 0.06503685081466382, 0.0340792480193922
2023-05-20 02:00:00, 218.80409817608646, 0.06697896680532132, 0.03504854887581691
2023-05-21 09:00:00, 225.36524359780174, 0.06619686341640238, 0.03489211491767186
2023-05-21 10:00:00, 221.7780830844699, 0.06615388139611082, 0.03497010937560536
2023-05-21 11:00:00, 231.2251856921946, 0.06616135940913646, 0.03494436148934703
2023-05-22 00:00:00, 230.96863920212957, 0.06624384851298443, 0.035257273220608655
2023-05-22 01:00:00, 231.01067018401946, 0.0658210227833065, 0.0349262185022376
2023-05-22 02:00:00, 230.62937291487404, 0.06512128783654422, 0.03445834677710388
2023-05-22 03:00:00, 230.2770267550282, 0.06490573018929777, 0.03434773534136703
2023-05-22 04:00:00, 229.9142048971212, 0.06476674197659714, 0.034295823176325714
2023-05-22 05:00:00, 229.58830505361573, 0.0646540437063658, 0.034271596273364784
2023-05-22 06:00:00, 229.27620868116884, 0.0645479138377954, 0.03425222858466856
2023-05-22 07:00:00, 228.98178637742856, 0.06446153666842616, 0.03422650915592774
2023-05-22 08:00:00, 228.62494666103086, 0.06437778314580317, 0.03422006274788968
2023-05-22 09:00:00, 228.34193512270477, 0.06433086739184635, 0.034164790120448346
2023-05-22 10:00:00, 226.8252778909973, 0.06422056811488361, 0.03418220138405551
2023-05-22 11:00:00, 226.2051828117688, 0.06416772700462177, 0.03418144095658732
2023-05-23 00:00:00, 222.31125729007846, 0.06554562665766722, 0.034994298565174074
2023-05-23 01:00:00, 222.26519443563845, 0.06493890830535157, 0.03468897255751392
2023-05-23 02:00:00, 222.16357288065655, 0.06467229084627064, 0.034544665023221836
2023-05-23 03:00:00, 221.98748458956672, 0.06456724265738009, 0.03449313475610624
2023-05-23 04:00:00, 222.46837326208055, 0.0666988073988196, 0.03583931927023206
2023-05-23 05:00:00, 222.71144899314677, 0.06579539643890264, 0.03522378541109537
2023-05-23 06:00:00, 222.72094435135284, 0.06509195426033842, 0.034856730886391435
2023-05-23 07:00:00, 229.76985039928746, 0.09280884205324791, 0.054395847921848026
2023-05-23 08:00:00, 230.58838770385802, 0.06712268591694087, 0.03550528853114449
2023-05-23 09:00:00, 230.42366262598816, 0.06654744142052475, 0.03524923335166515
2023-05-23 10:00:00, 230.1336707274731, 0.06491600710662693, 0.03429924671078684
2023-05-23 11:00:00, 229.7368021275204, 0.06486652628218137, 0.034378023680946494
2023-05-24 00:00:00, 236.29844086184048, 0.06509780622464018, 0.03421063762584615
2023-05-24 01:00:00, 235.9850208355378, 0.06501580481608397, 0.03415270507220232
2023-05-24 02:00:00, 235.685523710187, 0.06495791541236595, 0.034142853989978544
2023-05-24 03:00:00, 235.61100567371597, 0.06489411913474331, 0.03417351156503487
2023-05-24 04:00:00, 235.32285433745753, 0.06483753978692064, 0.03415494854099438
2023-05-24 05:00:00, 235.0306005883273, 0.06478012178336456, 0.03418033032592376
2023-05-24 06:00:00, 234.76915280363693, 0.06472179025776703, 0.034126957270577615
2023-05-24 07:00:00, 234.53378328262414, 0.06466873535527845, 0.034151196782303814
2023-05-24 08:00:00, 234.28809154393028, 0.0645987817946543, 0.03413376651596639
2023-05-24 09:00:00, 234.0448628581808, 0.06445696108335881, 0.03415191859867492
2023-05-24 10:00:00, 233.80925921721183, 0.06484132747039423, 0.034175108123919426
2023-05-24 11:00:00, 233.58319810887588, 0.06478780566343292, 0.034181807571310015
2023-05-25 11:00:00, 229.47721592644854, 0.06192326506022601, 0.03404592400470848
2023-05-26 00:00:00, 227.87762246549454, 0.0622674692052631, 0.0340750356323765
2023-05-26 01:00:00, 228.48360606655294, 0.06214885862641784, 0.03407046666371663
2023-05-26 02:00:00, 228.32802701872578, 0.08025073037130764, 0.050779169129044816
2023-05-26 03:00:00, 228.22731181251544, 0.09067579020580245, 0.05953815876036435
2023-05-26 04:00:00, 228.05716265521687, 0.06350818438957641, 0.034147687974652396
2023-05-26 05:00:00, 227.89287033677059, 0.0635198010343941, 0.03413405045218108
2023-05-26 06:00:00, 227.6599150306021, 0.06332731572711715, 0.034168526047971666
2023-05-26 07:00:00, 227.7820817502485, 0.06338288828032652, 0.034610971837526344
2023-05-26 08:00:00, 228.05818985697672, 0.06372694262939609, 0.0351026889555759
2023-05-26 09:00:00, 228.19525142482473, 0.06319520069248928, 0.03467272580559546
2023-05-26 10:00:00, 228.09228144349652, 0.06251547231621997, 0.03434654262603819
2023-05-26 11:00:00, 227.92078101994716, 0.06221968927524474, 0.03430751381524468
2023-05-27 00:00:00, 229.71038679131118, 0.0648893171085612, 0.035498807142945565
2023-05-27 01:00:00, 229.9177887693929, 0.06419399315750643, 0.035050363247024784
2023-05-27 02:00:00, 229.97031472830716, 0.06382492757809724, 0.03477645214734274
2023-05-27 03:00:00, 230.37847442720775, 0.0655146299226945, 0.03552116931833503
2023-05-27 04:00:00, 230.65987012397258, 0.06498662423705112, 0.03524539665054898
2023-05-27 05:00:00, 231.15764913794408, 0.0653164024932183, 0.03542687441364013
2023-05-27 06:00:00, 231.268985241992, 0.06417024269995313, 0.03485069152750155
2023-05-27 07:00:00, 231.9075223134415, 0.06664873258895648, 0.03624306420219523
2023-05-27 08:00:00, 232.2238545025203, 0.0652234197271533, 0.03534614416522261
2023-05-27 09:00:00, 232.29551892385552, 0.0643266117717135, 0.03503173715524892
2023-05-27 10:00:00, 232.50546069660777, 0.06500040808936108, 0.03521245460814822
2023-05-27 11:00:00, 232.75432516436334, 0.06535146022783142, 0.03539350952547094
2023-05-28 00:00:00, 237.04458849885714, 0.06533759638335906, 0.03511585929981963
2023-05-28 01:00:00, 237.39835384405797, 0.06608227432992625, 0.03547986238318206
2023-05-28 02:00:00, 237.70053232015903, 0.06576672559685046, 0.035268844151510895
2023-05-28 03:00:00, 238.13857978487468, 0.0664701603951444, 0.03565675871012746
2023-05-28 04:00:00, 238.54266287876302, 0.06604013780340486, 0.0354033292841651
2023-05-28 05:00:00, 241.15855656862584, 0.06747068330900256, 0.036076476248412585
2023-05-28 06:00:00, 241.32692580229073, 0.06534635562399053, 0.03503438441193799
2023-05-28 07:00:00, 241.61724544533573, 0.06751361043124858, 0.03580749711985899
2023-05-28 08:00:00, 242.55510493304325, 0.06671987214504607, 0.03564767740705892
2023-05-28 09:00:00, 242.6343801726095, 0.06561275179062491, 0.035052590923557565
2023-05-28 10:00:00, 243.16691661269164, 0.06728892128663165, 0.03597753666888838
2023-05-28 11:00:00, 243.42467960960812, 0.06600546931131486, 0.0352328633146073
2023-05-29 00:00:00, 247.73042946990117, 0.06614837620897678, 0.035099905739990576
2023-05-29 01:00:00, 249.28323926681108, 0.06637248423637002, 0.03517648987561393
2023-05-29 02:00:00, 249.67863258073507, 0.06641762812940365, 0.035139003793953356
2023-05-29 03:00:00, 249.67371390266078, 0.06584969520258338, 0.03478176581608556
2023-05-29 04:00:00, 250.05647412540074, 0.06657593220143312, 0.03525035993261779
2023-05-29 05:00:00, 250.99364233581525, 0.0658251356280336, 0.03856459746557373
2023-05-29 06:00:00, 251.1714621810418, 0.06713114642377976, 0.03545790126814754
2023-05-29 07:00:00, 251.21637301439242, 0.06593630821160607, 0.034806011580544374
2023-05-29 08:00:00, 251.83696391186288, 0.0692076317673036, 0.03638935356284418
2023-05-29 09:00:00, 252.26874434287532, 0.06734337746006763, 0.0354579326128238
2023-05-29 10:00:00, 252.74520379467833, 0.0676974914314189, 0.035655238141793444
2023-05-29 11:00:00, 249.22734740526445, 0.06869278160645127, 0.036117325971664976
2023-05-30 00:00:00, 251.89335508025167, 0.06836800263987147, 0.03569733992964923
2023-05-30 01:00:00, 251.93354853195686, 0.06758099712910194, 0.03511361274614349
2023-05-30 02:00:00, 252.2448127797204, 0.0681980601184711, 0.035598075243104994
2023-05-30 03:00:00, 252.22156111085883, 0.06659077602736546, 0.03478291122472965
2023-05-30 04:00:00, 252.55603363456098, 0.06917099000599941, 0.03600445535945163
2023-05-30 05:00:00, 252.77120034411595, 0.06742751841712206, 0.035159463229081714
2023-05-30 06:00:00, 252.73927753306185, 0.06726919983381677, 0.035057181988142325
2023-05-30 07:00:00, 252.6701528591395, 0.06672541379134551, 0.03481779374901845
2023-05-30 08:00:00, 252.68937513783197, 0.06592929798129982, 0.03454396138810516
2023-05-30 09:00:00, 252.7022018478173, 0.06657455052233308, 0.03475690906171918
2023-05-30 10:00:00, 252.5871804962714, 0.06668810556063884, 0.034803722633099186
2023-05-30 11:00:00, 252.7242378833288, 0.06758565794329219, 0.035257507056851385
2023-05-31 00:00:00, 253.62217944297586, 0.06344414748584608, 0.03406381620728222
2023-05-31 01:00:00, 255.27923833459525, 0.06493388149181853, 0.034909720786186635
2023-05-31 02:00:00, 254.1389243912069, 0.06451712405960591, 0.03456483716357917
2023-05-31 03:00:00, 254.35637860673643, 0.06380472169238982, 0.0342588074390486
2023-05-31 04:00:00, 254.5608177637252, 0.06405187324363977, 0.034412966017467565
2023-05-31 05:00:00, 254.70028111411222, 0.06407444146907265, 0.03440123438562671
2023-05-31 06:00:00, 254.30884256332652, 0.0638595397400503, 0.03431106663359465
2023-05-31 07:00:00, 254.2833831389001, 0.06367054049134323, 0.03416711243248467
2023-05-31 08:00:00, 254.12758581038347, 0.06371830220857713, 0.03413794737187674
2023-05-31 09:00:00, 254.9524177320076, 0.06520679890714014, 0.03429172434580184
2023-05-31 10:00:00, 252.43552984237783, 0.06502899063775197, 0.03427164674651103
2023-05-31 11:00:00, 253.79993222992195, 0.06434184598298064, 0.0342587444474012
2023-06-01 00:00:00, 254.28780077393978, 0.0655364031462798, 0.03474319135649363
2023-06-01 01:00:00, 254.26630425806292, 0.06533467108759489, 0.034625347877605656
2023-06-01 02:00:00, 254.1890078389521, 0.06523466920251436, 0.03457651227250908
2023-06-01 03:00:00, 253.88437418608936, 0.06509718845381207, 0.03453181019284665
2023-06-01 04:00:00, 254.0359438822506, 0.06510682808979094, 0.034526528101828206
2023-06-01 05:00:00, 253.98168105501875, 0.06494149525609619, 0.03445831534476128
2023-06-01 06:00:00, 253.90472195224214, 0.06525222398793329, 0.03463179110628734
2023-06-01 07:00:00, 253.99220133763106, 0.0655581090292397, 0.034779897726948575
2023-06-01 08:00:00, 254.2181934024397, 0.06670735080045871, 0.035404174732921
2023-06-01 09:00:00, 254.4616080916837, 0.06592651878517694, 0.03501209484390462
2023-06-01 10:00:00, 254.47009647885534, 0.0646595523173746, 0.03447993265500871
2023-06-01 11:00:00, 254.41615703949338, 0.06502422572085735, 0.03461176701706779
2023-06-02 00:00:00, 255.1426266841995, 0.0654012208998335, 0.03488454852580214
2023-06-02 01:00:00, 255.23136513754466, 0.06503546038353389, 0.03466868015079298
2023-06-02 02:00:00, 255.2606906502746, 0.06479642836740215, 0.03454934101615011
2023-06-02 03:00:00, 255.74837526805769, 0.06676034160253216, 0.035786463285073546
2023-06-02 04:00:00, 256.1132657541569, 0.06613359696630706, 0.035216414083334216
2023-06-02 05:00:00, 256.3508970785688, 0.0658404103160786, 0.035061122649812995
2023-06-02 06:00:00, 256.4925360644993, 0.06543104799792006, 0.034827792745508616
2023-06-02 07:00:00, 256.5407603611859, 0.06548852274239418, 0.03488420133972518
2023-06-02 08:00:00, 256.6413341796639, 0.06506635462474546, 0.03460957067841707
2023-06-02 09:00:00, 256.651134273842, 0.06519833226081549, 0.03458801005188449
2023-06-02 10:00:00, 256.6927731006879, 0.06554545635114646, 0.034820185203404255
2023-06-02 11:00:00, 256.69787389003386, 0.06492512462374664, 0.03454062589779816
2023-06-03 00:00:00, 258.25699566091515, 0.06370551828647565, 0.03493723973726366
2023-06-03 01:00:00, 258.33555050533926, 0.06333978511606111, 0.0347213306035562
2023-06-03 02:00:00, 258.21808733790994, 0.0630639171223797, 0.03455240173861535
2023-06-03 03:00:00, 258.1165487849112, 0.06298169285643103, 0.034533065664224025
2023-06-03 04:00:00, 258.44746015398016, 0.06298212592295967, 0.03453419530890232
2023-06-03 05:00:00, 258.42701342388574, 0.06293893732603709, 0.0345368363522957
2023-06-03 06:00:00, 258.50422147134253, 0.06373295914960288, 0.03497588389846879
2023-06-03 07:00:00, 258.95898481672066, 0.06451441991313567, 0.03533271471162825
2023-06-03 08:00:00, 259.1767907727094, 0.06399189209939737, 0.03506492173055166
2023-06-03 09:00:00, 259.7757806639458, 0.06503699164966104, 0.03572706028963197
2023-06-03 10:00:00, 260.4582023450714, 0.0648931141594591, 0.035520957504090796
2023-06-03 11:00:00, 261.1119554330699, 0.06258303627959455, 0.03530165625405341
2023-06-04 00:00:00, 262.9938062137061, 0.06262619525695555, 0.03535780935742595
2023-06-04 01:00:00, 262.9713978587298, 0.0624428110683875, 0.03521242723364309
2023-06-04 02:00:00, 263.01702887445805, 0.04942224785827667, 0.0316296432292804
2023-06-06 00:00:00, 177.68433067759753, 0.06910656909245345, 0.035060080723358075
2023-06-06 01:00:00, 231.76820294096882, 0.06906972856516838, 0.03501614939619759
2023-06-06 02:00:00, 270.4607937149789, 0.06898460508873092, 0.03494043666408793
2023-06-06 03:00:00, 270.89249651754704, 0.06757214727956189, 0.03475725507749105
2023-06-06 04:00:00, 270.787865124832, 0.06802465341113868, 0.03449368360061511
2023-06-06 05:00:00, 271.04949800358776, 0.06983740797915287, 0.03540998375258148
2023-06-06 06:00:00, 271.92640054266406, 0.07080790959803647, 0.035890280821073955
2023-06-06 07:00:00, 272.14493197410127, 0.07029501238817691, 0.03555282044060934
2023-06-06 08:00:00, 272.8692961568451, 0.07003711947321409, 0.035357752437422965
2023-06-06 09:00:00, 272.3539292614202, 0.069891965002225, 0.03530283953288527
2023-06-06 10:00:00, 272.27148762187176, 0.069697886542623, 0.03520318987489802
2023-06-06 11:00:00, 271.966178216805, 0.06949463425321772, 0.035107755825611396
2023-06-07 00:00:00, 274.46928869316037, 0.06902762402870948, 0.035123646266736815
2023-06-07 01:00:00, 274.767498672756, 0.06872284838286294, 0.03486342945211478
2023-06-07 02:00:00, 275.3325601737251, 0.07064434735941359, 0.03592895988751568
2023-06-07 03:00:00, 275.5793586373202, 0.06970277373690349, 0.03530888552312572
2023-06-07 04:00:00, 275.8831792243251, 0.06920984273749595, 0.035130077129457704
2023-06-07 05:00:00, 275.26971045426535, 0.06957025539261609, 0.03579524796663921
2023-06-07 06:00:00, 275.2975015722372, 0.069345295356367, 0.035815322036178675
2023-06-07 07:00:00, 275.28634126711455, 0.06834339561179903, 0.03523350376090373
2023-06-07 08:00:00, 275.3190106492203, 0.06817105778810234, 0.03509791437889118
2023-06-07 09:00:00, 276.1227887077156, 0.06796557831970075, 0.03495017686956572
2023-06-07 10:00:00, 274.9416326244925, 0.06781120787432598, 0.03487556189786214
2023-06-07 11:00:00, 275.1440276664249, 0.06768183377316504, 0.034830127772090505
2023-06-08 00:00:00, 293.7551821641502, 0.0668448741420211, 0.03439032649238165
2023-06-08 01:00:00, 293.64493872467983, 0.06679069383812726, 0.034462745367463195
2023-06-08 02:00:00, 293.60784456346846, 0.06675782642148717, 0.03437289938634626
2023-06-08 03:00:00, 293.53523661531005, 0.06673610792782882, 0.034361552689285604
2023-06-08 04:00:00, 293.540797130199, 0.06672384093790486, 0.03439034544219238
2023-06-08 05:00:00, 293.77470354206616, 0.06776845430865991, 0.034937318863501626
2023-06-08 06:00:00, 294.0628072031563, 0.06781299112393645, 0.034969885339112945
2023-06-08 07:00:00, 294.1943562785162, 0.06756847592647611, 0.03484940705977255
2023-06-08 08:00:00, 294.27629824329387, 0.0675127753836942, 0.03479715103188782
2023-06-08 09:00:00, 294.33542782516696, 0.06762415997489747, 0.03480320620426593
2023-06-08 10:00:00, 294.3608251228813, 0.06794994020494789, 0.03490275503159139
2023-06-08 11:00:00, 294.3872093279552, 0.06793306711944097, 0.03486145759085067
2023-06-09 00:00:00, 297.53562619850555, 0.06971849789671442, 0.03542719234396208
2023-06-09 01:00:00, 297.88186647270163, 0.06987022084938754, 0.035473721481938586
2023-06-09 02:00:00, 298.06816934470675, 0.0699316252175105, 0.03549424969065219
2023-06-09 03:00:00, 298.2413680045847, 0.06992352587830236, 0.03548071487343302
2023-06-09 04:00:00, 298.41479148757963, 0.06991629230707551, 0.035453590370840234
2023-06-09 05:00:00, 298.5586435671935, 0.06992878234957965, 0.03545007750036655
2023-06-09 06:00:00, 298.9332297383676, 0.07097184835063085, 0.03595471390481279
2023-06-09 07:00:00, 299.6758904758756, 0.07235372344018724, 0.03669271884891661
2023-06-09 08:00:00, 300.4356405254689, 0.07247673376303199, 0.036755497883906675
2023-06-09 09:00:00, 301.2520551844542, 0.07216053489254105, 0.036514012092125694
2023-06-09 10:00:00, 301.5775050144372, 0.07199169407771354, 0.036442564517010556
2023-06-09 11:00:00, 302.03187639136854, 0.07192895377064612, 0.03631278860199131
2023-06-10 00:00:00, 305.8510842258363, 0.07112044867294619, 0.035689645406783946
2023-06-10 01:00:00, 306.3138062497245, 0.07109675872960691, 0.035686565217833005
2023-06-10 02:00:00, 306.77016395610207, 0.07107242748149048, 0.03564663235207337
2023-06-10 03:00:00, 306.7669454770756, 0.06965367837047465, 0.03491490730775241
2023-06-10 08:00:00, 294.4582482745212, 0.0727321382532559, 0.03671636953357493
2023-06-10 11:00:00, 281.59195979058995, 0.07134431401371241, 0.035862596271691013
2023-06-11 00:00:00, 283.655812494668, 0.07211302335715127, 0.03606900778750366
2023-06-11 01:00:00, 283.84903534920136, 0.07222065875239478, 0.036018616470334185
2023-06-11 02:00:00, 284.13250442868684, 0.07404708777638937, 0.03632470621892795
2023-06-11 03:00:00, 284.97121064992547, 0.07575676041714934, 0.037166369573235374
2023-06-11 04:00:00, 285.6750087820986, 0.07570853264869508, 0.03710087351642044
2023-06-11 05:00:00, 286.341945435567, 0.07835634301895858, 0.03713688578845249
2023-06-11 06:00:00, 286.9268170161942, 0.07503155257245155, 0.036892552794454865
2023-06-11 07:00:00, 287.4809252819054, 0.07429671470638873, 0.03684290928747794
2023-06-11 08:00:00, 287.9764998569773, 0.07413642635594296, 0.036911005336813844
2023-06-11 09:00:00, 288.2947913373379, 0.07333803443258015, 0.036442862275038554
2023-06-11 10:00:00, 287.8221646367473, 0.072642056069358, 0.0360860247009803
2023-06-11 11:00:00, 287.90906412939296, 0.0725591705043351, 0.03603146827927702
2023-06-12 00:00:00, 292.77212888106027, 0.07496982259379235, 0.03613334560657968
2023-06-12 01:00:00, 292.6638148683438, 0.07404623482233265, 0.03559130693977565
2023-06-12 02:00:00, 292.67668352829594, 0.07505689584381585, 0.03617311943053003
2023-06-12 03:00:00, 293.7760032920324, 0.07825286512888016, 0.038143578684445276
2023-06-12 04:00:00, 294.8064424220526, 0.07854074043494232, 0.03802085374700025
2023-06-12 05:00:00, 295.69474454129846, 0.07846223603034104, 0.03790381791730246
2023-06-12 06:00:00, 296.4267246787006, 0.07832843503210105, 0.03772467172913988
2023-06-12 07:00:00, 296.976008435833, 0.07811309675136988, 0.03759700539842188
2023-06-12 08:00:00, 297.35637965367965, 0.07793504192638083, 0.037472721613439536
2023-06-12 09:00:00, 298.12247715399786, 0.07685482902199832, 0.036675416352374264
2023-06-12 10:00:00, 298.0624488756405, 0.06496909691570056, 0.03586461240243273
2023-06-12 11:00:00, 298.1762749097953, 0.058544254319364976, 0.03526892272033649
2023-06-13 00:00:00, 307.97531226633345, 0.043304876858056916, 0.03473388542351574
2023-06-13 01:00:00, 308.2263987373851, 0.04328382516956102, 0.03469487245159468
2023-06-13 02:00:00, 308.6189034671725, 0.04514469620371148, 0.036957039438408126
2023-06-13 03:00:00, 309.8190377078221, 0.05332878390673543, 0.04406831326888467
2023-06-13 04:00:00, 311.288142535969, 0.053597403738353935, 0.04414745628956959
2023-06-13 05:00:00, 312.3109475131606, 0.0538225499509884, 0.04410994530104267
2023-06-13 06:00:00, 313.5394030180309, 0.05381071228930934, 0.04404713131296239
2023-06-13 07:00:00, 314.85687788868313, 0.05374733252087498, 0.0440145362513315
2023-06-13 08:00:00, 315.7290583332079, 0.0536732131578118, 0.04396530935910127
2023-06-13 09:00:00, 316.4983430689169, 0.0535947270305811, 0.04390052014846173
2023-06-13 10:00:00, 317.0393524582349, 0.053442322570263746, 0.043745645151227794
2023-06-13 11:00:00, 317.3500120440209, 0.05323006104391229, 0.04374713448142988
2023-06-14 00:00:00, 322.0986623609292, 0.053354361380240724, 0.043623261045554994
2023-06-14 01:00:00, 322.2331251975972, 0.05331137001700659, 0.04362706322098114
2023-06-14 02:00:00, 322.31763332480216, 0.053304149396302354, 0.04355322123548314
2023-06-14 03:00:00, 322.40218787167095, 0.053240561410025124, 0.04355927950611039
2023-06-14 04:00:00, 322.49329135490217, 0.05325173032304992, 0.04354983554426809
2023-06-14 05:00:00, 322.63931645163075, 0.053346243529248855, 0.04354454712841387
2023-06-14 06:00:00, 322.6884583151419, 0.05320591618333003, 0.04353164801148153
2023-06-14 07:00:00, 322.9662338346657, 0.053517057750344675, 0.04369485006936503
2023-06-14 08:00:00, 323.30665507429654, 0.053554317524615404, 0.0436342890197102
2023-06-14 09:00:00, 323.62259884879234, 0.05358304295625976, 0.04366079730804665
2023-06-14 10:00:00, 323.8772511027807, 0.05351597066745565, 0.043638059687328756
2023-06-14 11:00:00, 324.18637658140506, 0.05351509733509722, 0.0436858035227072
2023-06-15 00:00:00, 328.024847442402, 0.05361553205238174, 0.04388734022953311
2023-06-15 01:00:00, 328.43207059301744, 0.053815031460170734, 0.043731982376702457
2023-06-15 02:00:00, 328.749184644877, 0.05381987692229708, 0.04370210106233865
2023-06-15 03:00:00, 329.00785395620994, 0.05899969203230187, 0.046761450405153504
2023-06-15 04:00:00, 329.09354064104303, 0.0522999926048873, 0.04360208533478356
2023-06-15 05:00:00, 329.26422411413716, 0.054028599127286, 0.04380625354125625
2023-06-15 06:00:00, 329.33956699235705, 0.05309517097669006, 0.04347369965843158
2023-06-15 07:00:00, 329.3601645263438, 0.05941988973373492, 0.04183360730980457
2023-06-15 08:00:00, 329.95122046078416, 0.06695137591226671, 0.040219682464466604
2023-06-15 09:00:00, 329.71251373771133, 0.06703402238105645, 0.04020412019959981
2023-06-15 10:00:00, 330.7999559640486, 0.06694588374578866, 0.04016095158571964
2023-06-15 11:00:00, 331.2210486829361, 0.06669896441843759, 0.040014375306402124
2023-06-16 00:00:00, 335.7676319447581, 0.08529878354584468, 0.03838119374839212
2023-06-16 01:00:00, 336.3755791166714, 0.08542806444040163, 0.038061901836659674
2023-06-16 02:00:00, 337.76762151663024, 0.0856268658208932, 0.03775061448768055
2023-06-16 03:00:00, 337.07547309047357, 0.08547838963054326, 0.037676598414865856
2023-06-16 04:00:00, 337.4786787294714, 0.07171670532231858, 0.037857042604811215
2023-06-16 05:00:00, 337.8305078205263, 0.06327487423112856, 0.03411738285902409
2023-06-16 06:00:00, 338.1597811705982, 0.07696049516707625, 0.035724668339504675
2023-06-16 07:00:00, 338.15702744826825, 0.08494465800641612, 0.037241069799274766
2023-06-16 08:00:00, 338.3853175421187, 0.08717838231152762, 0.0393670954505974
2023-06-16 09:00:00, 340.82913885380964, 0.08910280665049773, 0.03948728677833263
2023-06-16 10:00:00, 341.5707667423411, 0.08726595066350844, 0.03867668773637828
2023-06-16 11:00:00, 342.2598946822426, 0.0858596290465871, 0.03839865219481332
2023-06-17 00:00:00, 349.2540194410571, 0.08239729756451689, 0.03679638657072155
2023-06-17 01:00:00, 349.3312204645323, 0.08316855375795003, 0.03771374757202638
2023-06-17 02:00:00, 350.0578283743188, 0.08416703375351649, 0.037758841056768834
2023-06-17 03:00:00, 350.43337258276347, 0.0841523714956346, 0.03780922908044408
2023-06-17 04:00:00, 350.62843809911993, 0.08398615791549008, 0.03772552967447448
2023-06-17 05:00:00, 351.27644606474144, 0.0839938390751598, 0.03763614434138351
2023-06-17 06:00:00, 351.5006774300681, 0.08359824769800718, 0.03732021592596691
2023-06-17 07:00:00, 351.8468307343166, 0.08513862447694585, 0.03812141507895971
2023-06-17 08:00:00, 352.60194599177777, 0.08542786865106294, 0.038340691513346986
2023-06-17 09:00:00, 352.98980999250233, 0.08483911801020269, 0.037969843862985214
2023-06-17 10:00:00, 353.28460151764466, 0.08458407905705827, 0.03781038718949286
2023-06-17 11:00:00, 353.5567917868052, 0.08449023439777129, 0.03769483436451489
2023-06-18 00:00:00, 358.5641790159898, 0.08627986589798964, 0.038391451733394893
2023-06-18 01:00:00, 359.01054258813554, 0.08617373790795739, 0.03829484059032563
2023-06-18 02:00:00, 359.47612026903613, 0.0864509065656398, 0.038417603369688455
2023-06-18 03:00:00, 359.9603643491819, 0.086533545580752, 0.03844067227196691
2023-06-18 04:00:00, 360.4142674416845, 0.08647017496900933, 0.038351684476931984
2023-06-18 05:00:00, 360.81403849355917, 0.08630834107253127, 0.038211529294284424
2023-06-18 06:00:00, 361.1748468633476, 0.08624166701149504, 0.038158146774230094
2023-06-18 07:00:00, 361.4832002532936, 0.08604629500749, 0.038027429326552495
2023-06-18 08:00:00, 361.7211710653306, 0.08568185544176296, 0.037753943835597784
2023-06-18 09:00:00, 362.44394545380953, 0.08818671365112593, 0.03917738516786443
2023-06-18 10:00:00, 363.037158928201, 0.08730905719721087, 0.03865318662925067
2023-06-18 11:00:00, 363.5508663084559, 0.08720622149879484, 0.03853917673134253
2023-06-19 00:00:00, 374.0322880093627, 0.08948287488334548, 0.03931873001637358
2023-06-19 01:00:00, 374.96352005532503, 0.09068075730594334, 0.03984338298414589
2023-06-19 02:00:00, 376.0333755110726, 0.09065178701598127, 0.03981192741171842
2023-06-19 03:00:00, 376.8197871860735, 0.09039170675259839, 0.03961306951255232
2023-06-19 04:00:00, 378.04914067013283, 0.09035528928617553, 0.03949713477704763
2023-06-19 05:00:00, 381.0270345341917, 0.08995972366121176, 0.039183882216975954
2023-06-19 06:00:00, 381.5849319412102, 0.08926392606452274, 0.03868202994713118
2023-06-19 07:00:00, 382.7429216829267, 0.09296390212330945, 0.040358500458052324
2023-06-19 08:00:00, 383.57707651603937, 0.0912185485473404, 0.039722554368970445
2023-06-19 09:00:00, 384.3641081837967, 0.0907549863156354, 0.039387687500335854
2023-06-19 10:00:00, 385.5294009913297, 0.09324639905593282, 0.04083693040652166
2023-06-19 11:00:00, 386.85643565235483, 0.09318037531012945, 0.04069373657932559
2023-06-20 00:00:00, 400.824144255209, 0.09523627151184691, 0.04068957148330216
2023-06-20 01:00:00, 401.7762882466047, 0.09527441732149003, 0.04062709195971222
2023-06-20 02:00:00, 402.5598946521975, 0.09360437768240647, 0.03947293317625089
2023-06-20 03:00:00, 402.8711730565322, 0.09264528785064394, 0.03963582913191346
2023-06-20 04:00:00, 403.5428611834061, 0.09344010082414035, 0.039279370261543135
2023-06-20 05:00:00, 403.85295547133813, 0.09313027649599362, 0.039083156594965446
2023-06-20 06:00:00, 404.60487331882354, 0.0959145747744397, 0.041231474834049375
2023-06-20 07:00:00, 406.31071412264276, 0.09791861263915176, 0.042141010478093315
2023-06-20 08:00:00, 407.8864193162159, 0.09788351636505195, 0.041725817432707715
2023-06-20 09:00:00, 408.9125806026108, 0.0968364140073136, 0.04099338331769822
2023-06-20 10:00:00, 409.4939967226256, 0.09469910487772883, 0.03951347344563777
2023-06-20 11:00:00, 409.6649133220705, 0.09397306708045354, 0.03909565503977613
2023-06-21 00:00:00, 416.44647136863364, 0.09606838931355345, 0.03985472359587221
2023-06-21 01:00:00, 417.0754689029928, 0.09604511236494784, 0.039845632900386695
2023-06-21 02:00:00, 417.61806766814306, 0.09591267250332883, 0.039711542161754966
2023-06-21 03:00:00, 417.7477098965547, 0.09590720410692136, 0.03970057723424726
2023-06-21 04:00:00, 418.5065632467315, 0.09596287907220122, 0.039673289589085003
2023-06-21 05:00:00, 419.03459836943017, 0.09598217312412502, 0.039624800998658775
2023-06-21 06:00:00, 418.97707004753715, 0.09503993299421976, 0.039058150082841185
2023-06-21 07:00:00, 418.88857155178107, 0.09554472172304472, 0.03987522080857328
2023-06-21 08:00:00, 419.27186658143467, 0.09550939492631094, 0.039323286732728564
2023-06-21 09:00:00, 419.7335985419236, 0.09569380258826052, 0.03942595302988566
2023-06-21 10:00:00, 420.022780415912, 0.09560191843565846, 0.03936876818911746
2023-06-21 11:00:00, 420.3751976064005, 0.09551793639222435, 0.03929829295488597
2023-06-22 00:00:00, 419.4438530982173, 0.0923329952206899, 0.0375236747013298
2023-06-22 01:00:00, 419.43457584625, 0.09419708026365195, 0.03872704467985736
2023-06-22 02:00:00, 419.73891327430033, 0.09399159521836851, 0.03858353531604747
2023-06-22 03:00:00, 419.76665802621613, 0.09379380241366934, 0.03844867794346955
2023-06-22 04:00:00, 419.7847617121724, 0.0937231782298958, 0.03840549351824051
2023-06-22 05:00:00, 419.83814970824494, 0.09359800465146888, 0.03835968071623986
2023-06-22 06:00:00, 419.8161252537277, 0.0935315516133245, 0.038341086086275546
2023-06-22 07:00:00, 419.7786760628583, 0.09345918813777383, 0.038296759424541416
2023-06-22 08:00:00, 419.76456740381246, 0.09338091019408164, 0.03827022906840901
2023-06-22 09:00:00, 419.6957050704841, 0.09325943278777139, 0.038199031201949306
2023-06-22 10:00:00, 419.71067869297804, 0.09330217735116986, 0.03824185277011505
2023-06-22 11:00:00, 419.51498214367473, 0.09234790769156889, 0.03765057104692722
2023-06-23 00:00:00, 428.64330277663, 0.09627548436300933, 0.03947973632210567
2023-06-23 01:00:00, 429.7409510837682, 0.09745747856224048, 0.04062782107435931
2023-06-23 02:00:00, 430.43700676940654, 0.09252587812575208, 0.03994144273268993
2023-06-23 03:00:00, 432.28921971960466, 0.09622575171487144, 0.04082046816393503
2023-06-23 04:00:00, 433.5218703865467, 0.0954713916198845, 0.042589488737845904
2023-06-23 05:00:00, 434.43588813285726, 0.09353758604305408, 0.03955331926034283
2023-06-23 06:00:00, 436.1799935855171, 0.09580890892322776, 0.04110942157037122
2023-06-23 07:00:00, 438.6118115341528, 0.09997740952203993, 0.04118702721800191
2023-06-23 08:00:00, 439.09358205870194, 0.10025873358286484, 0.04126337358842798
2023-06-23 09:00:00, 435.5556938452538, 0.09994583277200987, 0.04104826315465497
2023-06-23 10:00:00, 435.3718081262854, 0.09796377692603297, 0.039834314834648374
2023-06-23 11:00:00, 436.5195869951277, 0.09644601499067082, 0.03976955634327592
2023-06-24 00:00:00, 443.0652814688027, 0.10380389709994256, 0.04133485050723706
2023-06-24 01:00:00, 443.8302876747294, 0.10208936624291165, 0.040454277309534784
2023-06-24 02:00:00, 441.85438306082307, 0.09747595561527111, 0.03864753385323553
2023-06-24 03:00:00, 440.4911041294436, 0.0980800044633827, 0.03840949666481571
2023-06-24 04:00:00, 440.271156204175, 0.09904972411918661, 0.038516163987132326
2023-06-24 05:00:00, 440.1427694698437, 0.09871076519613231, 0.03845666711939405
2023-06-24 06:00:00, 440.66664001621547, 0.10299130118087392, 0.04278481741901672
2023-06-24 07:00:00, 441.4293001066018, 0.1002977449250211, 0.039923720782430346
2023-06-24 08:00:00, 442.33934069536406, 0.10291977807526058, 0.040921340838065326
2023-06-24 09:00:00, 443.73073385082756, 0.10381050197826061, 0.04154591470108108
2023-06-24 10:00:00, 444.6984377580589, 0.10337894864548207, 0.04127252110019405
2023-06-24 11:00:00, 445.5681216812056, 0.10357316070486265, 0.04105790049015233
2023-06-25 00:00:00, 457.1251014719057, 0.10456268372960802, 0.04043993458683051
2023-06-25 01:00:00, 458.44955945427887, 0.10817132050981867, 0.042599074699823956
2023-06-25 02:00:00, 459.0252972839061, 0.10664161736278203, 0.04161015494779426
2023-06-25 03:00:00, 462.6149449139521, 0.10559160285010968, 0.04035184450819941
2023-06-25 04:00:00, 463.2830370734026, 0.1089591574877709, 0.042644701533917986
2023-06-25 05:00:00, 464.40313071630106, 0.1089638641443198, 0.04239071517268795
2023-06-25 06:00:00, 465.4890104190158, 0.10789632964447747, 0.042379628282811714
2023-06-25 07:00:00, 466.56018585339206, 0.10860669988690844, 0.04234427194948784
2023-06-25 08:00:00, 467.6322193906956, 0.1084736058181859, 0.04237722840853913
2023-06-25 09:00:00, 468.920731330366, 0.11214930941004651, 0.041997835076948854
2023-06-25 10:00:00, 470.4798254833366, 0.10976463851265662, 0.042808201561004525
2023-06-25 11:00:00, 471.39190164106725, 0.10887047615413284, 0.04247964480771144
2023-06-26 00:00:00, 485.0604439739951, 0.11111167707080749, 0.04264157126963919
2023-06-26 01:00:00, 486.02760636407766, 0.11124759211510486, 0.0425998451529433
2023-06-26 02:00:00, 487.0409856412875, 0.11149051388503613, 0.042566568011662545
2023-06-26 03:00:00, 487.97580564439045, 0.11143746620999326, 0.042566928313386265
2023-06-26 04:00:00, 489.2518679131937, 0.11279114974146193, 0.04270740154560231
2023-06-26 05:00:00, 490.42985757170277, 0.11226344363264881, 0.04286773810962331
2023-06-26 06:00:00, 491.6535452009729, 0.11069500275415796, 0.041105454316778714
2023-06-26 07:00:00, 495.15682353265305, 0.11026964086774053, 0.04090938792664582
2023-06-26 08:00:00, 498.30169114809644, 0.11422983808619235, 0.04355740820429702
2023-06-26 09:00:00, 499.31625897694187, 0.11302007760759736, 0.04289190177196785
2023-06-26 10:00:00, 500.3869851257148, 0.1144329606125713, 0.042962961519351535
2023-06-26 11:00:00, 501.3706571146493, 0.11321981649095497, 0.04278875488377088
2023-06-27 00:00:00, 509.5078349345241, 0.11314381339107349, 0.04236957933320723
2023-06-27 01:00:00, 505.04461990768465, 0.11080279524324348, 0.040921624528585776
2023-06-27 02:00:00, 506.03344274009015, 0.110751485286129, 0.040892635604006265
2023-06-27 03:00:00, 504.37972869312443, 0.11064865316102271, 0.04084831525577639
2023-06-27 04:00:00, 503.00268844246256, 0.10985706868954262, 0.04033996607203408
2023-06-27 05:00:00, 503.31685897532145, 0.11188577761510685, 0.041191026186656335
2023-06-27 06:00:00, 504.5114207818467, 0.11254340046781917, 0.04194568057219983
2023-06-27 07:00:00, 505.95573122331825, 0.11517318441360827, 0.043462719531194044
2023-06-27 08:00:00, 507.13691225119993, 0.11547278201333987, 0.04348690558925965
2023-06-27 09:00:00, 508.2478547012397, 0.11511569878924045, 0.04314978892435242
2023-06-27 10:00:00, 509.23749192979295, 0.11511545944806462, 0.04309451947343458
2023-06-27 11:00:00, 510.2784411613091, 0.11518033553663021, 0.04304979211273111
2023-06-28 00:00:00, 520.9166286527258, 0.11665435661564168, 0.04297444815441231
2023-06-28 01:00:00, 521.4556526604741, 0.1159001521981813, 0.04202482361132784
2023-06-28 02:00:00, 521.7953520116024, 0.11513582785459126, 0.0418248109627272
2023-06-28 03:00:00, 522.1525771695548, 0.11485780773438399, 0.041755881879895276
2023-06-28 04:00:00, 522.6186998479442, 0.11511725017153362, 0.04212332166555978
2023-06-28 05:00:00, 523.3744836126041, 0.11527015331295117, 0.04239417873471073
2023-06-28 06:00:00, 523.5781162436642, 0.11529702944383607, 0.042113057329226204
2023-06-28 07:00:00, 524.7786387249823, 0.11213430708925892, 0.039831263607359176
2023-06-28 08:00:00, 524.4043640426607, 0.11402253889504811, 0.041247412775012295
2023-06-28 09:00:00, 525.0885047720574, 0.11400228799255076, 0.04161691931959711
2023-06-28 10:00:00, 525.317375593692, 0.1138993976065369, 0.04136727273176919
2023-06-28 11:00:00, 525.4954809006655, 0.11388795249125853, 0.041174056840923935
2023-06-29 00:00:00, 535.3831332471347, 0.10601683126703021, 0.04114314365189766
2023-06-29 01:00:00, 535.9579196297466, 0.11706912830163799, 0.04265163483044783
2023-06-29 02:00:00, 541.3460202015647, 0.12610893555504982, 0.05148677928953898
2023-06-29 03:00:00, 542.8228626985201, 0.1194337835003145, 0.043838555702548666
2023-06-29 04:00:00, 540.6082144796059, 0.1151371996283481, 0.040860532783735914
2023-06-29 05:00:00, 539.3301436621973, 0.12726974181882883, 0.044359422068129345
2023-06-29 06:00:00, 539.7083216972209, 0.12405059811142073, 0.04344259786107954
2023-06-29 07:00:00, 539.967288885886, 0.12362168256185506, 0.043216061195299624
2023-06-29 08:00:00, 540.3584116581335, 0.123842951556722, 0.043296365380389674
2023-06-29 09:00:00, 540.9625997827926, 0.1255063352240058, 0.04386797968128224
2023-06-29 10:00:00, 543.3315237644442, 0.12989468398081078, 0.046264117516560316
2023-06-29 11:00:00, 545.1116098857867, 0.1271391880374074, 0.045359794769076894
2023-06-30 00:00:00, 558.9231866432443, 0.1262431457483554, 0.04558705696534019
2023-06-30 01:00:00, 559.9212488000281, 0.1221134441904043, 0.042885144605760574
2023-06-30 02:00:00, 560.4496678077563, 0.12346621950666856, 0.04453900983097732
2023-06-30 03:00:00, 560.614416642894, 0.12227987367078538, 0.042953373318664785
2023-06-30 04:00:00, 560.9584674277498, 0.12243730998359474, 0.04301169083961399
2023-06-30 05:00:00, 562.6947646511957, 0.12573045250614698, 0.04903976741349968
2023-06-30 06:00:00, 566.7068250142735, 0.13304963913301518, 0.04836095559933716
2023-06-30 07:00:00, 568.5463848847256, 0.12853223047670007, 0.0459999276730055
2023-06-30 08:00:00, 569.867284442421, 0.12778951127740562, 0.045593841080229985
2023-06-30 09:00:00, 566.1957921081562, 0.12535353620309087, 0.04399159420229928
2023-06-30 10:00:00, 565.506403038561, 0.1237823201653994, 0.04361778043139273
2023-06-30 11:00:00, 567.6703565617545, 0.1253054857112659, 0.043841205939564025
2023-07-01 00:00:00, 589.3021356423839, 0.13157921754029855, 0.0456032782496122
2023-07-01 01:00:00, 586.1492258857209, 0.13257203460209208, 0.049954389217887404
2023-07-01 02:00:00, 589.0616515021846, 0.1328571383916887, 0.04720831764957154
2023-07-01 03:00:00, 590.857182108914, 0.13133027269084668, 0.046101142676782496
2023-07-01 04:00:00, 592.4649199985987, 0.13084277948225084, 0.04573559940252023
2023-07-01 05:00:00, 593.9349135924808, 0.1306390340980405, 0.04555911318709688
2023-07-01 06:00:00, 595.3375644990966, 0.13064913621597984, 0.04544661158751534
2023-07-01 07:00:00, 596.6984138602365, 0.1305695118291367, 0.04533820885796512
2023-07-01 08:00:00, 597.6062148101437, 0.128625999682421, 0.044044689819906495
2023-07-01 09:00:00, 599.5364195343597, 0.12960672601346185, 0.044155626103108477
2023-07-01 10:00:00, 600.3218612524961, 0.1293491817567641, 0.044352640968700535
2023-07-01 11:00:00, 600.743255058581, 0.12811268044842297, 0.043557579404197584
2023-07-02 00:00:00, 620.4576456766212, 0.13552635385150716, 0.04663410654049834
2023-07-02 01:00:00, 621.964393370669, 0.1354059580072754, 0.04646666053631786
2023-07-02 02:00:00, 623.4519532403446, 0.1357012825520622, 0.04649473074875339
2023-07-02 03:00:00, 624.8999938680402, 0.13567408823848495, 0.04638676032250944
2023-07-02 04:00:00, 626.1278837720947, 0.13401705428120522, 0.046317828092775806
2023-07-02 05:00:00, 627.4526883215813, 0.13503089446584252, 0.04572617726686838
2023-07-02 06:00:00, 627.0500910496224, 0.12930845247775122, 0.04305535504848581
2023-07-02 07:00:00, 630.6405815933583, 0.13996140759927278, 0.04807856273951481
2023-07-02 08:00:00, 633.4703087698753, 0.12888579049144194, 0.04167922861338326
2023-07-02 09:00:00, 633.024626768564, 0.13114986931606046, 0.044059838840925306
2023-07-02 10:00:00, 635.6051994654896, 0.1406753051015552, 0.05032659996824959
2023-07-02 11:00:00, 638.7735148316642, 0.14168014862568987, 0.04917807302596528
2023-07-03 00:00:00, 662.2560074871502, 0.14318026037812412, 0.04819480898638073
2023-07-03 01:00:00, 663.9092375718811, 0.14225837015000642, 0.04752433394575234
2023-07-03 02:00:00, 664.3576597068015, 0.14202353088841332, 0.0472497505386914
2023-07-03 03:00:00, 663.3204469675355, 0.14179521097152226, 0.04700045436256317
2023-07-03 04:00:00, 667.1491805163582, 0.1418276638211999, 0.04693571878824006
2023-07-03 05:00:00, 669.9985719608469, 0.14188026375092552, 0.046865606516805124
2023-07-03 06:00:00, 668.8199796094359, 0.14140175945385322, 0.04643117199600999
2023-07-03 07:00:00, 665.9161774895374, 0.14463445876517353, 0.04713236807035518
2023-07-03 08:00:00, 669.0873505447702, 0.14912509346346936, 0.050825858467156135
2023-07-03 09:00:00, 669.3854837337337, 0.1375689106779996, 0.043728897214054804
2023-07-03 10:00:00, 669.1191620925399, 0.14229591300682856, 0.04678301178365588
2023-07-03 11:00:00, 674.3276274284167, 0.14191366845974918, 0.046245566758601184
2023-07-04 00:00:00, 678.4290841503636, 0.13617974541841635, 0.042538805013325263
2023-07-04 01:00:00, 678.0272405146915, 0.13609839986025146, 0.04254105796090761
2023-07-04 02:00:00, 677.6197618725884, 0.13598526672910113, 0.042510794807955665
2023-07-04 03:00:00, 677.2066521027581, 0.1358611729942199, 0.04254072033408166
2023-07-04 04:00:00, 676.8102575459563, 0.13571820356411765, 0.04249940077752715
2023-07-04 05:00:00, 676.3903944517014, 0.13555486894351584, 0.04250395394109164
2023-07-04 06:00:00, 675.9524223133092, 0.13538955812546863, 0.04250094059855451
2023-07-04 07:00:00, 675.5377414180542, 0.13527882440735248, 0.042454730178131124
2023-07-04 08:00:00, 675.1156204174987, 0.1351490358127112, 0.04246568878364769
2023-07-04 09:00:00, 677.0221532813837, 0.14402104133254995, 0.047146532215132514
2023-07-04 10:00:00, 683.781308524641, 0.14230813142290538, 0.05001145425265057
2023-07-04 11:00:00, 684.3855887372441, 0.1413457232308132, 0.04580243907291238
2023-07-05 00:00:00, 694.9590156099075, 0.1438905829978588, 0.04692213180612819
2023-07-05 01:00:00, 695.5426374571747, 0.14171227615086104, 0.045497905023766994
2023-07-05 02:00:00, 696.1932799573592, 0.13936269076024868, 0.04401909968823149
2023-07-05 03:00:00, 695.9514831165972, 0.13874601960341668, 0.04419383300222415
2023-07-05 04:00:00, 702.7533101298493, 0.1470152163240614, 0.0516973123833544
2023-07-05 05:00:00, 702.7822176366525, 0.13950069941318816, 0.045739746349113104
2023-07-05 06:00:00, 702.3969265406762, 0.13861332025466697, 0.04515728450978019
2023-07-05 07:00:00, 701.6290920571918, 0.13590547259665833, 0.04320243741396413
2023-07-05 08:00:00, 701.626367284708, 0.13866964471706417, 0.04374899133033265
2023-07-05 09:00:00, 702.3619639255489, 0.14259304004699358, 0.04593235834009281
2023-07-05 10:00:00, 702.5642621203249, 0.14110128003020997, 0.04498576627352838
2023-07-05 11:00:00, 702.7440793457753, 0.14091184456063377, 0.044842588263958184
2023-07-06 00:00:00, 703.5254498766326, 0.13775749222555075, 0.042831632845944434
2023-07-06 01:00:00, 703.1356778444784, 0.13763931282488792, 0.0428039760370911
2023-07-06 02:00:00, 697.3274080411463, 0.13349602026438123, 0.04217778329119659
2023-07-06 03:00:00, 696.8968220317747, 0.13745865839611307, 0.04278612921302888
2023-07-06 04:00:00, 696.9478262125606, 0.13732841303674154, 0.04278576320484393
2023-07-06 05:00:00, 696.6259084762524, 0.13724618509697273, 0.04276149840495336
2023-07-06 06:00:00, 696.4459809827993, 0.1371332823447524, 0.0427675567045206
2023-07-06 07:00:00, 696.13835202761, 0.13706006923547367, 0.04275166942018258
2023-07-06 08:00:00, 695.8850361271311, 0.13691227826200872, 0.04272476671821687
2023-07-06 09:00:00, 695.6056967086973, 0.13681121505739052, 0.042695989740748445
2023-07-06 10:00:00, 695.2528399658911, 0.13669829187149823, 0.04269067609462162
2023-07-06 11:00:00, 695.7225937110536, 0.13670661779899762, 0.04268728724527913
2023-07-07 00:00:00, 691.3015924193573, 0.13535513998131302, 0.042496030757380725
2023-07-07 01:00:00, 691.0388307373265, 0.1352527355410481, 0.04249675332040919
2023-07-07 02:00:00, 689.5659116009388, 0.13515517846433084, 0.0424717817358319
2023-07-07 03:00:00, 622.3981274807259, 0.1350720699226874, 0.04246760402676449
2023-07-07 04:00:00, 631.9244337475843, 0.13495060367572204, 0.042448684425346786
2023-07-07 05:00:00, 689.7701626982325, 0.13487344226763628, 0.042446784908192925
2023-07-07 06:00:00, 689.4178949134413, 0.13476073869663918, 0.042455092992924624
2023-07-07 07:00:00, 689.0481867056194, 0.13464649305159232, 0.04243313793307371
2023-07-07 08:00:00, 687.9369089606387, 0.13456450272889212, 0.0424092612276659
2023-07-07 09:00:00, 571.6807971179026, 0.13446341356521072, 0.04240549059598137
2023-07-07 10:00:00, 440.64497499861244, 0.13435949803951633, 0.04239258825741111
2023-07-07 11:00:00, 528.68639543567, 0.13430994757835885, 0.04238124156036221
2023-07-08 00:00:00, 694.5721464107493, 0.13801089377522083, 0.044363643388787566
2023-07-08 01:00:00, 694.9626521905858, 0.13780585481795243, 0.043932976991831074
2023-07-08 02:00:00, 695.3280926287534, 0.13775015401293955, 0.043843181467062946
2023-07-08 03:00:00, 695.2573822210112, 0.13580905117290815, 0.04394335185445513
2023-07-08 04:00:00, 697.3652643436316, 0.14425539328713088, 0.0475957688376158
2023-07-08 05:00:00, 698.3524935793611, 0.1438239555302879, 0.04747744396843213
2023-07-08 06:00:00, 699.1387283098456, 0.13910443569456205, 0.04542768261376811
2023-07-08 07:00:00, 699.8787763195737, 0.1390048750116659, 0.04530402304653784
2023-07-08 08:00:00, 706.9633154463668, 0.1572635840065161, 0.06496229113308932
2023-07-08 09:00:00, 710.4653366231224, 0.14278416545704434, 0.04669720113815094
2023-07-08 10:00:00, 712.299339140921, 0.1508484511224205, 0.05131985671348305
2023-07-08 11:00:00, 715.284340957369, 0.14744525323269697, 0.049142616260742705
2023-07-09 00:00:00, 727.093132137615, 0.14701063445694584, 0.047714956642990025
2023-07-09 01:00:00, 726.3404708828473, 0.13966393617626932, 0.042942641910083734
2023-07-09 02:00:00, 725.5479205455398, 0.13930919851839182, 0.042875227457514
2023-07-09 03:00:00, 724.9002438329069, 0.13917411088639642, 0.042858188428247075
2023-07-09 04:00:00, 724.4067796396369, 0.13913860095270497, 0.04289190669619389
2023-07-09 05:00:00, 723.8691808072093, 0.1388480045389021, 0.04282143780079797
2023-07-09 06:00:00, 723.4090566328101, 0.13873235804918205, 0.042810078447012984
2023-07-09 07:00:00, 722.9135964912281, 0.13868538649923665, 0.04280364780875928
2023-07-09 08:00:00, 722.455611436558, 0.1385792609776351, 0.04280361624511701
2023-07-09 09:00:00, 721.9832223281817, 0.13848542376140763, 0.0427967753923821
2023-07-09 10:00:00, 721.4800981638739, 0.13837625184854294, 0.04277181640252326
2023-07-09 11:00:00, 721.0617032226813, 0.1382916287477995, 0.04275891409767715
2023-07-10 00:00:00, 723.8279818758862, 0.14302359825127584, 0.04568203638717871
2023-07-10 01:00:00, 724.5198921231754, 0.14304462980392155, 0.04561313254878378
2023-07-10 02:00:00, 724.4124399148525, 0.14306700979178735, 0.045608964308585714
2023-07-10 03:00:00, 704.5247358292911, 0.1431647974532472, 0.04561727555993172
2023-07-10 04:00:00, 718.2803007482756, 0.14365970129315292, 0.045876766892429095
2023-07-10 05:00:00, 719.2490071346039, 0.14372548547562564, 0.045863851944929
2023-07-10 06:00:00, 720.1048591243712, 0.1436605563460852, 0.04576422747354576
2023-07-10 07:00:00, 721.4268767439162, 0.14743298580451436, 0.04817722131062412
2023-07-10 08:00:00, 724.733441437214, 0.15165204764369322, 0.05038051231041697
2023-07-10 09:00:00, 726.8889614569135, 0.14969189436260213, 0.04896121707569869
2023-07-10 10:00:00, 728.7392937037962, 0.1455626228426831, 0.046222229626687525
2023-07-10 11:00:00, 728.9967352805945, 0.1453646167930819, 0.04602030799356828
2023-07-11 00:00:00, 729.3861619565107, 0.14179856861811815, 0.04319303600353039
2023-07-11 01:00:00, 728.9471875122961, 0.14165337677898696, 0.04314109614345729
2023-08-02 00:00:00, 1230.1055806461325, 0.22174250948689656, 0.05345344446719806
2023-08-02 01:00:00, 1233.2629511063278, 0.22248778311232226, 0.05347076812403429
2023-08-02 02:00:00, 1232.3450209264863, 0.22230992978004488, 0.05348575676803242
2023-08-02 03:00:00, 1231.7271346772454, 0.22215492198948747, 0.05342288601019309
2023-08-02 04:00:00, 1231.1705464723564, 0.22194838294363803, 0.05343122565139673
2023-08-02 05:00:00, 1230.585676397232, 0.22180407777194344, 0.05340053651136985
2023-08-02 06:00:00, 1230.0005372135154, 0.22165842503498454, 0.05341610512087902
2023-08-02 07:00:00, 1229.4086261535913, 0.22154589620988954, 0.05337176902675028
2023-08-02 08:00:00, 1228.8007688100006, 0.2213417083588074, 0.053353609882446064
2023-08-02 09:00:00, 1230.0179024288104, 0.22145775761909317, 0.05340326708239953
2023-08-02 10:00:00, 1231.2375570810627, 0.219906002102631, 0.053282959359550505
2023-08-02 11:00:00, 1230.6446973574605, 0.22206251560535484, 0.05345492061324381
2023-08-03 00:00:00, 1204.0587215764558, 0.21300754873446873, 0.05290821760578959
2023-08-03 01:00:00, 1204.1477473917166, 0.21313547876065292, 0.0528215542780528
2023-08-03 02:00:00, 1207.9432922904953, 0.21399708119307026, 0.05284992694128575
2023-08-03 03:00:00, 1211.110655466233, 0.21448879888901562, 0.05281410548152601
2023-08-03 04:00:00, 1209.7149040911052, 0.21402690278612038, 0.052804710020598535
2023-08-03 05:00:00, 1209.2876346797545, 0.21401534788507914, 0.052827098296733536
2023-08-03 06:00:00, 1209.78112488646, 0.2140455953695976, 0.05279606208629566
2023-08-03 07:00:00, 1210.0823419598632, 0.2141957797954213, 0.05280701435848959
2023-08-03 08:00:00, 1210.222590568528, 0.21427975810057165, 0.05280742455029604
2023-08-03 09:00:00, 1210.2539346310766, 0.2143931123559887, 0.05278242138097686
2023-08-03 10:00:00, 1210.2658554516759, 0.214326233779401, 0.052775956050633996
2023-08-03 11:00:00, 1210.370098961705, 0.21437884645052876, 0.052784702725469625
2023-08-04 00:00:00, 1203.1981243946625, 0.21401115307229246, 0.05265868983287789
2023-08-04 01:00:00, 1198.1926493834967, 0.21385980958586884, 0.05265868719050162
2023-08-04 02:00:00, 1202.9944219771564, 0.21359041021236452, 0.052705774255551584
2023-08-04 03:00:00, 1205.2817445262435, 0.21358339228246476, 0.05266674208694485
2023-08-04 04:00:00, 1205.0634460202039, 0.21350972611820707, 0.052641920049198467
2023-08-04 05:00:00, 1204.795376977854, 0.2134209425664642, 0.05261910886018406
2023-08-04 06:00:00, 1204.5776260983896, 0.2134182989614881, 0.05260466987557007
2023-08-04 07:00:00, 1204.380197747768, 0.21358645828711, 0.052660321179275695
2023-08-04 08:00:00, 1204.1423533013165, 0.2134343023528796, 0.052630029598286956
2023-08-04 09:00:00, 1203.8528826611264, 0.21346675686949737, 0.052636870436892746
2023-08-04 10:00:00, 1203.5119147985888, 0.21346937875770947, 0.05261902684308462
2023-08-04 11:00:00, 1203.1443479668187, 0.21338912228473975, 0.05260040700549894
2023-08-05 00:00:00, 1201.2325234983866, 0.21297997006937383, 0.052423150945893525
2023-08-05 01:00:00, 1202.6691920218398, 0.21321171772596373, 0.05241672030340814
2023-08-05 02:00:00, 1202.3924535426986, 0.21346275015122715, 0.05237427742422525
2023-08-05 03:00:00, 1202.1843699973404, 0.2135918627778885, 0.05235196896347357
2023-08-05 04:00:00, 1201.8168443159748, 0.2130549211154074, 0.05236289600686422
2023-08-05 05:00:00, 1201.595165454737, 0.2129514423504198, 0.052355730171367916
2023-08-05 06:00:00, 1201.2084037155803, 0.21275673168867573, 0.05234471789783258
2023-08-05 07:00:00, 1200.8292289568374, 0.2128861253299889, 0.05238599643465279
2023-08-05 08:00:00, 1200.3469764489207, 0.21278721969378667, 0.05231628171108906
2023-08-05 09:00:00, 1199.8997351569988, 0.21259624152618206, 0.0523072163556648
2023-08-05 10:00:00, 1199.4868210810512, 0.21270215212458204, 0.052318591458087496
2023-08-05 11:00:00, 1199.029635568001, 0.2124892567394261, 0.052309904709798294
2023-08-06 00:00:00, 1219.3389508654132, 0.21100421116500792, 0.05213004539926538
2023-08-06 01:00:00, 1219.1129789380186, 0.4392042039816646, 0.18022481119459058
2023-08-06 02:00:00, 1218.8066590889703, 0.20771808363385116, 0.05208125078997059
2023-08-06 03:00:00, 1218.6730106037567, 0.209422982636287, 0.05212216330013928
2023-08-06 04:00:00, 1218.4625309255327, 0.20937188264081363, 0.05207142179526711
2023-08-06 05:00:00, 1218.1102721697805, 0.20936136773395322, 0.052063842567414316
2023-08-06 06:00:00, 1217.7943251333625, 0.20933878299289652, 0.05206117949570892
2023-08-06 07:00:00, 1217.4231000557036, 0.20927366569194064, 0.0520732487431265
2023-08-06 08:00:00, 1217.0694913659427, 0.20933505215839388, 0.052041874900255705
2023-08-06 09:00:00, 1230.1197328116828, 0.20845675844082728, 0.05203641203964167
2023-08-06 10:00:00, 1244.1788253566788, 0.20798334025778625, 0.05203939159561212
2023-08-06 11:00:00, 1244.2176226608253, 0.20792370388963743, 0.051993124405359165
2023-08-07 00:00:00, 1243.519572286708, 0.2088821797429326, 0.05253555471429967
2023-08-07 01:00:00, 1243.1721036638917, 0.20952769818232564, 0.05271547399523569
2023-08-07 02:00:00, 1242.873006087249, 0.209902798763253, 0.052541619320330114
2023-08-07 03:00:00, 1242.52897502873, 0.20898259475021067, 0.05254465168539237
2023-08-07 04:00:00, 1242.2068403765766, 0.24894432947631343, 0.07104198525099159
2023-08-07 05:00:00, 1241.8307805027375, 0.20907182781063066, 0.05254803103764256
2023-08-07 06:00:00, 1241.475177649308, 0.21000608563414172, 0.05267569104643995
2023-08-07 07:00:00, 1241.033540465401, 0.20934771566228333, 0.05286545506793129
2023-08-07 08:00:00, 1240.6528724989837, 0.20916360761652558, 0.05308743223133466
2023-08-07 09:00:00, 1240.2741940542683, 0.2096998406399205, 0.052845759246692055
2023-08-07 10:00:00, 1239.92613941456, 0.21042505461668978, 0.052587441676021814
2023-08-07 11:00:00, 1239.5721238627182, 0.23437517017564088, 0.06466555284752559
2023-08-08 00:00:00, 1234.3486663756028, 0.20725516569480432, 0.051718064525605345
2023-08-08 01:00:00, 1233.9179075771947, 0.20692039233471277, 0.051686662270272694
2023-08-08 02:00:00, 1233.410279571835, 0.2067059492039888, 0.051662798208882414
2023-08-08 03:00:00, 1233.0087074507326, 0.20662348725160049, 0.05164272375930268
2023-08-08 04:00:00, 1232.6212211884438, 0.20653820828815972, 0.051621888852656485
2023-08-08 05:00:00, 1232.1929498567265, 0.20657352226429182, 0.05160485933182513
2023-08-08 06:00:00, 1231.802074708058, 0.20653601951956632, 0.051615076391236796
2023-08-08 07:00:00, 1231.3933583497685, 0.20634571410433658, 0.05157833528497706
2023-08-08 08:00:00, 1230.9885679659153, 0.20655946870626646, 0.051583295555557955
2023-08-08 09:00:00, 1230.5797580155468, 0.20696112970563393, 0.05158895308707367
2023-08-08 10:00:00, 1230.1258852355359, 0.206155822058779, 0.051553726557463084
2023-08-08 11:00:00, 1229.6641904912456, 0.20608960301783757, 0.051553736008018644
2023-08-09 00:00:00, 1224.241009891152, 0.20528735144387544, 0.05144200438101544
2023-08-09 01:00:00, 1223.7575464573015, 0.205229474858336, 0.05145334793117439
2023-08-09 02:00:00, 1223.4073639151097, 0.2051573341748702, 0.05142648941283018
2023-08-09 03:00:00, 1223.0511806904235, 0.20511304401232214, 0.05142909893078397
2023-08-09 04:00:00, 1222.6309883875567, 0.20506065596929082, 0.0514416320860211
2023-08-09 05:00:00, 1222.183247645143, 0.205265868590667, 0.051443894455994815
2023-08-09 06:00:00, 1221.836634524186, 0.20546605666495762, 0.05146813085608332
2023-08-09 07:00:00, 1221.4739006067175, 0.2049144176190998, 0.05142724988543633
2023-08-09 08:00:00, 1220.9048045606692, 0.20484336953288101, 0.05141359344703124
2023-08-09 09:00:00, 1220.596045421014, 0.20477958582590786, 0.05139619157758073
2023-08-09 10:00:00, 1220.2670919711545, 0.20474491683982826, 0.05141553084542227
2023-08-09 11:00:00, 1219.866597915381, 0.2047131328556235, 0.05142499694630559
2023-08-10 00:00:00, 1213.5442298025496, 0.20417881064906637, 0.051367070683644066
2023-08-10 01:00:00, 1213.2785432210594, 0.20415074841292843, 0.05136064323176426
2023-08-10 02:00:00, 1210.891364370575, 0.2041046986817717, 0.05136066529251919
2023-08-10 03:00:00, 1210.7814420643188, 0.20407708224539006, 0.051353467889254704
2023-08-10 04:00:00, 1210.522833859175, 0.20400493791346483, 0.05137238118845264
2023-08-10 05:00:00, 1210.264731493642, 0.20397689221498994, 0.0513519659665088
2023-08-10 06:00:00, 1210.033073934856, 0.20394289921317799, 0.051359908023237186
2023-08-10 07:00:00, 1209.709566545396, 0.2039231484357562, 0.051378098735391856
2023-08-10 08:00:00, 1209.4011443976472, 0.20389443936943627, 0.05134815112589496
2023-08-10 09:00:00, 1209.0341651193332, 0.20385214034604063, 0.05134664283881757
2023-08-10 10:00:00, 1208.6785525766245, 0.2038019138173185, 0.05132467200355181
2023-08-10 11:00:00, 1208.3209476221389, 0.20374688731980467, 0.051318676777468
2023-08-11 00:00:00, 1203.3742808045126, 0.20281371910186682, 0.05122582998505717
2023-08-11 01:00:00, 1203.021068138017, 0.2027266749546222, 0.05122890647871731
2023-08-11 02:00:00, 1202.6141843918099, 0.20265235084575997, 0.05119025947551487
2023-08-11 03:00:00, 1202.1276814153948, 0.20256356373945225, 0.051212971852606835
2023-08-11 04:00:00, 1201.6418669394, 0.2024642290487049, 0.05117961011413698
2023-08-11 05:00:00, 1201.2423180562475, 0.2023896749872805, 0.05115807786051178
2023-08-11 06:00:00, 1200.9051846987606, 0.20241444124743888, 0.05116641118393246
2023-08-11 07:00:00, 1200.4990289540026, 0.2023015220816638, 0.051161848526014506
2023-08-11 08:00:00, 1200.02715569947, 0.20215418749066688, 0.051147075053106957
2023-08-11 09:00:00, 1199.6328205747525, 0.20204127577616665, 0.05114367357942426
2023-08-11 10:00:00, 1199.03568417934, 0.20190732857062138, 0.051119825297703994
2023-08-11 11:00:00, 1194.4507258811536, 0.20187222849864078, 0.05111720003394539
2023-08-12 00:00:00, 1183.5837887273624, 0.20094413327523922, 0.05100317436343176
2023-08-12 01:00:00, 1183.655074875836, 0.20090269691206752, 0.051028145966405106
2023-08-12 02:00:00, 1183.6890847586412, 0.2008581742388797, 0.051014183481566756
2023-08-12 03:00:00, 1183.6648970457256, 0.20080665570698683, 0.0510274454908852
2023-08-12 04:00:00, 1183.5800261914467, 0.20073539956788566, 0.051004720489500034
2023-08-12 05:00:00, 1183.481519430984, 0.2006731342040966, 0.05101492498108792
2023-08-12 06:00:00, 1183.3880851561676, 0.20063497918718332, 0.05099674685796242
2023-08-12 07:00:00, 1183.2729108484418, 0.20059507057458154, 0.051003584582050634
2023-08-12 08:00:00, 1183.1004069612388, 0.2005709567083574, 0.051000571191483914
2023-08-12 09:00:00, 1182.9002268164184, 0.200506944839149, 0.05099337378256545
2023-08-12 10:00:00, 1182.659508803446, 0.20045125726236068, 0.05099295726732204
2023-08-12 11:00:00, 1182.4249123177794, 0.2003766848704892, 0.05096268148999461
2023-08-13 00:00:00, 1179.3824518565484, 0.19978777357890112, 0.05089305504192868
2023-08-13 01:00:00, 1179.1148398069734, 0.1997377772771624, 0.05089493251095216
2023-08-13 02:00:00, 1178.791427647701, 0.19967989708318531, 0.05088735329158624
2023-08-13 03:00:00, 1178.572947330284, 0.1996529256776607, 0.050876356816069966
2023-08-13 04:00:00, 1178.3841800894686, 0.19960163021554783, 0.05085785057589413
2023-08-13 05:00:00, 1178.1437358161113, 0.1995417659334552, 0.05085746877814173
2023-08-13 06:00:00, 1177.7816001942342, 0.19950755354949362, 0.0508301432361321
2023-08-13 07:00:00, 1177.4995366806052, 0.19945362902233552, 0.05085140730488388
2023-08-13 08:00:00, 1177.1807477771238, 0.19937293405144935, 0.050821090458452546
2023-08-13 09:00:00, 1176.8624550266948, 0.19931855831598275, 0.05083434303410687
2023-08-13 10:00:00, 1176.5411269870024, 0.1992828186658098, 0.05080522524052343
2023-08-13 11:00:00, 1176.2486431270725, 0.19927446864065357, 0.05080903698923567
2023-08-14 00:00:00, 1172.262300419164, 0.1986704144705606, 0.05073254441596294
2023-08-14 01:00:00, 1171.9650696425786, 0.198656625350217, 0.050720042796039325
2023-08-14 02:00:00, 1171.6676080239924, 0.19857548787924573, 0.05071437577587118
2023-08-14 03:00:00, 1171.268114869999, 0.19852067174439372, 0.05069389425318725
2023-08-14 04:00:00, 1170.9417110738746, 0.19843846356527797, 0.050687094432963965
2023-08-14 05:00:00, 1170.4154918255513, 0.19833255480948503, 0.05066626581023552
2023-08-14 06:00:00, 1168.8870515878407, 0.19799316094136396, 0.05065527250702282
2023-08-14 07:00:00, 1167.555899491267, 0.19769321019077696, 0.0506390002427549
2023-08-14 08:00:00, 1167.2217092120425, 0.19763598939686902, 0.05062726540192416
2023-08-14 09:00:00, 1166.910660371662, 0.1975890753646576, 0.05060569212151188
2023-08-14 10:00:00, 1166.6498847676987, 0.19753116962085335, 0.050625015606874026
2023-08-14 11:00:00, 1166.2622479607908, 0.19747548368085957, 0.05060984455796635
2023-08-15 00:00:00, 1159.4934011895598, 0.1964265650564477, 0.05050536388374755
2023-08-15 01:00:00, 1159.103050636797, 0.19636561181985682, 0.05051519916799927
2023-08-15 02:00:00, 1158.7865665051402, 0.19632769255203752, 0.05049137926902506
2023-08-15 03:00:00, 1158.5408663305304, 0.19628077152021176, 0.05048151875314895
2023-08-15 04:00:00, 1158.2038670752634, 0.19626716337637937, 0.05048041121295294
2023-08-15 05:00:00, 1157.9057692888305, 0.19622989245786038, 0.050461078241747705
2023-08-15 06:00:00, 1157.588240770094, 0.1961785968307871, 0.05048341827023227
2023-08-15 07:00:00, 1157.2660060937255, 0.1961461534686204, 0.05046448920126175
2023-08-15 08:00:00, 1156.9698153012394, 0.19611610541118674, 0.05045804909266936
2023-08-15 09:00:00, 1156.6728088250834, 0.19608802852404403, 0.050460671184124416
2023-08-15 10:00:00, 1156.3393406347338, 0.19607727971557684, 0.050468666911692696
2023-08-15 11:00:00, 1155.9723567018402, 0.1960058098430632, 0.050425148017765146
2023-08-16 00:00:00, 1152.4569101640927, 0.19542652965881796, 0.05037557083841121
2023-08-16 01:00:00, 1152.2512074231743, 0.19534344481542376, 0.050398248498000425
2023-08-16 02:00:00, 1151.9187335517213, 0.1953127406870503, 0.05039712834622978
2023-08-16 03:00:00, 1151.5844062768897, 0.19527964656205368, 0.05040432257013788
2023-08-16 04:00:00, 1151.3068285202462, 0.1952783146636117, 0.05037100503641266
2023-08-16 05:00:00, 1150.930292508894, 0.19522413986538406, 0.050393733155089535
2023-08-16 06:00:00, 1150.6179305737965, 0.1954199923429662, 0.050521383706266805
2023-08-16 07:00:00, 1150.3146708583045, 0.19513777724580816, 0.050375189058996094
2023-08-16 08:00:00, 1151.3687069846592, 0.19511233311055837, 0.050362327757098604
2023-08-16 09:00:00, 1152.4922441244896, 0.1950855700853867, 0.050330871863321934
2023-08-16 10:00:00, 1150.717423267689, 0.19503931903960892, 0.05034523198341571
2023-08-16 11:00:00, 1150.2286514387781, 0.19499962373648846, 0.050378978655302234
2023-08-17 00:00:00, 1148.4083619180606, 0.19443459392703652, 0.05028885494857448
2023-08-17 01:00:00, 1148.0777620941221, 0.19437694590400434, 0.050260077928742215
2023-08-17 02:00:00, 1097.4319379939088, 0.1943179583482715, 0.05027182223146003
2023-08-17 03:00:00, 1147.2870776796285, 0.1942855130128213, 0.050307783985102106
2023-08-17 04:00:00, 1147.6660809519406, 0.19422719409792222, 0.05027144358762687
2023-08-24 04:00:00, 1054.6968572692047, 0.19057966095954806, 0.050207370765451745
2023-08-25 00:00:00, 1050.621477019996, 0.1904888747940004, 0.050279761266803065
2023-08-25 01:00:00, 1051.3901382724994, 0.19047024399393342, 0.050274829412845175
2023-08-25 02:00:00, 1052.0708228924514, 0.1904702623006941, 0.050288088265399725
2023-08-25 03:00:00, 1052.6391057573287, 0.1904884382089061, 0.05027861903735078
2023-08-25 04:00:00, 1053.1419024041704, 0.19048274672802354, 0.05025064667516847
2023-08-25 05:00:00, 1053.5508659642344, 0.19048626935605684, 0.05026124555634733
2023-08-25 06:00:00, 1051.6707932272652, 0.19044371836609184, 0.05029379319936548
2023-08-25 07:00:00, 1049.5126515254442, 0.19048034594606833, 0.05026198707697987
2023-08-25 08:00:00, 1050.4212468990434, 0.1835430551364624, 0.05026881529831001
2023-08-25 09:00:00, 1051.1913087672156, 0.1824491923540378, 0.0502763850388974
2023-08-25 10:00:00, 1051.8556584595103, 0.18238408013086252, 0.050274870455218966
2023-08-25 11:00:00, 1052.4696905081796, 0.18237158286944796, 0.05025366006573519
2023-08-26 00:00:00, 1055.4642787414016, 0.17384034133321793, 0.0501726080971122
2023-08-26 01:00:00, 1055.5067636077272, 0.1737765195393034, 0.05016769518521872
2023-08-26 02:00:00, 1055.527099844512, 0.1737260882667764, 0.05016354275016305
2023-08-26 03:00:00, 1055.5708494985633, 0.1736673293813305, 0.050168067532380296
2023-08-26 04:00:00, 1055.4967166342103, 0.17362369866292318, 0.050164643927438156
2023-08-26 05:00:00, 1055.499479190254, 0.17356494363297442, 0.05014194109120113
2023-08-26 06:00:00, 1055.4571352193188, 0.17347439693723035, 0.05013512235999278
2023-08-26 07:00:00, 1055.4318663858824, 0.17343975152597235, 0.05010596670903417
2023-08-26 08:00:00, 1055.3571403770964, 0.17340904571266938, 0.05011277285126036
2023-08-26 09:00:00, 1055.3049631659194, 0.17338888941627822, 0.05010635166778214
2023-08-26 10:00:00, 1055.2382107040241, 0.17333735281897356, 0.050106332749709014
2023-08-26 11:00:00, 1055.1896595363535, 0.17325752371406072, 0.05009989580211221
2023-08-27 00:00:00, 1053.9634420492227, 0.1792807605028123, 0.049961277276828135
2023-08-27 01:00:00, 1053.8605023675457, 0.1793186963144612, 0.04994424774606407
2023-08-27 02:00:00, 1053.7422014401523, 0.17930290296679627, 0.04992873909566178
2023-08-27 03:00:00, 1053.6514880817595, 0.17598290399719824, 0.04994232300580795
2023-08-27 04:00:00, 1053.5780245963097, 0.1832059424915298, 0.04992078442875756
2023-08-27 05:00:00, 1053.491614585692, 0.18522614959622216, 0.04991583996181446
2023-08-27 06:00:00, 1053.391116923046, 0.18535003134879244, 0.04993705983851662
2023-08-27 07:00:00, 1053.3302882317125, 0.18534542316966196, 0.04991171905644182
2023-08-27 08:00:00, 1053.1911615818526, 0.18551843865441534, 0.049924968451340986
2023-08-27 09:00:00, 1053.1213681697186, 0.18570321869717135, 0.04990715636045048
2023-08-27 10:00:00, 1053.010996759406, 0.1858407177746667, 0.049906380178725854
2023-08-27 11:00:00, 1052.906011578582, 0.18585626992019866, 0.04993253186989022
2023-08-28 00:00:00, 1051.5060562373887, 0.18635022918992047, 0.04988561466476835
2023-08-28 01:00:00, 1051.390522394819, 0.18637039651090298, 0.04988144960820536
2023-08-28 02:00:00, 1051.336944784103, 0.1863326854266154, 0.04988675693509165
2023-08-28 03:00:00, 1051.241748184714, 0.18633290115619452, 0.049913659631415114
2023-08-28 04:00:00, 1051.1181097122212, 0.18634320405381785, 0.04989130700822385
2023-08-28 05:00:00, 1050.9431118508119, 0.18638572791198693, 0.04988448820648747
2023-08-28 06:00:00, 1050.7759481504966, 0.18637983187555837, 0.04988409380272039
2023-08-28 07:00:00, 1050.6492238173594, 0.18639362264010187, 0.04986667933015859
2023-08-28 08:00:00, 1050.464894152338, 0.186362712025405, 0.0498537738517159
2023-08-28 09:00:00, 1050.3574214130801, 0.18634102984304934, 0.049834469299943056
2023-08-28 10:00:00, 1050.2210061188855, 0.18633464785845563, 0.04984049287209835
2023-08-28 11:00:00, 1050.0960114024626, 0.1863497377523428, 0.04984239242164808
2023-08-29 00:00:00, 1048.117767537702, 0.18631226825039487, 0.049813653331117834
2023-08-29 01:00:00, 1047.9732492489773, 0.18633088976478168, 0.04981063997720217
2023-08-29 02:00:00, 1047.8338912539186, 0.186310073990735, 0.04982650198756372
2023-08-29 03:00:00, 1047.7033648838367, 0.1863059045072134, 0.04982351072830345
2023-08-29 04:00:00, 1047.5453522133157, 0.18626752490708517, 0.04980570495233954
2023-08-29 05:00:00, 1047.352371068138, 0.1862833236906641, 0.049795863364433965
2023-08-29 06:00:00, 1047.2190393701976, 0.1863015161283782, 0.049793960676469386
2023-08-29 07:00:00, 1047.0362940235193, 0.18625571104156569, 0.04979624833734632
2023-08-29 08:00:00, 1046.872117431276, 0.1862846338511061, 0.049787523711957604
2023-08-29 09:00:00, 1046.6347600249585, 0.18627740050856137, 0.049778048126653505
2023-08-29 10:00:00, 1046.4638368079143, 0.1862741007469186, 0.049800009531099795
2023-08-29 11:00:00, 1046.3910576715023, 0.18627739850424058, 0.04979963403134724
2023-08-30 00:00:00, 1044.1441500737185, 0.18610835483596916, 0.049778433078372195
2023-08-30 01:00:00, 1043.9631255377926, 0.18608028531845827, 0.049755332606867986
2023-08-30 02:00:00, 1043.7979566394438, 0.18604826206497388, 0.04973637515371736
2023-08-30 03:00:00, 1043.6164784706814, 0.18603074214439114, 0.049756108843627994
2023-08-30 04:00:00, 1043.3953792601985, 0.1860085742058114, 0.0497614035335378
2023-08-30 05:00:00, 1043.196741039305, 0.18598840325598556, 0.04977804814078263
2023-08-30 06:00:00, 1043.0233263640434, 0.18598293296060708, 0.04973941061070473
2023-08-30 07:00:00, 1042.8727834135934, 0.18592612897324634, 0.04977087598467049
2023-08-30 08:00:00, 1042.665719522566, 0.18591692217266367, 0.04973451349116456
2023-08-30 09:00:00, 1042.5248222453695, 0.18590290687310831, 0.04973412220333739
2023-08-30 10:00:00, 1042.3869612638316, 0.185882507390247, 0.049722759726594935
2023-08-30 11:00:00, 1042.249012474274, 0.1858456845641047, 0.04971594098548916
2023-08-31 00:00:00, 1040.03583875529, 0.1855308440623356, 0.049689076129661176
2023-08-31 01:00:00, 1039.8656849277156, 0.18552314671457384, 0.04971254262345591
2023-08-31 02:00:00, 1039.708756019504, 0.18550474790321667, 0.049715574957509355
2023-08-31 03:00:00, 1039.5321737139523, 0.18550101323734564, 0.04969666479958265
2023-08-31 04:00:00, 1039.3143303191785, 0.18550824668607055, 0.04971864514329573
2023-08-31 05:00:00, 1039.1906412753046, 0.18548501729884215, 0.049708771957941454
2023-08-31 06:00:00, 1039.0124270992155, 0.18546288050886078, 0.0496993311084774
2023-08-31 07:00:00, 1038.8951235099055, 0.18544291231445278, 0.04969893666666044
2023-08-31 08:00:00, 1038.7089432090938, 0.18544707237751348, 0.0497209012039381
2023-08-31 09:00:00, 1038.5874756578055, 0.18544839335669344, 0.0497144642394028
2023-08-31 10:00:00, 1038.4997058808729, 0.18546198698754846, 0.04972623377801197
2023-08-31 11:00:00, 1038.3307787237898, 0.1854448891840731, 0.04973794965838226
2023-09-01 00:00:00, 1036.4227651726724, 0.1855137517654249, 0.049749034463209205
2023-09-01 01:00:00, 1036.2016165230036, 0.18552801765776208, 0.04976644580859362
2023-09-01 02:00:00, 1036.0687378289026, 0.1855431112123466, 0.04976188629895268
2023-09-01 03:00:00, 1035.9071459122724, 0.1855429283351151, 0.04977060456285457
2023-09-01 04:00:00, 1035.77630315656, 0.18557206494669032, 0.049766048217042065
2023-09-01 05:00:00, 1035.6440125749136, 0.1855771056728834, 0.04977476963626201
2023-09-01 06:00:00, 1035.4971856145808, 0.18561634953569847, 0.04977856239780716
2023-09-01 07:00:00, 1035.416388398271, 0.18561480908374817, 0.049778193241286434
2023-09-01 08:00:00, 1035.2622684661021, 0.18565714265671338, 0.04979675315090336
2023-09-01 09:00:00, 1035.0991757619672, 0.18567271123699525, 0.04978879840357367
2023-09-01 10:00:00, 1034.849861117401, 0.18567840631813415, 0.04977478859675774
2023-09-01 11:00:00, 1034.729980400445, 0.18573937073201843, 0.04980282087707014
2023-09-02 00:00:00, 1032.9046549572533, 0.18586105423098914, 0.04986460929275476
2023-09-02 01:00:00, 1032.7432040618128, 0.1858720130713261, 0.04985475826128766
2023-09-02 02:00:00, 1032.5764009027369, 0.18587553744149007, 0.04986841785657418
2023-09-02 03:00:00, 1032.436954470661, 0.1858992000586012, 0.049873709389673074
2023-09-02 04:00:00, 1032.3031706494774, 0.18587969416647776, 0.049895282646082326
2023-09-02 05:00:00, 1032.1647189136966, 0.18588889533062922, 0.04987902933385853
2023-09-02 06:00:00, 1031.9742727533473, 0.1858928400006202, 0.04990136618864073
2023-09-02 07:00:00, 1031.8269910279828, 0.1859149877686098, 0.0498770761499554
2023-09-02 08:00:00, 1031.613226177357, 0.18591587023595424, 0.04988318180554174
2023-09-02 09:00:00, 1031.3880377297726, 0.18591893426078177, 0.049892278716050883
2023-09-02 10:00:00, 1031.2060646659522, 0.185891747336398, 0.04987635987236105
2023-09-02 11:00:00, 1031.0199219791775, 0.18590160983547988, 0.04986006870125748
2023-09-03 00:00:00, 1028.8780434662278, 0.18580273930676952, 0.0499149752795606
2023-09-03 01:00:00, 1028.63814465931, 0.18579813143964535, 0.049900981234077414
2023-09-03 02:00:00, 1028.5188540675995, 0.18580184762969096, 0.04990743395431497
2023-09-03 03:00:00, 1028.3162725369725, 0.18577751279111945, 0.04988847649542803
2023-09-03 04:00:00, 1028.167091491428, 0.1857538285095789, 0.049911993458325414
2023-09-03 05:00:00, 1028.0688548223964, 0.185743103467078, 0.049915760945823555
2023-09-03 06:00:00, 1027.9725216249265, 0.1857933078486594, 0.04989913847143679
2023-09-03 07:00:00, 1027.8703912111469, 0.1857963883458083, 0.04991994812100972
2023-09-03 08:00:00, 1027.7058120606453, 0.18575843074598927, 0.04992526808494302
2023-09-03 09:00:00, 1027.489372210397, 0.18573411597427805, 0.04992943949735061
2023-09-03 10:00:00, 1027.3358445420647, 0.18577293053744204, 0.049942322854419546
2023-09-03 11:00:00, 1027.149793940492, 0.1857913423245941, 0.04992677319122996
2023-09-04 00:00:00, 1025.190384015418, 0.1859524926940649, 0.04998096977307063
2023-09-04 01:00:00, 1025.0719527597882, 0.1859586463857537, 0.049986311857084666
2023-09-04 02:00:00, 1024.9273825158884, 0.18597422400179758, 0.04997382919760977
2023-09-04 03:00:00, 1024.7771140598502, 0.1859855991749752, 0.04997760932354197
2023-09-04 04:00:00, 1024.6344992426873, 0.1859858167365366, 0.04998936621390191
2023-09-04 05:00:00, 1024.4908373966557, 0.18597989891561337, 0.049982916668789054
2023-09-04 06:00:00, 1024.3738548475562, 0.1859768530015148, 0.04999009510877193
2023-09-04 07:00:00, 1024.2264351201886, 0.18597572571422047, 0.0499757192415333
2023-09-04 08:00:00, 1024.0364906480684, 0.18594525195008194, 0.04998782639282754
2023-09-04 09:00:00, 1023.8274348484621, 0.1859919580347879, 0.049982159354369116
2023-09-04 10:00:00, 1023.6659361492283, 0.1859697972395469, 0.0499885868273603
2023-09-04 11:00:00, 1023.5249967292141, 0.18600357626209166, 0.04998443122569034
2023-09-05 00:00:00, 1021.4199779599353, 0.1858450764228171, 0.049982935544627634
2023-09-05 01:00:00, 1021.2791708809484, 0.18584507653798174, 0.05000751273388944
2023-09-05 02:00:00, 1021.1422117557075, 0.18584703700633973, 0.050006020236414796
2023-09-05 03:00:00, 1020.9973760749564, 0.18582315706453065, 0.05002841074247712
2023-09-05 04:00:00, 1020.8104691564896, 0.18580626023104677, 0.05002383544888743
2023-09-05 05:00:00, 1020.6624189222509, 0.18578214817636518, 0.050030272407756975
2023-09-05 06:00:00, 1020.5212521826205, 0.1857918171575336, 0.05001777395870287
2023-09-05 07:00:00, 1020.3013201394864, 0.1857781868265931, 0.050019682999773184
2023-09-05 08:00:00, 1019.985971347916, 0.18573503260893665, 0.04999201667261036
2023-09-05 09:00:00, 1019.6806767004311, 0.18565498631817687, 0.04996892567994346
2023-09-05 10:00:00, 1019.4121051784088, 0.1855631371497071, 0.04997876728054409
2023-09-05 11:00:00, 1019.1233415857776, 0.18539912360206792, 0.04995527869487981
2023-09-06 00:00:00, 1016.1356529494941, 0.18368610735733, 0.04988481931352643
2023-09-06 01:00:00, 1015.8630123182827, 0.18348153521993785, 0.04985828895023544
2023-09-06 02:00:00, 1015.6199826145154, 0.18335349276150847, 0.04987193275594274
2023-09-06 03:00:00, 1015.361107462927, 0.18313358697208093, 0.049850356345567205
2023-09-06 04:00:00, 1015.1090683795521, 0.18297177506430382, 0.04985677122526227
2023-09-06 05:00:00, 1014.9005079782015, 0.18280995713621334, 0.04982382916868538
2023-09-06 06:00:00, 1014.8314382903351, 0.1827303837598332, 0.049840502153081036
2023-09-06 07:00:00, 1014.6424868791167, 0.18264794240114257, 0.04984427595556452
2023-09-06 08:00:00, 1014.5523123197923, 0.1830125408093152, 0.04989465460760507
2023-09-06 09:00:00, 1014.199280930312, 0.18292024532327025, 0.04983366129046044
2023-09-06 10:00:00, 1013.9066162965647, 0.182777073321578, 0.04980981931105401
2023-09-06 11:00:00, 1013.5992789175209, 0.1826437729086365, 0.04980451515221609
2023-09-07 00:00:00, 1010.9206648249626, 0.1822210106057218, 0.04976282324272846
2023-09-07 01:00:00, 1010.7431264435488, 0.18214274181461018, 0.04975181727986452
2023-09-07 02:00:00, 1010.576233589461, 0.18208662120477406, 0.0497537483831826
2023-09-07 03:00:00, 1010.4584368662853, 0.18211357454613242, 0.04976320502075653
2023-09-07 04:00:00, 1010.3593414901701, 0.18218067433596719, 0.04975226853260537
2023-09-07 05:00:00, 1010.260796864071, 0.18219821988224824, 0.0497617409682219
2023-09-07 06:00:00, 1010.0779157797806, 0.18227516777422337, 0.04974845049842378
2023-09-07 07:00:00, 1009.9751512109456, 0.1822727542157653, 0.04975113574950048
2023-09-07 08:00:00, 1009.7264148664766, 0.18222366009048585, 0.04972044661787819
2023-09-07 09:00:00, 1009.4897358966231, 0.18217783138147906, 0.049719670392355655
2023-09-07 10:00:00, 1009.5155064182882, 0.18213265499205997, 0.04973783902678167
2023-09-07 11:00:00, 1010.0305865022216, 0.18209910621038378, 0.04974960854852288
2023-09-08 00:00:00, 1008.8001515883441, 0.1819085606070212, 0.049728076273927356
2023-09-08 01:00:00, 1008.5210272531941, 0.18188251560046967, 0.0497144387803843
2023-09-08 02:00:00, 1007.0833098088351, 0.1818375402308651, 0.049704186976563446
2023-09-08 03:00:00, 1006.8337620578778, 0.18182768120707363, 0.049719307509914025
2023-09-08 04:00:00, 1006.6117530657327, 0.1818180287815372, 0.049699611658994246
2023-09-08 05:00:00, 1006.4394718435659, 0.18174566518186464, 0.04971024212778314
2023-09-08 06:00:00, 1006.24142098033, 0.1816691580919155, 0.0497140128284911
2023-09-08 07:00:00, 1006.1108039088408, 0.1816509604179878, 0.04968522635665743
2023-09-08 08:00:00, 1005.9536912076244, 0.18160665741441198, 0.049670093176409434
2023-09-08 09:00:00, 1005.760075529993, 0.18154110718498212, 0.04969546869152666
2023-09-08 10:00:00, 1005.6376555510268, 0.181499904405639, 0.04966329333086658
2023-09-08 11:00:00, 1005.4318628634976, 0.18145778258383188, 0.04968937565039486
2023-09-09 00:00:00, 969.3282705469612, 0.1786200028206348, 0.04959247419882152
2023-09-09 01:00:00, 967.773666601162, 0.1790845828951151, 0.04961975868173047
2023-09-09 02:00:00, 936.1855820246446, 0.175856845819378, 0.049507110668932174
2023-09-09 03:00:00, 931.897090283454, 0.17613684307561903, 0.04955857397621671
2023-09-09 04:00:00, 930.4976720778051, 0.1752818752992807, 0.04963572798192192
2023-09-09 05:00:00, 928.1765405749059, 0.1754984869316426, 0.04954118044981334
2023-09-09 06:00:00, 929.1106884085394, 0.17570412189635798, 0.04951190184359841
2023-09-09 07:00:00, 929.8593210268986, 0.1759146037712317, 0.049517906487653855
2023-09-09 08:00:00, 930.4776184601567, 0.176104054158815, 0.04951371614735798
2023-09-09 09:00:00, 930.9837031823158, 0.17625447808424077, 0.049504221663740376
2023-09-09 10:00:00, 931.4548197679993, 0.17638689612131614, 0.049473541968626814
2023-09-09 11:00:00, 931.870212272124, 0.1764870916370313, 0.049482607309992495
2023-09-10 00:00:00, 934.4976254988926, 0.1774930434065585, 0.049489337704026276
2023-09-10 01:00:00, 934.6266928285627, 0.17756144224487663, 0.04949839045077931
2023-09-10 02:00:00, 934.7250971295077, 0.17759872763712037, 0.04949345547528628
2023-09-10 03:00:00, 934.7736469985721, 0.17763423158804956, 0.04948664618053965
2023-09-10 04:00:00, 934.879320370959, 0.17767501756409212, 0.04949420014015223
2023-09-10 05:00:00, 934.8910838896205, 0.1776800494080761, 0.04949991135647238
2023-09-10 06:00:00, 934.9990800448057, 0.17772478366171696, 0.04948925878483509
2023-09-10 07:00:00, 935.0156970114384, 0.17774407415341978, 0.049470329751116815
2023-09-10 08:00:00, 935.0597468830258, 0.17773202998577398, 0.04948357598505567
2023-09-10 09:00:00, 935.0800910999097, 0.17774979089490422, 0.049474497971473005
2023-09-10 10:00:00, 935.1030718152874, 0.177732684062201, 0.049482821828763165
2023-09-10 11:00:00, 935.0980749436144, 0.17779714342018585, 0.04946083207413127
2023-09-11 00:00:00, 934.9305902446655, 0.17783526748045544, 0.04944757317079655
2023-09-11 01:00:00, 934.9169289163374, 0.17789206640475788, 0.04945624414086155
2023-09-11 02:00:00, 934.970465944124, 0.1779589286494815, 0.049474068832089206
2023-09-11 03:00:00, 934.9514337324473, 0.1779964220268226, 0.04943354441480464
2023-09-11 04:00:00, 934.8758647049029, 0.17803982243820293, 0.0494517067032835
2023-09-11 05:00:00, 934.87332949861, 0.17806281988163028, 0.049438460463725915
2023-09-11 06:00:00, 934.7569278567428, 0.17802162115911827, 0.049439205122855594
2023-09-11 07:00:00, 934.6813185898309, 0.17802182760545393, 0.0494497630039187
2023-09-11 08:00:00, 934.6496195550711, 0.1780137282441998, 0.04942176538896534
2023-09-11 09:00:00, 934.6353566545066, 0.1779759935458856, 0.04944449035653231
2023-09-11 10:00:00, 934.5803190388972, 0.1779477231425106, 0.04940848758585951
2023-09-11 11:00:00, 934.4974857333151, 0.17794247384559572, 0.04943423852873194
2023-09-12 00:00:00, 933.7587004071871, 0.17808082221873062, 0.04941146938034107
2023-09-12 01:00:00, 933.7465738512228, 0.1781376077817225, 0.0494164264730937
2023-09-12 02:00:00, 933.7002987047716, 0.17817488771967485, 0.04939675272250682
2023-09-12 03:00:00, 933.6467114723824, 0.1782094925635003, 0.04941643910019627
2023-09-12 04:00:00, 933.6498463587787, 0.17823382938597337, 0.04943118410705241
2023-09-12 05:00:00, 933.452344731544, 0.1781649866231836, 0.04938724243931852
2023-09-12 06:00:00, 933.3636895841848, 0.17814130748474488, 0.04939748476005862
2023-09-12 07:00:00, 933.2694168192987, 0.17809396595135657, 0.04941411987287945
2023-09-12 08:00:00, 933.2063354928882, 0.17808979846562162, 0.049389504836022356
2023-09-12 09:00:00, 933.1657364939527, 0.17809111394803814, 0.04940353047192495
2023-09-12 10:00:00, 933.0550590597863, 0.17805536527680504, 0.049379641142141655
2023-09-12 11:00:00, 932.9606057853866, 0.17808433559945155, 0.04937585470265817
2023-09-13 00:00:00, 931.9570674961778, 0.17800228833661616, 0.0493493842999904
2023-09-13 01:00:00, 931.8941772752272, 0.1781099623439845, 0.04938536814404443
2023-09-13 02:00:00, 931.8708804474518, 0.17823273872933898, 0.049390662895971875
2023-09-13 03:00:00, 931.8241547209988, 0.1783353331190675, 0.049392556102301546
2023-09-13 04:00:00, 931.7599841565375, 0.17842828235074062, 0.049413031301724815
2023-09-13 05:00:00, 931.7054899616024, 0.1785041485663098, 0.049405411099087596
2023-09-13 06:00:00, 931.6632971557453, 0.17855151045651196, 0.049418695198841484
2023-09-13 07:00:00, 931.5843269555829, 0.1785830804957471, 0.049434601444980006
2023-09-13 08:00:00, 931.451807113412, 0.17854865460953956, 0.04940012269595195
2023-09-13 09:00:00, 931.3349620816493, 0.17851359635053937, 0.04938078025295046
2023-09-13 10:00:00, 931.1830551897432, 0.17854231252180303, 0.04940995795622414
2023-09-13 11:00:00, 931.0584902542522, 0.17845767825761724, 0.049390647102184486
2023-09-14 00:00:00, 929.7591425684902, 0.17870455964744827, 0.04935506081586381
2023-09-14 01:00:00, 928.5348886923747, 0.1786916111356683, 0.04940466640474094
2023-09-14 02:00:00, 928.2562611347647, 0.17878963042812646, 0.04941302183274968
2023-09-14 03:00:00, 929.3004229377694, 0.17878001453360398, 0.04938765581620585
2023-09-14 04:00:00, 929.2452111921259, 0.17878217046865588, 0.04943989927764212
2023-09-14 05:00:00, 929.2646857026402, 0.17881396167542613, 0.04936910535863734
2023-09-14 06:00:00, 929.2311710922916, 0.17886198321396166, 0.04937931615525437
2023-09-14 07:00:00, 929.1724286591287, 0.17890846050834947, 0.04938539657062365
2023-09-14 08:00:00, 929.0673117662747, 0.17893104862669096, 0.04941224250119641
2023-09-14 09:00:00, 929.0579826044512, 0.17899902526295078, 0.049391843004063546
2023-09-14 10:00:00, 929.0388724091603, 0.17908827082381204, 0.0494194840233259
2023-09-14 11:00:00, 928.9680426611114, 0.17916457726476046, 0.049411564021757205
2023-09-15 00:00:00, 927.9680869425197, 0.17945462854412744, 0.04943803763065252
2023-09-15 01:00:00, 927.8418163680187, 0.17941822395141674, 0.049432765011500866
2023-09-15 02:00:00, 927.7574855708024, 0.17938666262205216, 0.04943617595973042
2023-09-15 03:00:00, 927.7676354482737, 0.17945880330878505, 0.04946119493400394
2023-09-15 04:00:00, 927.6310855486618, 0.17946295460725156, 0.04944412436944701
2023-09-15 05:00:00, 927.5581221160475, 0.179446953156466, 0.04945776188833314
2023-09-15 06:00:00, 927.4477924711541, 0.1794429828044195, 0.04949108888682533
2023-09-15 07:00:00, 927.4071679271773, 0.17947567852929605, 0.049469887957806304
2023-09-15 08:00:00, 927.3063996699022, 0.1794879472499227, 0.04947972323498171
2023-09-15 09:00:00, 927.1799485731825, 0.17947435003351322, 0.04947898172419959
2023-09-15 10:00:00, 927.176867115519, 0.1794697386126886, 0.049474816643704074
2023-09-15 11:00:00, 927.0083432714904, 0.1794543911076468, 0.049474068837660916
2023-09-16 00:00:00, 926.2094051446945, 0.18013869038706987, 0.049535835227584285
2023-09-16 01:00:00, 926.0551927499259, 0.18019569168944216, 0.049539284017484794
2023-09-16 02:00:00, 925.9592275158633, 0.18027814265645087, 0.04956655590977765
2023-09-16 03:00:00, 925.8975002390189, 0.18026872234623725, 0.049565779680117474
2023-09-16 04:00:00, 925.8328716493314, 0.18034106764650684, 0.049579019638637194
2023-09-16 05:00:00, 925.7821440252808, 0.18033603583927757, 0.04955332228603815
2023-09-16 06:00:00, 925.8239929753585, 0.180295235250666, 0.04957183800507481
2023-09-16 07:00:00, 925.8542932838186, 0.18033691827803502, 0.04956540737811735
2023-09-16 08:00:00, 925.8034305511526, 0.18043579823129013, 0.04957982740205929
2023-09-16 09:00:00, 925.7605396041847, 0.1805669096183351, 0.049594569270606376
2023-09-16 10:00:00, 925.6064591730448, 0.18050113818788252, 0.049583967262297156
2023-09-16 11:00:00, 925.4137507610866, 0.18044653728848395, 0.04958283449604846
2023-09-17 00:00:00, 923.6105221180603, 0.17948797240516118, 0.04957674778983793
2023-09-17 01:00:00, 923.6281034725681, 0.1794592487875369, 0.049534345882477286
2023-09-17 02:00:00, 923.4565386783006, 0.1793840443250915, 0.04957105230237236
2023-09-17 03:00:00, 923.1684937779589, 0.17921741623185053, 0.0495441654069126
2023-09-17 04:00:00, 922.9894130952201, 0.1790654463960992, 0.04954909095146861
2023-09-17 05:00:00, 922.7924943012847, 0.1788832646667541, 0.0495256086752885
2023-09-17 06:00:00, 922.6176724333137, 0.17871378650917388, 0.04953924301484179
2023-09-17 07:00:00, 922.4720659792985, 0.17854869322246755, 0.04950741794755889
2023-09-17 08:00:00, 922.348700743223, 0.17847916882184037, 0.0495070677062549
2023-09-17 09:00:00, 922.0552662168078, 0.17834411242747816, 0.049519550353175804
2023-09-17 10:00:00, 921.8109231667246, 0.178221973732807, 0.04950742426957353
2023-09-17 11:00:00, 921.5999661599463, 0.17814964492201096, 0.04951800103926431
2023-09-18 00:00:00, 919.7616588419405, 0.17750349274677824, 0.04945927957235303
2023-09-18 01:00:00, 919.6599420567708, 0.17753287560189351, 0.049495998622124796
2023-09-18 02:00:00, 919.5047362237016, 0.17757584327591053, 0.04947632490532082
2023-09-18 03:00:00, 919.4046900553016, 0.17762692881313694, 0.049481625944092944
2023-09-18 04:00:00, 919.3230803003084, 0.17766594608679637, 0.0494676002954953
2023-09-18 05:00:00, 919.1914711743127, 0.17772384423303536, 0.04945132488573622
2023-09-18 06:00:00, 919.1532960715347, 0.17778173722963836, 0.04946721218280455
2023-09-18 07:00:00, 919.03744684973, 0.17775651278773458, 0.049495238170688814
2023-09-18 08:00:00, 918.9387576800567, 0.17779356988625664, 0.04947325469274556
2023-09-18 09:00:00, 918.9105428749704, 0.17782294570912077, 0.04946191115244879
2023-09-18 10:00:00, 918.8436997116677, 0.17784332851791834, 0.04947517633132019
2023-09-18 11:00:00, 918.768431633028, 0.17792336024838248, 0.04949939066355395
2023-09-19 00:00:00, 918.2285652467067, 0.1787525756157042, 0.04949299786714751
2023-09-19 01:00:00, 918.1256704807334, 0.17873305508733228, 0.04951606049395982
2023-09-19 02:00:00, 918.0159013374392, 0.17874249371410103, 0.04950058652440922
2023-09-19 03:00:00, 917.7865435900532, 0.17867384617134052, 0.049489971891677496
2023-09-19 04:00:00, 917.5990365507006, 0.17862582480922742, 0.049509999022112526
2023-09-26 05:00:00, 864.7241190355759, 0.17624563652192213, 0.04928514114893135
2023-09-26 09:00:00, 865.7055065026539, 0.17611562318477525, 0.049305985520250464
2023-09-26 10:00:00, 862.7456565931026, 0.17605948043759956, 0.049263198689335326
2023-09-26 11:00:00, 864.218919884471, 0.1761110241925161, 0.049292351152462464
2023-09-27 00:00:00, 870.0680244201903, 0.17640918485637472, 0.04926621209981445
2023-09-27 01:00:00, 870.923225724479, 0.17641269488350403, 0.04928366131511629
2023-09-27 02:00:00, 871.6519356762224, 0.17641291582887078, 0.049267379594674074
2023-09-27 03:00:00, 872.3095851637154, 0.17643459037455145, 0.04927302771934984
2023-09-27 04:00:00, 872.8885675970796, 0.17643942138740168, 0.04926853446804986
2023-09-27 05:00:00, 873.4093998611173, 0.17642695335234335, 0.04925715932621376
2023-09-27 06:00:00, 873.9238918325962, 0.17641048403553458, 0.049256020293032804
2023-09-27 07:00:00, 874.3744749130725, 0.176514644362434, 0.04928403053365466
2023-09-27 08:00:00, 874.8063587850792, 0.17654621627203956, 0.04926851557683617
2023-09-27 09:00:00, 873.2842530531528, 0.17656659774953526, 0.049275327980340615
2023-09-27 10:00:00, 847.7085668171228, 0.1766113319990923, 0.049285557706468065
2023-09-27 11:00:00, 841.9757311464356, 0.1766246954168353, 0.049252606168338535
2023-09-28 00:00:00, 807.740350049565, 0.17613424846522965, 0.04929660467465508
2023-09-28 01:00:00, 807.4766736359566, 0.17607042843796927, 0.04931744590044777
2023-09-28 02:00:00, 807.2090590703924, 0.17593953975394716, 0.049277662975772615
2023-09-28 03:00:00, 807.0600971674994, 0.1758702766366136, 0.04927842659245936
2023-09-28 04:00:00, 806.9330144317134, 0.17575275301693022, 0.04929809087849086
2023-09-28 05:00:00, 806.8957384176441, 0.17569726262854043, 0.049296604691558304
2023-09-28 06:00:00, 806.7972784545788, 0.17562120674688622, 0.04928638441188402
2023-09-28 07:00:00, 806.6657134841921, 0.17551311828522212, 0.049317789853708126
2023-09-28 08:00:00, 806.5720092437439, 0.17539864248021464, 0.049287088065549586
2023-09-28 09:00:00, 795.951601427069, 0.17528071882932053, 0.04927195491055061
2023-09-28 10:00:00, 782.8198839877422, 0.17519213044936977, 0.049290902922984346
2023-09-28 11:00:00, 777.1111347614088, 0.17506319081871832, 0.04928144312711842
2023-09-29 00:00:00, 741.2426964610098, 0.17314850182155356, 0.049235232753431606
2023-09-29 01:00:00, 740.5734046113048, 0.17296981856469637, 0.049244335981606165
2023-09-29 02:00:00, 740.1778514962587, 0.1727764328336544, 0.04923142740011843
2023-09-29 03:00:00, 739.9032182016715, 0.17263259704429706, 0.04927612006300821
2023-09-29 04:00:00, 739.7182994178, 0.17245324639216755, 0.04925679971331033
2023-09-29 05:00:00, 739.4821572342235, 0.17230108663958266, 0.04928445970842001
2023-09-29 06:00:00, 739.216404123203, 0.17214935108519552, 0.049236766293233016
2023-09-29 07:00:00, 738.959433701171, 0.17199873208430888, 0.04923826190955099
2023-09-29 08:00:00, 738.2882864352963, 0.171855993250418, 0.049268193759031666
2023-09-29 09:00:00, 736.0452055311505, 0.1716586738012498, 0.04925795145535934
2023-09-29 10:00:00, 734.7777479633068, 0.171458276991277, 0.04925527252368775
2023-09-29 11:00:00, 734.0970540283502, 0.17129781686742468, 0.049224605497970066
2023-09-30 00:00:00, 728.8873864082359, 0.17024381094935143, 0.04918702998784434
2023-09-30 01:00:00, 728.81065724723, 0.17013727897296638, 0.049163651211624824
2023-09-30 02:00:00, 728.7149156175467, 0.17000977672368667, 0.04915381021019323
2023-09-30 03:00:00, 728.5250691865672, 0.16990187819870212, 0.049172722654844396
2023-09-30 04:00:00, 728.1638322816975, 0.16910941900518284, 0.04928052945332495
2023-09-30 05:00:00, 727.7256121124294, 0.16936436470981237, 0.049268773672930706
2023-09-30 06:00:00, 727.3254495868932, 0.16923908819374545, 0.04931567758925849
2023-09-30 07:00:00, 726.8114960400125, 0.16894874271752847, 0.04926188491875179
2023-09-30 08:00:00, 726.2844217009329, 0.16878830895517047, 0.0491921523873091
2023-09-30 09:00:00, 725.963766868943, 0.1686642554079743, 0.049217903074192
2023-09-30 10:00:00, 727.5312006319115, 0.1671038960384858, 0.0494777778784434
2024-10-16 00:00:00, 3479.373051003391, 0.6419109088895599, 0.14040665189886875
2024-10-16 01:00:00, 3475.9239257240665, 0.6276127710995628, 0.13962147007246714
2024-10-16 02:00:00, 3474.4992737019656, 0.6272367213254351, 0.13944000814927696
2024-10-16 03:00:00, 3467.580958171937, 0.6269948597846596, 0.13923772362352477
2024-10-16 04:00:00, 3471.964367074038, 0.626769470166994, 0.1391036234891025
2024-10-16 05:00:00, 3476.264048784394, 0.6265677643408816, 0.139101692457723
2024-10-16 06:00:00, 3479.2584136564274, 0.6269532437000875, 0.13940892764776813
2024-10-16 07:00:00, 3473.7063862766313, 0.6260963190585997, 0.13886382467687416
2024-10-17 00:00:00, 3458.2921333413406, 0.623630856186574, 0.1385753322219203
2024-10-17 01:00:00, 3463.8609699826843, 0.6237874023635643, 0.13865219710570353
2024-10-17 02:00:00, 3468.387826422044, 0.6230223501669744, 0.13819272112748765
2024-10-17 03:00:00, 3472.1593049675207, 0.6189836117278791, 0.14120940977542235
2024-10-17 04:00:00, 3475.6262408792, 0.6140400874769539, 0.13820142039986147
2024-10-17 05:00:00, 3478.6941476743837, 0.6228333388295194, 0.13815441166348008
2024-10-17 06:00:00, 3481.496641443714, 0.6225724430246069, 0.1380699233779789
2024-10-17 07:00:00, 3476.413743342557, 0.6220227230884484, 0.13786155527440433
2024-10-17 09:00:00, 3476.5410162002945, 0.6243244627085657, 0.13906072208477543
2024-10-17 10:00:00, 3442.8672131639796, 0.626968587874557, 0.13990879115697585
2024-10-17 11:00:00, 3452.068730544796, 0.6233115775620253, 0.13845657987145593
2024-10-18 00:00:00, 3471.4417369806524, 0.623546290177361, 0.1378885969159452
2024-10-18 01:00:00, 3475.267181635288, 0.6234182338813418, 0.13786241369775437
2024-10-18 02:00:00, 3478.6445170104794, 0.6238768517209808, 0.1449475866124254
2024-10-18 04:00:00, 3487.9263639690726, 0.6245889049063956, 0.13830598648367176
2024-10-18 05:00:00, 3478.6803070794426, 0.6239426886447622, 0.13787111630332968
2024-10-18 06:00:00, 3482.3743949801733, 0.6247079714992229, 0.13839345625027494
2024-10-18 07:00:00, 3451.255600096087, 0.6259935073552085, 0.13925862041879086
2024-10-18 08:00:00, 3450.4981598254412, 0.6241707646553184, 0.14397901776516495
2024-10-18 09:00:00, 3456.8357910698737, 0.6774698817577431, 0.16882692851839937
2024-10-18 10:00:00, 3461.8688581609267, 0.6861951447714973, 0.1728796248023265
2024-10-18 11:00:00, 3467.0542673833193, 0.636061869313864, 0.1446815418217025
2024-10-19 00:00:00, 3525.667314255973, 0.6324984191428115, 0.13906168826855367
2024-10-19 01:00:00, 3531.8017866258297, 0.6319221786851925, 0.13875903766035705
2024-10-19 02:00:00, 3536.5362394779245, 0.6319221880231664, 0.1387301945327964
2024-10-19 03:00:00, 3540.2193726290925, 0.6319846447496226, 0.13877417097451422
2024-10-19 04:00:00, 3543.559332492568, 0.6365540065814409, 0.13872980960503373
2024-10-19 05:00:00, 3546.422151157553, 0.6318379589937819, 0.13863440692184037
2024-10-19 06:00:00, 3560.254150374674, 0.6326141487979646, 0.1390563619247022
2024-10-19 07:00:00, 3547.5299887988945, 0.6329417564348938, 0.13905528630804123
2024-10-19 08:00:00, 3547.3858181093574, 0.632615027970205, 0.13887981592919563
2024-10-19 09:00:00, 3558.2978110980634, 0.6322992316072504, 0.13863209388674314
2024-10-19 10:00:00, 3557.031003613918, 0.6324573145648281, 0.13862679280570123
2024-10-19 11:00:00, 3534.8752569706403, 0.6340640214401505, 0.13876160916834826
2024-10-20 00:00:00, 3543.66788004697, 0.6351180331985835, 0.1392948386764475
2024-10-20 01:00:00, 3547.0809171107703, 0.634925287513825, 0.139169851298536
2024-10-20 02:00:00, 3550.0945844498638, 0.6347930625471206, 0.13910580984364138
2024-10-20 03:00:00, 3552.9929681148947, 0.6349976665081379, 0.14527636715949757
2024-10-20 04:00:00, 3554.388588182228, 0.6340420233678046, 0.13863416414401808
2024-10-20 07:00:00, 3546.190072712203, 0.6476199107872077, 0.14659862170790755
2024-10-20 08:00:00, 3528.641930631458, 0.637041445650628, 0.14015729625540205
2024-10-20 09:00:00, 3535.017639848647, 0.6367412708648792, 0.13993650244711836
2024-10-20 10:00:00, 3539.621380520803, 0.6366462918706165, 0.13983795090096438
2024-10-20 11:00:00, 3543.5968345553, 0.636729389286212, 0.13983678649074197
2024-10-21 00:00:00, 3534.8730579199423, 0.636911810384721, 0.1397431320555825
2024-10-21 01:00:00, 3531.7718819939982, 0.6362364710182352, 0.13934912417729545
2024-10-21 02:00:00, 3536.3749365208405, 0.6367650799769076, 0.13982980702658704
2024-10-21 03:00:00, 3540.7261022290472, 0.6361962946601877, 0.13935893090235177
2024-10-21 04:00:00, 3544.0187642389023, 0.6360708481317103, 0.1392460190189482
2024-10-21 05:00:00, 3554.772605156582, 0.6361640445366126, 0.13923730072967974
2024-10-21 06:00:00, 3567.6498818925224, 0.6363322469371729, 0.13935015892649213
2024-10-21 07:00:00, 3569.7543104224847, 0.6360563911517196, 0.1392220854151735
2024-10-21 08:00:00, 3582.183127676073, 0.6349273713626992, 0.1386683208137002
2024-10-21 09:00:00, 3574.808172937373, 0.6345697458992454, 0.1384486437892859
2024-10-21 10:00:00, 3555.7049972065342, 0.6377496269596413, 0.14000888621385435
2024-10-21 11:00:00, 3541.5473995058605, 0.6367315323693528, 0.13941645922284338
2024-10-22 00:00:00, 3568.9184541236878, 0.6368041572393595, 0.13878262417338516
2024-10-22 01:00:00, 3568.8985549950203, 0.6369026019788916, 0.13885114934268616
2024-10-22 02:00:00, 3569.1055839576798, 0.6369686093747394, 0.1387799483437242
2024-10-22 03:00:00, 3569.337970011361, 0.6370780118086113, 0.1388972998115374
2024-10-22 04:00:00, 3569.844451451136, 0.6372100221705249, 0.1387818636600491
2024-10-22 05:00:00, 3570.6352355249264, 0.6368349664486929, 0.13894869386623077
2024-10-22 06:00:00, 3571.489454804338, 0.6360894234473246, 0.13888228956483484
2024-10-22 07:00:00, 3571.4646164587184, 0.6360931219775803, 0.13881214888829646
2024-10-22 08:00:00, 3570.6018035432776, 0.6358574046209102, 0.1387393452251925
2024-10-22 09:00:00, 3571.269589326287, 0.6366517801885714, 0.13870840341909316
2024-10-22 10:00:00, 3569.4826708130518, 0.6368675049584362, 0.13889538317283326
2024-10-22 11:00:00, 3551.5782428497687, 0.6370511884988226, 0.13902184052819136
2024-10-23 00:00:00, 3544.542194972625, 0.6054834857178549, 0.13918252675040807
2024-10-23 01:00:00, 3546.5308576597467, 0.6067213342149146, 0.13889710094526297
2024-10-23 02:00:00, 3547.359341392791, 0.608435660806325, 0.1387935636272398
2024-10-23 03:00:00, 3546.8497071797424, 0.6098517552374005, 0.13854276871887722
2024-10-23 04:00:00, 3547.075514129142, 0.6111074160183068, 0.13849313172568062
2024-10-23 05:00:00, 3548.561381599747, 0.6122773514847776, 0.13860859329739703
2024-10-23 06:00:00, 3550.3211484224844, 0.6133942203094873, 0.138768027887542
2024-10-23 07:00:00, 3551.295720985201, 0.6144163712981126, 0.13884412926322814
2024-10-23 08:00:00, 3551.9909028750085, 0.6152370033823136, 0.13892633929612636
2024-10-23 09:00:00, 3553.445348498763, 0.6160748064898862, 0.13897068174190327
2024-10-23 10:00:00, 3554.952962452765, 0.6169287835811182, 0.138972600374644
2024-10-23 11:00:00, 3556.473712167974, 0.6176553846429264, 0.13914071229058098
2024-10-24 00:00:00, 3564.4912364692955, 0.6232125841107552, 0.139435688745892
2024-10-24 01:00:00, 3565.1754133859254, 0.6234062218150095, 0.13945462724712782
2024-10-24 02:00:00, 3564.597216702046, 0.6234840346393417, 0.1393750426175279
2024-10-24 03:00:00, 3564.4508592656157, 0.6235202436976346, 0.13936557331471924
2024-10-24 04:00:00, 3564.6585535130903, 0.6236559434019523, 0.1394784281558552
2024-10-24 05:00:00, 3564.5567196854504, 0.6238344661180326, 0.1394939052340931
2024-10-24 06:00:00, 3565.1679236358887, 0.6240585429877475, 0.13949390842050227
2024-10-24 07:00:00, 3565.3661480210167, 0.6243148202374267, 0.13952042287713753
2024-10-24 08:00:00, 3565.1961046374495, 0.624560421648072, 0.1395587038524777
2024-10-24 09:00:00, 3565.0153726871717, 0.6248327230356309, 0.1395753610021562
2024-10-24 10:00:00, 3565.109408136739, 0.6250399394574909, 0.13957198164152493
2024-10-24 11:00:00, 3564.760938731062, 0.6251813531338216, 0.13959464661741286
2024-10-25 00:00:00, 3564.8137596724173, 0.624540041947304, 0.13958503201210815
2024-10-25 01:00:00, 3565.1679608386276, 0.6241835450313193, 0.1394497960717968
2024-10-25 02:00:00, 3563.9369423619264, 0.6236711484558191, 0.13937927984570134
2024-10-25 03:00:00, 3582.933908698362, 0.6231602916370815, 0.13925507810302046
2024-10-30 03:00:00, 3338.9780108114082, 0.6048331698696119, 0.13801851555823558
2024-10-30 04:00:00, 3337.637896305663, 0.6046981250307624, 0.13800777143804763
2024-10-30 05:00:00, 3340.982339850072, 0.6045603917967054, 0.13794898369968894
2024-10-30 08:00:00, 1588.3440102068225, 0.6039517154710614, 0.1376924645794652
2024-10-30 10:00:00, 2653.6240225289785, 0.6035776574797626, 0.13759046106515932
2024-10-30 11:00:00, 3372.1744633125586, 0.6033428281327017, 0.13749502070645905
2024-10-31 00:00:00, 3382.240920723813, 0.6032811477345276, 0.13714057758486242
2024-10-31 01:00:00, 3387.348222081715, 0.6033089927840019, 0.13709511815543377
2024-10-31 02:00:00, 3393.2530454942344, 0.603328293001658, 0.13703448149037906
2024-10-31 03:00:00, 3398.574223948454, 0.6031638369702284, 0.1369870341256793
2024-10-31 04:00:00, 3402.295383835647, 0.6030261518334452, 0.1369302059242472
2024-10-31 05:00:00, 3404.3593372073187, 0.6028746456394345, 0.1369195817478747
2024-10-31 06:00:00, 3408.3384096588684, 0.6028042461581243, 0.13685140998087328
2024-10-31 07:00:00, 3411.435015405614, 0.6028327382492492, 0.1368112832399032
2024-10-31 08:00:00, 3413.857820732846, 0.6028369084082537, 0.13681729737978143
2024-10-31 09:00:00, 3416.5339154347193, 0.5706805589519479, 0.13119970938662415
2024-10-31 10:00:00, 3402.905017692345, 0.3260418213818551, 0.08809468941331647
2024-10-31 11:00:00, 3390.6730788208147, 0.3263005658178032, 0.088097343155751
2024-11-01 00:00:00, 3383.6953763084734, 0.32224804741596375, 0.08780775618194363
2024-11-01 01:00:00, 3387.9819814530456, 0.3226260694107288, 0.08783275933997832
2024-11-01 02:00:00, 3391.3451750820464, 0.32339672765560545, 0.08781305090433157
2024-11-01 03:00:00, 3395.1318038117606, 0.32334387413384186, 0.08785206068930863
2024-11-01 04:00:00, 3409.3418641295075, 0.5244011006549246, 0.12410865828638681
2024-11-01 05:00:00, 3400.4516248657656, 0.5930110736749862, 0.13647500935353732
2024-11-01 06:00:00, 3401.706146187738, 0.5937916012895501, 0.13641215122142525
2024-11-01 07:00:00, 3402.661673641847, 0.5944692707178757, 0.13639321273152094
2024-11-01 08:00:00, 3404.5603408303978, 0.595066511293849, 0.13630039429405633
2024-11-01 09:00:00, 3384.1570848915144, 0.5955074166795203, 0.1363128958687715
2024-11-01 10:00:00, 3388.33150326945, 0.5960044454284019, 0.13628820207101158
2024-11-01 11:00:00, 3389.1179458995784, 0.596474527800391, 0.13620716258469712
2024-11-02 00:00:00, 3379.6749425425787, 0.5896942370279971, 0.1361458214742799
2025-02-24 09:00:00, 2881.6302353755623, 0.5596797724804455, 0.13659522611481867
2025-02-24 10:00:00, 2860.301650959965, 0.5612747814980019, 0.13642646778413936
2025-02-24 11:00:00, 2865.9630798467383, 0.562795026384679, 0.13631940263214284
2025-02-25 00:00:00, 2763.417158589645, 0.5726857411955375, 0.134946342976229
2025-02-25 01:00:00, 2751.504923369917, 0.5728343976380458, 0.1350025717860221
2025-02-25 02:00:00, 2688.266275612363, 0.5727486345452653, 0.13469486664658573
2025-02-25 03:00:00, 2659.476379542227, 0.5724500060692426, 0.13465570258147094
2025-02-25 04:00:00, 2653.821514761453, 0.5721522358421549, 0.13441242344788412
2025-02-25 05:00:00, 2653.8912417385545, 0.5717832039964091, 0.13433767261580018
2025-02-25 06:00:00, 2654.4556069935616, 0.571392461002937, 0.1342318444349512
2025-02-25 07:00:00, 2654.9601050589904, 0.5100681442109609, 0.1258618360481922
2025-02-25 08:00:00, 2655.802145717598, 0.37821542740565556, 0.1090388205288669
2025-02-25 09:00:00, 2656.471746734314, 0.3702546660690481, 0.10980316502692501
2025-02-25 10:00:00, 2656.6910379938677, 0.37475367302459184, 0.10966870800538993
2025-02-25 11:00:00, 2657.3694044231665, 0.3417743796679252, 0.09695771762199167
2025-02-26 00:00:00, 2663.4954570204095, 0.10241333995536346, 0.06258854913206378
2025-02-26 01:00:00, 2662.8347639371905, 0.102138805856141, 0.06117576363415493
2025-02-26 02:00:00, 2666.469899593352, 0.10463412291910285, 0.057677748426183756
2025-02-26 03:00:00, 2665.153890971501, 0.10560290172905343, 0.05960645622904217
2025-02-26 04:00:00, 2664.9533405848374, 0.10504095445380326, 0.05958094203603226
2025-02-26 05:00:00, 2665.684166207361, 0.11375918097083282, 0.06228815219827289
2025-02-26 06:00:00, 2665.9800445628775, 0.11390162289140159, 0.06437016654262187
2025-02-26 07:00:00, 2666.521648500269, 0.18403914870533727, 0.06676376048603157
2025-02-26 08:00:00, 2667.191411734891, 0.16649743008679568, 0.06760744229679029
2025-02-26 09:00:00, 2667.9503995854852, 0.11520355773806139, 0.060871472491851125
2025-02-26 10:00:00, 2668.3223056521583, 0.12311353356785258, 0.06306844354832501
2025-02-26 11:00:00, 2668.9717975450267, 0.12001201175833216, 0.06300743743669132
2025-02-27 00:00:00, 2673.0919453101083, 0.43496679833837726, 0.11145667695157888
2025-02-27 01:00:00, 2671.0609335872614, 0.5562739094427975, 0.13099997519457504
2025-02-27 02:00:00, 2671.14829087816, 0.5564841577224011, 0.13096353373058056
2025-02-27 03:00:00, 2671.328068339782, 0.5565937248974694, 0.13082335000705134
2025-02-27 04:00:00, 2671.596044417345, 0.5566787881851697, 0.13084407126798778
2025-02-27 05:00:00, 2672.1550707837146, 0.5567682441102787, 0.13069669325706348
2025-02-27 06:00:00, 2672.41649754854, 0.5568647142769764, 0.13074241437682763
2025-02-27 07:00:00, 2673.4310509913735, 0.5569019483744598, 0.1307078882407246
2025-02-27 08:00:00, 2676.8185912008394, 0.5569835002859235, 0.1306676508755594
2025-02-27 09:00:00, 2677.4477616939917, 0.5570797643866895, 0.13054377100129863
2025-02-27 10:00:00, 2638.589214202912, 0.5572608470925596, 0.13048956156252808
2025-02-27 11:00:00, 2682.0471268489464, 0.5574037797254079, 0.13037930667940134
2025-02-28 00:00:00, 2657.879072384566, 0.5594163885827843, 0.13068365458754988
2025-02-28 01:00:00, 2659.1488282171335, 0.5596770630092919, 0.13069271687547526
2025-02-28 02:00:00, 2651.335538004449, 0.559752046337717, 0.13054723552249867
2025-02-28 03:00:00, 2650.7283142143133, 0.55976693478144, 0.13059377733072136
2025-02-28 04:00:00, 2651.8862197533094, 0.5597452329388805, 0.13053807560474368
2025-02-28 05:00:00, 2622.9068366134074, 0.5596873325106188, 0.13056751833016728
2025-02-28 06:00:00, 2642.771145913313, 0.5595768426014132, 0.130489056930087
2025-02-28 07:00:00, 2644.040207960094, 0.559533844792335, 0.13040911880800568
2025-02-28 08:00:00, 2646.809038159473, 0.5596211022891168, 0.13049011719030487
2025-02-28 09:00:00, 2648.657146119065, 0.5597712845954619, 0.13030905889862757
2025-02-28 10:00:00, 2650.158874561522, 0.5599504033543825, 0.1303821404348054
2025-02-28 11:00:00, 2651.654593413928, 0.560183469003345, 0.1303828567617694
2025-03-01 00:00:00, 2660.44793654742, 0.5621520835452823, 0.13027455536638052
2025-03-01 01:00:00, 2661.0448302504033, 0.5623127899420786, 0.13031953830851697
2025-03-01 02:00:00, 2661.3961747295216, 0.5624607882766348, 0.1302085985413246
2025-03-01 03:00:00, 2661.9866735511237, 0.5626162361823279, 0.1302619085229287
2025-03-01 04:00:00, 2662.7482728556424, 0.5627848104775597, 0.13031679626912063
2025-03-01 05:00:00, 2663.442033502681, 0.5629435702419473, 0.13021906175398282
2025-03-01 06:00:00, 2663.816909562009, 0.5630431021365846, 0.13040609636606026
2025-03-01 07:00:00, 2662.3000456652026, 0.5631696048895306, 0.13026636722273716
2025-03-01 08:00:00, 2662.484883560024, 0.5633498442441695, 0.13029016184892211
2025-03-01 09:00:00, 2663.0764212822482, 0.5635114200696374, 0.13019285343378637
2025-03-01 10:00:00, 2664.1405888169315, 0.5636909815728167, 0.13024924306600258
2025-03-01 11:00:00, 2664.2221181860727, 0.5638677139354114, 0.13026585289631304
2025-03-02 00:00:00, 2671.86549075179, 0.5640801362868099, 0.13008933501417072
2025-03-02 01:00:00, 2668.127607704616, 0.5641610502233046, 0.1300889628840617
2025-03-02 02:00:00, 2667.99036922984, 0.563955933731101, 0.1300584281873453
2025-03-02 03:00:00, 2668.5901951312785, 0.5639415103928547, 0.13004162263519048
2025-03-02 04:00:00, 2668.857587376345, 0.5638762111099304, 0.13000666170432476
2025-03-02 05:00:00, 2669.2080387243504, 0.5637797030380063, 0.12999371690541664
2025-03-02 06:00:00, 2669.5311339552577, 0.5636476796131837, 0.12997698717772463
2025-03-02 07:00:00, 2669.828142579678, 0.5634069878689103, 0.12970359576111665
2025-03-02 08:00:00, 2669.764392818686, 0.563234754223782, 0.12979278312735176
2025-03-02 09:00:00, 2669.9931769465325, 0.5631457071063786, 0.12972469085485774
2025-03-02 10:00:00, 2672.29919240407, 0.5634218932273843, 0.12990574050293316
2025-03-02 11:00:00, 2678.277187553462, 0.5637204312993371, 0.12992018659683963
2025-03-05 09:00:00, 2583.5283899317, 0.5535895459705952, 0.12800204109240176
2025-03-05 10:00:00, 2561.2174958991236, 0.553504252180578, 0.1280561715285935
2025-03-05 11:00:00, 2558.9290749630163, 0.5534777302828866, 0.12799286539818577
2025-03-06 00:00:00, 2589.5592359444267, 0.5569723109917722, 0.12889219285318657
2025-03-06 01:00:00, 2593.4498041302477, 0.5574529407866234, 0.12903609676873137
2025-03-06 02:00:00, 2596.984060076788, 0.5579006394315985, 0.12900580210303486
2025-03-06 03:00:00, 2607.6851552952726, 0.5584801185626471, 0.12904253685890416
2025-03-06 04:00:00, 2609.9252946223246, 0.5591681310419803, 0.12918109555212584
2025-03-06 05:00:00, 2609.6791499982387, 0.5597761303443427, 0.12918641242688464
2025-03-06 06:00:00, 2612.0762210095154, 0.5603906669347186, 0.12922766259790905
2025-03-06 07:00:00, 2614.37130086701, 0.5612821305271279, 0.1300395610578462
2025-03-06 08:00:00, 2616.197717997876, 0.5611067964375424, 0.1300701431433548
2025-03-06 09:00:00, 2618.4048280573043, 0.5614705057339221, 0.1299636903784442
2025-03-06 10:00:00, 2620.567827040845, 0.561895889044761, 0.13009129691378615
2025-03-06 11:00:00, 2622.3936246093926, 0.5623021312563553, 0.13012725232561873
2025-03-07 00:00:00, 2639.2784650202034, 0.5640113598979296, 0.12987633110062238
2025-03-07 01:00:00, 2640.1996822305755, 0.5639905266885483, 0.12992701898664558
2025-03-07 02:00:00, 2641.2043203307016, 0.5640455558413081, 0.1299793067672112
2025-03-07 03:00:00, 2642.3778896134936, 0.5642922144023269, 0.12998008920756926
2025-03-07 04:00:00, 2643.3358519642325, 0.5645671589847409, 0.13000016372909934
2025-03-07 05:00:00, 2643.9268000644097, 0.5647182118876716, 0.1299346268540957
2025-03-07 06:00:00, 2644.450629248877, 0.5646550546867102, 0.12982740421673308
2025-03-07 07:00:00, 2645.091145605322, 0.564550907071782, 0.1299140822209129
2025-03-07 08:00:00, 2645.2264339879935, 0.5644040187600128, 0.12993265469843587
2025-03-07 09:00:00, 2646.3938577157837, 0.5642711328993114, 0.12980614953630765
2025-03-07 10:00:00, 2646.877195703697, 0.5641650347168289, 0.12983110849372362
2025-03-07 11:00:00, 2578.0663860080813, 0.5640352410206935, 0.1296572695914
2025-03-08 00:00:00, 2433.389668307017, 0.5660078194876395, 0.12916658464417183
2025-03-08 01:00:00, 2434.056144773521, 0.5661363062552598, 0.12906884079549621
2025-03-08 02:00:00, 2420.308823835059, 0.5663180991789994, 0.1291726115465194
2025-03-08 03:00:00, 3110.5928165728487, 0.5664114746923362, 0.12911355569986896
2025-03-08 04:00:00, 2682.724823146576, 0.5717677736619484, 0.12920594168764638
2025-03-08 05:00:00, 2623.392649303568, 0.566664055144974, 0.12883884592810943
2025-03-11 01:00:00, 437.36764705882354, 0.5702119697316194, 0.12924609100435527
2025-03-11 02:00:00, 420.1051663227115, 0.5702249024587035, 0.12926462249583281
2025-03-15 00:00:00, 2583.0655634830196, 0.6117126203482768, 0.13123431210874548
2025-03-15 01:00:00, 2584.561887220726, 0.5592648959758053, 0.13114224791580395
2025-03-15 02:00:00, 2590.21045961654, 0.557077840504634, 0.13119067344177437
2025-03-15 03:00:00, 2598.9428744779107, 0.5572146715882732, 0.13110238307106417
2025-03-15 04:00:00, 2597.3772791087363, 0.5572517009799249, 0.13101604586168814
2025-03-15 05:00:00, 2599.534120334727, 0.5573135376917618, 0.13094026344706883
2025-03-15 06:00:00, 2602.5206145051807, 0.557262658579601, 0.1308114389814065
2025-03-15 07:00:00, 2604.2046695499903, 0.5647798492336815, 0.13079744488796427
2025-03-15 08:00:00, 2605.7796906842987, 0.5571845653645958, 0.13077049161390147
2025-03-15 09:00:00, 2607.6728704668167, 0.5571102306468647, 0.13071250860383832
2025-03-15 10:00:00, 2609.92993523844, 0.5570510280746069, 0.13060269217054704
2025-03-15 11:00:00, 2611.8011481716308, 0.5570218428570255, 0.1305534304894632
2025-03-16 00:00:00, 2629.8496906591386, 0.5667557467117134, 0.13014068212005153
2025-03-16 01:00:00, 2631.1329332910645, 0.6050778368585286, 0.12997065171242986
2025-03-16 02:00:00, 2631.7974333137086, 0.574031335954365, 0.12999405497042094
2025-03-16 03:00:00, 2632.583569584711, 0.5754123819447841, 0.12984674330741997
2025-03-16 04:00:00, 2633.708215333444, 0.6356715363211647, 0.12986340355012854
2025-03-16 05:00:00, 2634.901201007402, 0.632186114827696, 0.12993192877002163
2025-03-16 06:00:00, 2635.9196106255254, 0.5779001843932122, 0.12988535541071067
2025-03-16 07:00:00, 2636.9870743575425, 0.5822031908831727, 0.1298482199020474
2025-03-16 08:00:00, 2637.9182774028955, 0.6151981335049731, 0.12986565650879556
2025-03-16 09:00:00, 2639.8101788113463, 0.5719170771861564, 0.13000840233056088
2025-03-16 10:00:00, 2642.0332382289453, 0.5711968347611552, 0.1299739268555848
2025-03-16 11:00:00, 2643.6035476704456, 0.5869659764669182, 0.12998414398566552
2025-03-17 00:00:00, 2660.226374988049, 0.5803124207545347, 0.13030597007833772
2025-03-17 01:00:00, 2661.607727105757, 0.5891267122248455, 0.13037413872080658
2025-03-17 02:00:00, 2662.829170880949, 0.5823654655923629, 0.13044383763946302
2025-03-17 03:00:00, 2664.0610297188637, 0.5890377262362594, 0.13038363641076928
2025-03-17 04:00:00, 2664.7246075056987, 0.6082001739352896, 0.13058618584989365
2025-03-17 05:00:00, 2665.3123764020347, 0.5914411298870204, 0.13044613474533556
2025-03-17 06:00:00, 2665.9680201430087, 0.5845327816553196, 0.13067063624830383
2025-03-17 07:00:00, 2666.159030513916, 0.580661017684873, 0.13045062494822618
2025-03-17 08:00:00, 2664.8563161390634, 0.5931214674787263, 0.13055359105845563
2025-03-17 09:00:00, 2664.9005335154907, 0.5987550933073833, 0.130560788278406
2025-03-17 10:00:00, 2665.027997549427, 0.5786404417434995, 0.13061763227618803
2025-03-17 11:00:00, 2666.034653850218, 0.6059088063679583, 0.13067060455079935
2025-03-18 00:00:00, 2673.0927472696508, 0.7170222548384914, 0.13072985586078725
2025-03-18 01:00:00, 2669.242219404442, 0.5838535907775072, 0.1308457478008546
2025-03-18 02:00:00, 2672.9442804093833, 0.756458667162304, 0.1311034149115082
2025-03-18 03:00:00, 2664.9969515779976, 0.6381681976491003, 0.13086632618030092
2025-03-18 04:00:00, 2659.0434143194243, 0.647055461238617, 0.13039678713118028
2025-03-18 05:00:00, 2681.0866341615592, 0.6471311428895143, 0.13080251019409503
2025-03-18 06:00:00, 2679.3326998359653, 0.6199115681746028, 0.13087209129093605
2025-03-18 07:00:00, 2671.020728295545, 0.5693424212783205, 0.1307940698727691
2025-03-18 08:00:00, 2666.9300224416065, 0.5798237971769872, 0.1306038606559391
2025-03-18 09:00:00, 2667.8205426239574, 0.6182411943291356, 0.13073343426335077
2025-03-18 10:00:00, 2671.77204309191, 0.586382316303335, 0.13059109245647152
2025-03-18 11:00:00, 2673.61481598889, 0.577736575278068, 0.13059629058404731
2025-03-19 00:00:00, 2627.7788112992985, 0.5555993695681457, 0.13138595787042653
2025-03-19 01:00:00, 2628.9842239531445, 0.5515100036427786, 0.1313117589653967
2025-03-19 02:00:00, 2623.852877843644, 0.5525252090991688, 0.1320517999388646
2025-03-19 03:00:00, 2605.5288566339086, 0.5466133939090722, 0.1319037988864682
2025-03-19 04:00:00, 2610.76418892059, 0.5425296043080191, 0.1316548560686418
2025-03-19 05:00:00, 2615.0673077406923, 0.5484379339925899, 0.1314692444835579
2025-03-19 06:00:00, 2619.0138404560985, 0.5487847812542656, 0.1314968350167909
2025-03-19 07:00:00, 2622.4674706509873, 0.5511103517565309, 0.13148803160287592
2025-03-19 08:00:00, 2627.7993337660837, 0.6228483823222586, 0.13140360028624617
2025-03-19 09:00:00, 2593.8171722546786, 0.5960590610514366, 0.1315744067867977
2025-03-19 10:00:00, 2628.883443282057, 0.7392234377441835, 0.1314680945582116
2025-03-19 11:00:00, 2631.010671945212, 0.5670908820656557, 0.13128983108850853
2025-03-20 00:00:00, 2608.3614509551403, 0.5796652730149312, 0.13081580879951166
2025-03-21 00:00:00, 2589.4879625436506, 0.5482517989262984, 0.1317090184653962
2025-03-21 01:00:00, 2592.1558655113768, 0.5490943089263639, 0.13155811247562718
2025-03-21 02:00:00, 2594.9257213014116, 0.5496743393823206, 0.13179433503360452
2025-03-21 03:00:00, 2582.744083272547, 0.5428162943573629, 0.13245042114510916
2025-03-21 04:00:00, 2578.624206331235, 0.5413184770842987, 0.1323072920362843
2025-03-21 05:00:00, 2582.754227364904, 0.541785456977789, 0.1320413480565341
2025-03-21 06:00:00, 2587.5451401154337, 0.5430048916734462, 0.1318882907171258
2025-03-21 07:00:00, 2592.155502719784, 0.5444073981125958, 0.1318249811798853
2025-03-21 08:00:00, 2594.901850258392, 0.5426025389181494, 0.13174649113315487
2025-03-21 09:00:00, 2597.6898533933145, 0.6053944474512111, 0.13166312631414753
2025-03-21 10:00:00, 2600.0072288141137, 0.5492012817406898, 0.13149721391026975
2025-03-21 11:00:00, 2602.2173812075744, 0.9298034671591944, 0.3960874947955662
2025-03-22 00:00:00, 2626.4849312380175, 0.5780052803212606, 0.13101102856990401
2025-03-22 01:00:00, 2627.4672736490397, 0.5524533833546719, 0.13092238153440888
2025-03-22 02:00:00, 2628.588470228301, 0.5496709133931422, 0.13097838928421557
2025-03-22 03:00:00, 2629.5352590713987, 0.5479784698334956, 0.13084286309437335
2025-03-22 04:00:00, 2630.4807007281274, 0.5499856635569969, 0.1310612620337039
2025-03-22 05:00:00, 2631.7206542578083, 0.547812734832335, 0.13089995962973985
2025-03-22 06:00:00, 2633.0018140281486, 0.5505375669747512, 0.13094125703813173
2025-03-22 07:00:00, 2634.1713879202334, 0.5606527191572679, 0.13095379650849526
2025-03-22 08:00:00, 2635.025977210171, 0.6256810497901967, 0.13106362869328061
2025-03-22 09:00:00, 2635.707156227828, 0.5607341747209545, 0.13098598757551147
2025-03-22 10:00:00, 2636.4926297872985, 0.6976035307613618, 0.1311056548752343
2025-03-22 11:00:00, 2637.5743658449446, 0.5811063104814358, 0.1311412664638367
2025-03-23 00:00:00, 2646.7243893694426, 0.5853963286444183, 0.13100314957984135
2025-03-23 01:00:00, 2647.363613010683, 0.5826861772112054, 0.13097215123398429
2025-03-23 02:00:00, 2647.9946750348463, 0.5832358236803266, 0.13099596479243023
2025-03-23 03:00:00, 2648.7471630964783, 0.5917506394602224, 0.13100090602792025
2025-03-23 04:00:00, 2649.7490982695026, 0.5839988249922197, 0.13098607275375931
2025-03-23 05:00:00, 2650.143755440826, 0.584357703887517, 0.130986827264032
2025-03-23 06:00:00, 2650.586559963568, 0.5863831743651347, 0.13088948744464732
2025-03-23 07:00:00, 2650.706325070825, 0.6055072416455918, 0.1307868495726471
2025-03-23 08:00:00, 2651.508851375491, 0.7236070146577135, 0.13080572503687424
2025-03-23 09:00:00, 2651.6404722008365, 0.5800137011796729, 0.1307867927137994
2025-03-23 10:00:00, 2652.0807818687763, 0.6539380455428959, 0.13069668475857749
2025-03-23 11:00:00, 2652.3975457784218, 0.6661630203854993, 0.13071404552625787
2025-03-24 00:00:00, 2658.9294821088015, 0.5922829464691072, 0.1308375369226573
2025-03-24 01:00:00, 2659.513409970362, 0.5895048423951406, 0.13097271588845497
2025-03-24 02:00:00, 2659.9880515677132, 0.6635057227337423, 0.13098635343277823
2025-03-24 03:00:00, 2660.3488774914586, 0.673794706648638, 0.1309799320998629
2025-03-24 04:00:00, 2660.8761011226343, 0.5893937173175002, 0.1309973119295758
2025-03-24 05:00:00, 2661.239462282807, 0.5891308352977379, 0.1309458414339273
2025-03-24 06:00:00, 2661.6441719628237, 0.5920372172844078, 0.13109881060051487
2025-03-24 07:00:00, 2662.150019624715, 0.5920420524276053, 0.13103743863109724
2025-03-24 08:00:00, 2662.4336683372835, 0.5900056516961966, 0.13111052017291733
2025-03-24 09:00:00, 2662.626020359384, 0.6271130959460812, 0.13098629645826457
2025-03-24 10:00:00, 2662.8251134711086, 0.6079602807616759, 0.13089573710647165
2025-03-24 11:00:00, 2663.113738935938, 0.5854277172562644, 0.13087826279882647
2025-03-25 00:00:00, 2667.6132351091187, 0.6018965583996067, 0.13000006014914933
2025-03-25 01:00:00, 2667.7262388730383, 0.574391525304094, 0.1298875839676213
2025-03-25 02:00:00, 2667.9676460154283, 0.6113603949208126, 0.12988072402895656
2025-03-25 03:00:00, 2668.155542849811, 0.6756769956526324, 0.1297038369457668
2025-03-25 04:00:00, 2668.57619685602, 0.6382915313960239, 0.12967238123967695
2025-03-25 05:00:00, 2668.7708547821403, 0.6875730358473648, 0.12962273781770983
2025-03-25 06:00:00, 2669.3306538049305, 0.6451487831974205, 0.12972540088462456
2025-03-25 07:00:00, 2669.680608517126, 0.5807504220595793, 0.12894212450518514
2025-03-25 08:00:00, 2670.3122746302756, 0.5825965052199805, 0.12900798964662924
2025-03-25 09:00:00, 2670.4153242606767, 0.6443498403359394, 0.12910386241039595
2025-03-25 10:00:00, 2670.666996135441, 0.6591959118627179, 0.12909512204764226
2025-03-25 11:00:00, 2670.9232840954264, 0.5809207736797316, 0.1290886347057143
2025-03-26 00:00:00, 2672.6878080689153, 0.5545183050478815, 0.12863724620094297
2025-03-26 01:00:00, 2671.0043313306965, 0.5549806919473255, 0.1283323650572425
2025-03-26 02:00:00, 2652.8241303546997, 0.5491535983292195, 0.12796549096196036
2025-03-26 07:00:00, 2627.0856143552314, 0.5388736239607733, 0.12822934815905812
2025-03-26 08:00:00, 2620.048088694698, 0.5368653495152687, 0.12827066633791115
2025-03-26 09:00:00, 3707.5280287446667, 0.538592637148357, 0.12815543783792424
2025-03-26 10:00:00, 2577.921184675301, 0.540150242234494, 0.12820609380053263
2025-03-26 11:00:00, 2581.2603971057374, 0.5413851441944245, 0.12799528164151278
2025-03-27 00:00:00, 1560.0789770239874, 0.5223064951816402, 0.13080360912371247
2025-03-27 01:00:00, 2470.6475301393493, 0.5245958547090319, 0.13087457810635975
2025-03-27 02:00:00, 1638.409600932736, 0.5266909559646162, 0.1307669701677454
2025-03-27 03:00:00, 1571.7369589994414, 0.5286462888769434, 0.13055416454281166
2025-03-27 04:00:00, 1572.5320773515691, 0.5303696114131665, 0.13064955941338208
2025-03-27 05:00:00, 1572.94436456179, 0.5319785473505412, 0.1305767985166563
2025-03-27 06:00:00, 1574.9485895365044, 0.5296945172619278, 0.1309025927651154
2025-03-27 07:00:00, 2112.16754976609, 0.5237376662067454, 0.1314689007534247
2025-03-27 08:00:00, 2609.6194265817307, 0.526079193191475, 0.13103587393939614
2025-03-27 09:00:00, 2536.4694143908328, 0.5338096824229107, 0.1307951275955183
2025-03-27 10:00:00, 1575.7815297465393, 0.5283427997832234, 0.13123327996762815
2025-03-27 11:00:00, 1575.8230950188447, 0.5302971391012613, 0.13121915682816457
2025-03-28 00:00:00, 2619.4950397005105, 0.5419519601075922, 0.1312314796763224
2025-03-28 01:00:00, 2620.8241493826044, 0.5431347067521083, 0.1314463167301624
2025-03-28 02:00:00, 2452.7382303322256, 0.5443390378871412, 0.13146621300894112
2025-03-28 03:00:00, 3621.0096609340367, 0.5454806747416098, 0.13130261213501054
2025-03-28 04:00:00, 2627.923840433133, 0.5465333580423104, 0.1317115193136542
2025-03-28 05:00:00, 2629.3234132375287, 0.5475240465343416, 0.13161163288153332
2025-03-28 06:00:00, 2631.0777415491752, 0.5484387065870675, 0.13157986383673642
2025-03-28 07:00:00, 2632.673851502984, 0.5493448051488854, 0.13166389093761818
2025-03-28 08:00:00, 2635.939024390244, 0.5493056194341852, 0.13186509408197314
2025-03-31 11:00:00, 2590.9384635480696, 0.645083074604268, 0.13168338021256662
2025-04-01 00:00:00, 2532.4303575561794, 0.5774376250058304, 0.13235720635846562
2025-04-01 01:00:00, 2548.4511175517514, 0.563450340921556, 0.13217005516953365
2025-04-01 02:00:00, 2553.445658112366, 0.6161132673466104, 0.13247514957643008
2025-04-01 09:00:00, 2655.859237536657, 0.7225517659011592, 0.13322221982650997
2025-04-01 10:00:00, 2556.5757072125107, 0.6986135298600891, 0.1329755704118818
2025-04-01 11:00:00, 2556.4667522064224, 0.6734876503104071, 0.13294553425001757
2025-04-02 00:00:00, 2585.6447975635165, 0.6875972040582385, 0.13258532983913057
2025-04-02 01:00:00, 2589.974471768086, 0.6783316774373144, 0.13254517140893132
2025-04-02 02:00:00, 2594.047329654957, 0.6865976059742488, 0.13247782325170623
2025-04-02 03:00:00, 2597.3254702383647, 0.687251004534102, 0.13257891196909424
2025-04-02 04:00:00, 2600.6154748426247, 0.6933229118902494, 0.1326311711820011
2025-04-02 05:00:00, 2603.300049690785, 0.6675064573875452, 0.13260120857888466
2025-04-02 06:00:00, 2605.528524774945, 0.5480442659336277, 0.1330081369082058
2025-04-02 07:00:00, 2608.092258301506, 0.543157369780619, 0.1335964942390204
2025-04-02 08:00:00, 2610.4655796335715, 0.5428978760336266, 0.13315792258297096
2025-04-02 09:00:00, 2612.6813566464884, 0.5440769740920027, 0.1329393058436474
2025-04-02 10:00:00, 2614.6054713957196, 0.5452183777156724, 0.13292371497154387
2025-04-02 11:00:00, 2616.7179280578075, 0.5462806486866665, 0.13284233153453157
2025-04-03 00:00:00, 2636.41495617147, 0.5565376660685767, 0.1331573073211627
2025-04-03 01:00:00, 2637.5431275757437, 0.5570680324490512, 0.13312550772117362
2025-04-03 02:00:00, 2638.721305018392, 0.5575639894851402, 0.13323642536687472
2025-04-03 03:00:00, 2639.96370371209, 0.5580640949397627, 0.13325234727143384
2025-04-03 04:00:00, 2640.9810957384175, 0.5585269327755648, 0.13323227285428524
2025-04-03 05:00:00, 2642.2742548898245, 0.55893540986417, 0.13313228865420332
2025-04-03 06:00:00, 2643.217381081775, 0.5594035182823415, 0.13319361005577907
2025-04-03 07:00:00, 2644.2437853810966, 0.5598341209125279, 0.1332473491234948
2025-04-03 08:00:00, 2645.2437419802845, 0.5602835221306077, 0.13316621864776182
2025-04-03 09:00:00, 2644.6302444162657, 0.5597174715056159, 0.13325727794022538
2025-04-03 10:00:00, 2642.2103749660355, 0.559302748572046, 0.1334758384212938
2025-04-03 11:00:00, 2642.4183799776592, 0.5596416006221046, 0.13326969367971092
2025-04-10 10:00:00, 2593.9260073490154, 0.5633024073609033, 0.13190493525728672
2025-04-10 11:00:00, 2503.086307097787, 0.5635036954077698, 0.1319397925893763
2025-04-11 00:00:00, 2232.656495906486, 0.5613728605960032, 0.13219764015710098
2025-04-11 01:00:00, 2182.479008599651, 0.5610621621436527, 0.13219157879673502
2025-04-11 02:00:00, 2162.599095124516, 0.5606125063284593, 0.13223698772631082
2025-04-11 03:00:00, 2153.881457286053, 0.5601536032954002, 0.13224415044056584
2025-04-11 04:00:00, 2153.8240268154123, 0.5596475764980284, 0.13223504402602912
2025-04-11 05:00:00, 1959.5782404681752, 0.5590871857869223, 0.1321006157975839
2025-04-11 06:00:00, 2346.565925763812, 0.558533775674927, 0.13212031495024967
2025-04-11 07:00:00, 2927.3418858088694, 0.5590264629934502, 0.13217676598130668
2025-04-11 08:00:00, 2151.3250878040435, 0.5607380869416062, 0.1322376110043199
2025-04-11 09:00:00, 2150.7739878634184, 0.5600269734889952, 0.13212997795820777
2025-04-11 10:00:00, 2151.875370085238, 0.5593589293621192, 0.13222244588144494
2025-04-11 11:00:00, 1581.8059114751209, 0.5587236399590167, 0.13220122451925712
2025-04-12 00:00:00, 500.53190425151837, 0.5120460689905664, 0.13126773865061098
2025-04-12 01:00:00, 500.02012300670765, 0.5134077718249237, 0.1311638276199635
2025-04-12 02:00:00, 500.08307846363647, 0.5147926602594801, 0.13109423403498682
2025-04-12 03:00:00, 500.13914765836887, 0.5159369424842358, 0.13115020164152513
2025-04-12 04:00:00, 500.24942685768053, 0.5170254690567992, 0.13113966702685462
2025-04-12 05:00:00, 500.3585305868796, 0.518041178267588, 0.13109634156152514
2025-04-12 06:00:00, 500.4081660200575, 0.5111950620641904, 0.13202619385282438
2025-04-12 07:00:00, 500.4883322262981, 0.511084051850304, 0.13176196533493076
2025-04-12 08:00:00, 500.6203514585189, 0.5126502896761922, 0.13140130312658427
2025-04-12 09:00:00, 500.7132870642936, 0.5141048122636812, 0.13134706872409
2025-04-12 10:00:00, 500.77818939359634, 0.5154283984653477, 0.13108764976760504
2025-04-12 11:00:00, 500.8980246969491, 0.5165888925010902, 0.13107021020023146
2025-04-13 00:00:00, 502.2723122946324, 0.5257591813728121, 0.13071052980453254
2025-04-13 01:00:00, 502.3485339331451, 0.5262005316835463, 0.1308104792587477
2025-04-13 02:00:00, 502.4607676785975, 0.5265681865810422, 0.13064045847806044
2025-04-13 03:00:00, 502.5281568115374, 0.5269117450460287, 0.1306964945980474
2025-04-13 04:00:00, 500.84635970913143, 0.5258979557822929, 0.13063565940992844
2025-04-13 05:00:00, 502.2421801567893, 0.5258709916903487, 0.13073931406979425
2025-04-13 06:00:00, 502.3708032686251, 0.5186363632543024, 0.1313423585514341
2025-04-13 07:00:00, 502.4002495748171, 0.5188212209941808, 0.1310628550885795
2025-04-13 08:00:00, 502.4878362467168, 0.519453283681347, 0.13081660354337155
2025-04-13 09:00:00, 502.5593067254375, 0.5200461277386594, 0.13065103182709498
2025-04-13 10:00:00, 502.68875051575435, 0.5205418354290594, 0.13052110616312843
2025-04-13 11:00:00, 502.78512312693096, 0.5210417186829526, 0.1306085571499992
2025-04-15 01:00:00, 2130.5204043665744, 0.5221391573486241, 0.129973734383005
2025-04-15 02:00:00, 2114.9425343920134, 0.5223215657250885, 0.1299226047808995
2025-04-15 03:00:00, 2114.5808073946605, 0.5225629628824413, 0.1300351189936778
2025-04-15 04:00:00, 2115.495816608965, 0.5227589714654982, 0.12993966597115342
2025-04-19 00:00:00, 2596.3252030311264, 0.5494384197693427, 0.12955837663543784
2025-04-19 01:00:00, 2599.336351880365, 0.5498218820216004, 0.12953796462400025
2025-04-19 02:00:00, 2603.384703982127, 0.5500869896781941, 0.12957053136141156
2025-04-19 03:00:00, 966.4897991155673, 0.5503483259477859, 0.129569761500244
2025-04-19 04:00:00, 2557.8592500173286, 0.550547845967684, 0.12961895689584532
2025-04-19 05:00:00, 2557.2254344916423, 0.5508497567128613, 0.12954399790762952
2025-04-19 06:00:00, 2565.39116575592, 0.5511073761365, 0.1295629207561105
2025-04-19 07:00:00, 2571.606304280007, 0.5513935079990997, 0.12955308852572228
2025-04-19 08:00:00, 2585.4975397474336, 0.5516031194987121, 0.1294436032885116
2025-04-19 09:00:00, 2584.1245790750218, 0.5518548149504309, 0.1295519083640058
2025-04-19 10:00:00, 2589.3208201872903, 0.5524667451799739, 0.1296189600568644
2025-04-19 11:00:00, 2593.4405055376924, 0.5531494985629634, 0.12969734278128678
2025-04-20 00:00:00, 2613.510934614475, 0.5584513288431525, 0.13059977949254292
2025-04-20 01:00:00, 2615.7895592741875, 0.5587813202072153, 0.13071906541201572
2025-04-20 02:00:00, 2617.2969845870507, 0.5592108269094325, 0.13077666035868726
2025-04-20 03:00:00, 2619.8363735287753, 0.5597078862017059, 0.1309830752078307
2025-04-20 04:00:00, 2621.9647367772195, 0.5601005700255483, 0.13093346016967927
2025-04-20 05:00:00, 2625.636432780319, 0.5604713192316326, 0.1310182827586788
2025-04-20 06:00:00, 2629.1667795087783, 0.5608309037097494, 0.13088694367208414
2025-04-20 07:00:00, 2631.723851199372, 0.5612075876452746, 0.13106531684809858
2025-04-20 08:00:00, 2633.025183667205, 0.5614652254892663, 0.13119177773621188
2025-04-20 09:00:00, 2633.6859659385395, 0.5616638494950752, 0.1311103345614449
2025-04-20 10:00:00, 2633.7365379486637, 0.5618090011360498, 0.13105615367608647
2025-04-20 11:00:00, 2635.402160857248, 0.56198090910966, 0.13100773772062804
2025-04-21 00:00:00, 2651.270505059654, 0.5628848360944111, 0.13086838077635765
2025-04-21 01:00:00, 2652.743975086676, 0.5628705723027261, 0.13073429966165112
2025-04-21 02:00:00, 2653.8295674008323, 0.5627824343404703, 0.1307350819948066
2025-04-21 03:00:00, 2655.238866119187, 0.5627427244663885, 0.13072065261170168
2025-04-21 04:00:00, 2656.0401419772656, 0.5626839838746963, 0.13063845831054968
2025-04-21 05:00:00, 2656.232995310196, 0.562559664023556, 0.13064525492454543
2025-04-21 06:00:00, 2658.9734817263707, 0.5625348884777174, 0.13063239354085895
2025-04-21 07:00:00, 2658.2187661337803, 0.5623965165059792, 0.13064296089223723
2025-04-21 08:00:00, 2656.7618855325595, 0.5623467448086711, 0.13055020251074975
2025-04-21 09:00:00, 2657.3245671240734, 0.562205542693327, 0.13048654916720584
2025-04-21 10:00:00, 2657.8562483681426, 0.562124402223188, 0.1305407268915452
2025-04-21 11:00:00, 2656.094426330143, 0.5620933014034533, 0.13050209894606135
2025-04-23 05:00:00, 2613.08649153029, 0.5496334973730864, 0.13199487263239212
2025-04-23 06:00:00, 2573.428107246289, 0.550321468681305, 0.13185969040965725
2025-04-23 07:00:00, 2580.4425534061897, 0.5509121066367856, 0.13180623500993813
2025-04-23 08:00:00, 2568.498624011008, 0.5516016705060895, 0.13192518935247902
2025-04-24 00:00:00, 2612.871815558179, 0.55773866750524, 0.13142270025335584
2025-04-24 01:00:00, 2615.757756889575, 0.5580186663801943, 0.13141890129531242
2025-04-24 02:00:00, 2618.5463788736515, 0.5583905113811278, 0.13144778549919434
2025-04-24 03:00:00, 2621.4586943359673, 0.5586694201360728, 0.1314898275426188
2025-04-24 04:00:00, 2629.4676419540056, 0.5590022404513246, 0.13153031118257388
2025-04-24 05:00:00, 2632.3207267479993, 0.5592458172107984, 0.1314989028042214
2025-04-24 06:00:00, 2618.1708865928504, 0.5593898711448776, 0.13149847046389967
2025-04-24 07:00:00, 2612.5840573896635, 0.5595652538273509, 0.13137686218152808
2025-04-24 08:00:00, 2614.7699391742226, 0.5597084475801387, 0.13129504643814155
2025-04-24 09:00:00, 2617.8560525558937, 0.5598656203324166, 0.13130307371963099
2025-04-24 10:00:00, 2621.7746963756817, 0.560017559082454, 0.13133064848726428
2025-04-24 11:00:00, 2624.9677246214474, 0.5602008478991132, 0.13124777574059707
2025-04-25 00:00:00, 2424.6561553618008, 0.5598875265694822, 0.1314610410961752
2025-04-25 01:00:00, 2425.2276723228833, 0.5596531702112563, 0.13156103485271056
2025-04-25 02:00:00, 2426.1600802769076, 0.5594093797918863, 0.1315368363269592
2025-04-25 03:00:00, 2362.3419192033866, 0.5591359885850394, 0.13157735450100894
2025-04-25 04:00:00, 2269.6071052127013, 0.5588871332144509, 0.13150314010837705
2025-04-25 05:00:00, 2238.6755651171356, 0.558510258064346, 0.13155077966345044
2025-04-25 06:00:00, 2225.344602248359, 0.5579835945786489, 0.13159586362565173
2025-04-25 07:00:00, 2218.2959222005256, 0.5574330476873417, 0.13154093498933253
2025-04-25 08:00:00, 2214.3944060972103, 0.556904455763344, 0.1316015371963218
2025-04-25 09:00:00, 2212.873977238898, 0.5564124588151984, 0.13165305491259915
2025-04-25 10:00:00, 2213.2275875553137, 0.555893280602807, 0.13166025845454069
2025-04-25 11:00:00, 2217.462118482862, 0.5554234335298781, 0.13166329702601037
2025-04-26 00:00:00, 2232.8666226875494, 0.5477839496446814, 0.13189201716873872
2025-04-26 03:00:00, 2207.3211678443727, 0.5460043013879274, 0.13175601147775373
2025-04-26 04:00:00, 2486.6946246191533, 0.5454656158867486, 0.13182603223915806
2025-04-26 05:00:00, 1961.590610957604, 0.5449705441546414, 0.13188020352842633
2025-04-26 06:00:00, 922.5664309980718, 0.5445276875397773, 0.1318710844246754
2025-04-26 07:00:00, 1299.1759107928056, 0.5440459916834095, 0.13180366696764706
2025-04-26 08:00:00, 1803.0550143339556, 0.5437353026703532, 0.13184571848007015
2025-04-26 09:00:00, 2484.301198056984, 0.5433862477517283, 0.13179800280386392
2025-04-26 10:00:00, 3215.7828146959496, 0.5431214109865897, 0.13186307614879614
2025-04-26 11:00:00, 3738.0620350310073, 0.5428190755654788, 0.1317683834846342
2025-04-27 00:00:00, 4709.348294800366, 0.5411484110722679, 0.1321015842877696
2025-04-27 01:00:00, 5505.552191736971, 0.541134826885635, 0.13208797225164642
2025-05-09 10:00:00, 2692.426208294029, 0.5646413131103303, 0.15525465311892414
2025-05-09 11:00:00, 2673.3765918075533, 0.5662553767722408, 0.15284917104801082
2025-05-10 00:00:00, 2426.707539015788, 0.5753537557106556, 0.14972338425311743
2025-05-10 01:00:00, 2407.640057722679, 0.5764554256877022, 0.14918287862094606
2025-05-10 02:00:00, 2405.739836847655, 0.5774260369259141, 0.1488741482306513
2025-05-10 03:00:00, 2404.6135175261998, 0.5781625155805191, 0.14860065647384577
2025-05-10 04:00:00, 2404.256008279975, 0.5786071715066633, 0.14838476926525607
2025-05-10 05:00:00, 2403.29608568084, 0.5788336239629099, 0.14811587485300348
2025-05-10 06:00:00, 2403.2883599745696, 0.5789509415928731, 0.14792911815952506
2025-05-10 07:00:00, 2403.188505416547, 0.5790224382289416, 0.14783328276371605
2025-05-10 08:00:00, 2403.2126095545163, 0.5789969919497305, 0.14769957423455582
2025-05-10 09:00:00, 2403.0654588549314, 0.5788586639677546, 0.14754654819501495
2025-05-10 10:00:00, 2403.45741514413, 0.5787319022803292, 0.14743176830036087
2025-05-10 11:00:00, 2403.5890178062355, 0.5786216792909777, 0.14740063430997447
2025-05-11 00:00:00, 2410.448467579753, 0.576165689813314, 0.14604187267048485
2025-05-11 01:00:00, 2410.06918478557, 0.5760640530740624, 0.1459433899639764
2025-05-11 02:00:00, 2407.1849444805503, 0.575819508197378, 0.14577080525116817
2025-05-11 03:00:00, 2411.4155574981455, 0.5756277766496353, 0.1456561500491288
2025-05-11 04:00:00, 2412.194219028301, 0.5754611359971116, 0.14552773864184923
2025-05-11 05:00:00, 2412.4731981845616, 0.5752927443960185, 0.1454307679903168
2025-05-11 06:00:00, 2412.5575792551554, 0.5751068209734178, 0.14534968497984135
2025-05-11 07:00:00, 2413.5421367987124, 0.5749809474061442, 0.1452488958627309
2025-05-11 08:00:00, 2434.57853664936, 0.5748998449356951, 0.14522463427726087
2025-05-11 09:00:00, 2412.4685726055695, 0.5748570848988448, 0.14511210085321266
2025-05-11 10:00:00, 2412.5665591983775, 0.5747709169339976, 0.1450503060244147
2025-05-11 11:00:00, 2421.762138122777, 0.5747722435570006, 0.14501501968304203
2025-05-12 00:00:00, 2412.5045829990568, 0.5735559594690928, 0.14386608030514916
2025-05-12 01:00:00, 2411.410400173572, 0.5735866457831569, 0.143795993134133
2025-05-12 02:00:00, 2411.6566762030184, 0.5735191068901108, 0.14363276525630383
2025-05-12 03:00:00, 2412.5010006862135, 0.5734677975308927, 0.14350816265663557
2025-05-12 04:00:00, 2412.9379850798987, 0.5734072753434141, 0.14340970629933625
2025-05-12 05:00:00, 2413.8851226606926, 0.5732695823330721, 0.14333390796959786
2025-05-12 06:00:00, 2414.8683307348037, 0.57314525936519, 0.14324675635985393
2025-05-12 07:00:00, 2415.4341865592946, 0.5730172066156155, 0.14317440070986756
2025-05-12 08:00:00, 2414.2217806750805, 0.5729561082058987, 0.14317978998184142
2025-05-12 09:00:00, 2412.540039253676, 0.573057677382425, 0.1434058420499211
2025-05-12 10:00:00, 2413.4919938647213, 0.5729295905067021, 0.14329596314501225
2025-05-12 11:00:00, 2415.048716939626, 0.5728576333489175, 0.14328455794814138
2025-05-13 00:00:00, 2392.505698342062, 0.6789226940463252, 0.1436943220774122
2025-05-13 01:00:00, 2288.8781956275147, 0.5678616516501216, 0.14384285995120227
2025-05-13 02:00:00, 1459.5356861379794, 0.5529205064501019, 0.1456854919973391
2025-05-13 03:00:00, 1459.0972532532078, 0.5895870964172913, 0.14460278363395532
2025-05-13 04:00:00, 1459.468412727245, 0.596773438351186, 0.14414549446767602
2025-05-13 05:00:00, 1460.210384784221, 0.7085791487892817, 0.1438185312146342
2025-05-13 06:00:00, 1687.1502456116943, 0.6173774443788144, 0.14373168913692436
2025-05-13 07:00:00, 2394.5670481207335, 0.6285050644809307, 0.14369486623625743
2025-05-13 08:00:00, 2394.2871353859196, 0.8653491601899516, 0.1435948193574492
2025-05-13 09:00:00, 2395.340427823946, 0.7172145372016915, 0.14363146910170488
2025-05-13 10:00:00, 2395.624364657687, 0.7347758010561783, 0.14363256722362366
2025-05-13 11:00:00, 2398.121986588559, 0.6156955919519741, 0.14365668348948282
2025-05-14 00:00:00, 2415.1223776431107, 0.5800371666051797, 0.1434276889809342
2025-05-14 01:00:00, 2413.986387454612, 0.5810334289933676, 0.14333033304895196
2025-05-14 02:00:00, 2414.455674507667, 0.6477554343342139, 0.1432580243656935
2025-05-14 03:00:00, 2415.046193406294, 0.7188179180984127, 0.14328562438762596
2025-05-14 04:00:00, 2415.853795871618, 0.7733787689825462, 0.1433836462226075
2025-05-14 05:00:00, 2429.2653146898397, 0.7129784143088981, 0.14339417552044864
2025-05-14 06:00:00, 2420.248552770335, 0.6354232659202274, 0.14334487911047175
2025-05-14 07:00:00, 2419.1924642639096, 0.6153101157002805, 0.14333007731673003
2025-05-14 08:00:00, 2420.409093087911, 0.5673629578496183, 0.14326602299785268
2025-05-14 09:00:00, 2420.648252551857, 0.5675688292519177, 0.1432637133607957
2025-05-14 10:00:00, 2421.345337909773, 0.5745333297223753, 0.14326032784457243
2025-05-14 11:00:00, 2422.0699946767986, 0.5680766207969514, 0.1432383221281789
2025-05-15 00:00:00, 2427.7185321839256, 0.5712037934531198, 0.14321855606961909
2025-05-15 01:00:00, 2427.8571335947004, 0.5714677440705119, 0.14323211153770515
2025-05-15 02:00:00, 2428.1388028598967, 0.5717641563414013, 0.14324572046988995
2025-05-15 03:00:00, 2428.403058822639, 0.5720426191397565, 0.14321956858015392
2025-05-15 04:00:00, 2428.6525488296525, 0.5722305010418313, 0.14314042229953436
2025-05-15 05:00:00, 2429.6701765738762, 0.5773734706148167, 0.1431786341274118
2025-05-15 06:00:00, 2429.0794748951757, 0.5726207864981058, 0.14319266313612913
2025-05-15 07:00:00, 2430.678135138681, 0.5727758048019902, 0.14323876919818468
2025-05-15 08:00:00, 2431.2306789226445, 0.5730042399333939, 0.1432523781127845
2025-05-15 09:00:00, 2431.01455441523, 0.5732511081644122, 0.1432690035817442
2025-05-15 10:00:00, 2431.288125476187, 0.5734786730831124, 0.14325385134383636
2025-05-15 11:00:00, 2431.316602460278, 0.573669888154745, 0.1433318553157889
2025-05-16 00:00:00, 2435.2492172875386, 0.5756814591859664, 0.14337997528369734
2025-05-16 01:00:00, 2437.1764834324813, 0.575814116244064, 0.14339661060810224
2025-05-16 02:00:00, 2436.8905133483695, 0.5759630087247961, 0.14340188958740072
2025-05-16 03:00:00, 2437.0253837246264, 0.5814530106638585, 0.14340261858383108
2025-05-16 04:00:00, 2437.2270205460445, 0.5762274082211285, 0.14344044843620196
2025-05-16 05:00:00, 2437.7301164544956, 0.576328904283189, 0.1434461439196004
2025-05-16 06:00:00, 2438.024437027282, 0.576435686553065, 0.14342180972679777
2025-05-16 07:00:00, 2438.3375067486086, 0.5764786802767523, 0.14328362325806593
2025-05-16 08:00:00, 2438.573876703551, 0.5765578169797656, 0.1432776153613285
2025-05-16 09:00:00, 2439.096915570491, 0.5766953279346834, 0.14338400537134247
2025-05-16 10:00:00, 2438.9392420870986, 0.576805815092257, 0.14341194632349255
2025-05-16 11:00:00, 2439.2796671359156, 0.579403253583801, 0.1434111541546397
2025-05-17 00:00:00, 2433.5966770355567, 0.5807914873261527, 0.1436318281178472
2025-05-17 01:00:00, 2433.8524853801173, 0.5692790802110805, 0.14364355677203008
2025-05-17 02:00:00, 2430.720810959234, 0.5672638688889, 0.14367881692518306
2025-05-17 03:00:00, 2427.8639032684487, 0.5619296869226851, 0.14377262229957635
2025-05-17 04:00:00, 1888.4912224745017, 0.5586806225237476, 0.14474637338519758
2025-05-17 05:00:00, 2361.4782091841626, 0.5655994260113686, 0.14476524737899718
2025-05-17 06:00:00, 2425.1867472463155, 0.5582373888272992, 0.1442102400762094
2025-05-17 07:00:00, 2426.0982850965493, 0.5593088370158632, 0.14397577985408375
2025-05-17 08:00:00, 2426.941853861718, 0.5602643213129955, 0.14390183364591386
2025-05-17 09:00:00, 2427.95302817008, 0.5616894533139626, 0.14397147597368207
2025-05-17 10:00:00, 2427.435394623314, 0.565822775042425, 0.1439881456517709
2025-05-17 11:00:00, 2427.7165006635078, 0.5633882309795504, 0.14392980275666015
2025-05-18 00:00:00, 2436.636062924784, 0.5706730791662512, 0.14427424630287258
2025-05-18 01:00:00, 2436.36272976805, 0.5713407194261075, 0.1443741829720024
2025-05-18 02:00:00, 2437.0425236768942, 0.5718263647248089, 0.1444143036674512
2025-05-18 03:00:00, 2242.1710476108633, 0.5717772217557952, 0.14426732661507466
2025-05-18 04:00:00, 1489.5228217761833, 0.5720552271662038, 0.14434311523324503
2025-05-18 05:00:00, 1488.2848427511112, 0.5722025577820196, 0.14430104791008433
2025-05-18 06:00:00, 1488.0964173087305, 0.5724268544316107, 0.14426812149638835
2025-05-18 07:00:00, 1487.9064939275136, 0.5726511536948674, 0.1442321123641582
2025-05-18 08:00:00, 1487.5841854240145, 0.5727818328035876, 0.14411019884237028
2025-05-18 09:00:00, 1487.438640010293, 0.5766798770427759, 0.14415600862583022
2025-05-18 10:00:00, 2095.4943785910823, 0.573297524977883, 0.14414651730591174
2025-05-18 11:00:00, 2443.539425624025, 0.573451220060532, 0.14416768352011983
2025-05-19 00:00:00, 1435.7041405199855, 0.5736710638081736, 0.14388018443900258
2025-05-19 01:00:00, 537.5357802537304, 0.573543460238111, 0.1438979743210058
2025-05-19 02:00:00, 534.936902491448, 0.5734594783841472, 0.1438290135997719
2025-05-19 03:00:00, 534.4274740411104, 0.5793242053994351, 0.14380289995498607
2025-05-19 04:00:00, 534.4236415100052, 0.5732676378773299, 0.1438089268347647
2025-05-19 05:00:00, 534.4121305717055, 0.5843610543364129, 0.14376005332709624
2025-05-19 06:00:00, 1864.2982627133872, 0.5825741269823177, 0.1437077655183194
2025-05-19 07:00:00, 2436.3821541453926, 0.5728891996412637, 0.14341956334110764
2025-05-19 08:00:00, 2387.243787344789, 0.6407617841277883, 0.14325747489285043
2025-05-19 09:00:00, 2355.3953027730613, 0.7252649614958376, 0.14333735336463183
2025-05-19 10:00:00, 2413.7825387883486, 0.5750198413337961, 0.1434051966875092
2025-05-19 11:00:00, 2317.9174430414164, 0.5973083962220324, 0.14335941837036287
2025-05-20 00:00:00, 2386.01592418884, 0.5941241497582427, 0.14289343017959225
2025-05-20 01:00:00, 2384.732593891191, 0.5711747888412493, 0.1429240688491647
2025-05-20 02:00:00, 2387.5031090623465, 0.572081840464926, 0.14290205712937865
2025-05-20 03:00:00, 2396.4713707515, 0.5715144075964853, 0.14285321231914053
2025-05-20 04:00:00, 2403.2890119229814, 0.5717207338065258, 0.14286683385242652
2025-05-20 05:00:00, 2391.918272290778, 0.5718470224577572, 0.14265136900449002
2025-05-20 06:00:00, 2391.1210375463575, 0.5719094978239917, 0.14256464370633223
2025-05-20 07:00:00, 2392.063595692364, 0.571996494386976, 0.14246237482722776
2025-05-20 08:00:00, 2393.400256135877, 0.5720728041366209, 0.14239873750600554
2025-05-20 09:00:00, 2394.886744430784, 0.5781679638390073, 0.14238549416656035
2025-05-20 10:00:00, 2396.137552555287, 0.5722177175783192, 0.14245172524703667
2025-05-20 11:00:00, 2397.127959792359, 0.5773635354170334, 0.14245514569245254
2025-05-21 00:00:00, 2408.926793457088, 0.5738554522205235, 0.14215016956301813
2025-05-21 01:00:00, 2409.8732070488595, 0.5739083115256076, 0.1420861502523718
2025-05-21 02:00:00, 2410.9227271577392, 0.574002816833731, 0.14213419693564355
2025-05-21 03:00:00, 2411.7303476111692, 0.5800109306843272, 0.14217545672767798
2025-05-21 04:00:00, 2412.437203831034, 0.5742634874363233, 0.14219208219950585
2025-05-21 05:00:00, 2413.2575142044734, 0.5764581967065026, 0.1421591307994232
2025-05-21 06:00:00, 2414.061291101903, 0.5744537984716148, 0.14215831988459735
2025-05-21 07:00:00, 2414.9345546903855, 0.5745555191577763, 0.14212801268494227
2025-05-21 08:00:00, 2415.264908878871, 0.5746307130367204, 0.1420371508232146
2025-05-21 09:00:00, 2415.5852921087385, 0.5746789477557556, 0.14192280680468727
2025-05-21 10:00:00, 2416.354202019742, 0.5746936157751842, 0.14187283198314266
2025-05-21 11:00:00, 2416.620041335904, 0.5746642422335193, 0.14185277308610922
2025-05-22 00:00:00, 2423.7213179677105, 0.574750358500319, 0.14162079670681477
2025-05-22 01:00:00, 2423.9247880080343, 0.5747624469449716, 0.14167114677868956
2025-05-22 02:00:00, 2424.241042580534, 0.5748646025730145, 0.1417165556630804
2025-05-22 03:00:00, 2424.925795728792, 0.5749126040259585, 0.1416911550237177
2025-05-22 04:00:00, 2425.015554973716, 0.577586386816635, 0.14171121059074693
2025-05-22 05:00:00, 2425.375567040562, 0.5749200816255825, 0.14165176044344135
2025-05-22 06:00:00, 2425.869141887892, 0.5749421965764545, 0.14164906883680217
2025-05-22 07:00:00, 2425.574694787224, 0.576652997095626, 0.14152341880925517
2025-05-22 08:00:00, 2426.0570797221335, 0.5748507592797406, 0.14138827748186666
2025-05-22 09:00:00, 2426.7426831150174, 0.5748189847216665, 0.14135795724346048
2025-05-22 10:00:00, 2427.2639977940694, 0.5748560480176662, 0.14144050816416545
2025-05-22 11:00:00, 2427.402882002945, 0.5749007518930118, 0.14143520084863417
2025-05-23 00:00:00, 2432.0128048965594, 0.575817676149864, 0.1415857189633145
2025-05-23 01:00:00, 2431.975064508295, 0.5759301344222973, 0.14157815238936491
2025-05-23 02:00:00, 2432.416466690952, 0.5760548619854835, 0.14162621185207974
2025-05-23 03:00:00, 2432.994699694914, 0.5858483464865003, 0.14165118979573416
2025-05-23 04:00:00, 2432.9771206785767, 0.5847422256413037, 0.14167918098001267
2025-05-23 05:00:00, 2432.994141128971, 0.5818404366151925, 0.14155085823906202
2025-05-23 06:00:00, 2433.471914479709, 0.5867838783363217, 0.1415266313826731
2025-05-23 07:00:00, 2432.9714400275234, 0.5793482010386928, 0.14140095905092018
2025-05-23 08:00:00, 2432.4066184245808, 0.5822800136579462, 0.14139487839714265
2025-05-23 09:00:00, 2433.3461279844573, 0.5805779581198386, 0.14141907717096455
2025-05-23 10:00:00, 2433.768127716305, 0.5807424038224566, 0.14147700394592988
2025-05-23 11:00:00, 2434.275792060673, 0.5808426225201403, 0.1414943681342195
2025-05-24 00:00:00, 2436.9095616471623, 0.5810572382583908, 0.141555228912842
2025-05-24 01:00:00, 2437.1280521277617, 0.5812175254784331, 0.1415378206367785
2025-05-24 02:00:00, 2437.667128470167, 0.5812570002166862, 0.14158587377468104
2025-05-24 03:00:00, 2437.596750805721, 0.5815005858159173, 0.14152266245754277
2025-05-24 04:00:00, 2437.322881218726, 0.593759730480503, 0.1415067877538646
2025-05-24 05:00:00, 2438.0223321392973, 0.6002528184185489, 0.141463656755519
2025-05-24 06:00:00, 2438.700137617696, 0.5865321451841778, 0.1414196865511587
2025-05-24 07:00:00, 2437.8680418317317, 0.7262146445755865, 0.14146055805702695
2025-05-24 08:00:00, 2438.668190074324, 0.7563972861009516, 0.14158021583137573
2025-05-24 09:00:00, 2439.0833127159763, 0.7328145393163814, 0.1416033354918512
2025-05-24 10:00:00, 2438.828944745483, 0.7312747590566576, 0.14165066297207307
2025-05-24 11:00:00, 2439.560774150135, 0.7341581036809834, 0.14168632793967043
2025-05-25 00:00:00, 2441.6769520716016, 0.750383909718117, 0.1417441786891389
2025-05-25 01:00:00, 2137.9623056529504, 0.7482302302939241, 0.1417786323306131
2025-05-25 02:00:00, 2441.6477527080838, 0.6840684282208934, 0.14167032453978995
2025-05-25 03:00:00, 2441.9720981386195, 0.7663804154387062, 0.14160744162450592
2025-05-25 04:00:00, 2441.6280680651053, 0.7362328462736254, 0.14162145775762694
2025-05-25 05:00:00, 2442.031204939059, 0.621980696709243, 0.1415763896062103
2025-05-25 06:00:00, 2442.4622584733543, 0.5860120496225354, 0.14149309383028424
2025-05-25 07:00:00, 2442.4086142606334, 0.6527838137257265, 0.14144608469471423
2025-05-25 08:00:00, 2138.3399866682853, 0.7383481525662811, 0.14151539228594198
2025-05-25 09:00:00, 2443.0410865979593, 0.5893200916513585, 0.14156501057538837
2025-05-25 10:00:00, 2442.8366303396424, 0.5823906786953004, 0.1415933932069462
2025-05-25 11:00:00, 2443.4048057414916, 0.5779210557810336, 0.14162859780271705
2025-05-26 00:00:00, 2444.6402510258085, 0.577871490075154, 0.14170352229337177
2025-05-26 01:00:00, 2445.073308364829, 0.5778765227039865, 0.14171979456042555
2025-05-26 02:00:00, 2445.001735146649, 0.5779041632339207, 0.14173605109573306
2025-05-26 03:00:00, 2445.0211278579704, 0.5778883810435722, 0.14174363979112692
2025-05-26 04:00:00, 2445.3173006187735, 0.5779372775703799, 0.1417780837379598
2025-05-26 05:00:00, 2445.248615095447, 0.5848631777843704, 0.14167548982118786
2025-05-26 06:00:00, 2445.234042418631, 0.5894307759515917, 0.14153919058659004
2025-05-26 07:00:00, 2444.9599522385643, 0.5833273027126387, 0.1414396133595918
2025-05-26 08:00:00, 2444.4604037966296, 0.5842885121459478, 0.1414713784253452
2025-05-26 09:00:00, 2445.1632484859524, 0.5803318870543338, 0.14165914846309377
2025-05-26 10:00:00, 2445.439210418469, 0.582177756371855, 0.14166595128628282
2025-05-26 11:00:00, 2445.7314251526695, 0.5822128705566023, 0.14178107837959136
2025-05-27 00:00:00, 2446.863166269498, 0.5783023219416085, 0.14185183150156586
2025-05-27 01:00:00, 2447.155193297209, 0.5783459524435988, 0.14187832719520738
2025-05-27 02:00:00, 2445.96630036074, 0.578384550205608, 0.14189234027733302
2025-05-27 03:00:00, 2447.5788761896088, 0.5809684053950541, 0.14196201395010663
2025-05-27 04:00:00, 2448.124274471412, 0.5784959077180442, 0.14193890084018013
2025-05-27 05:00:00, 2448.327415266457, 0.5784906441311642, 0.14186579712890968
2025-05-27 06:00:00, 2447.4381829657623, 0.5784097186596493, 0.14166697067330014
2025-05-27 07:00:00, 2447.4251053635485, 0.5783103787448786, 0.14159953394829736
2025-05-27 08:00:00, 2447.255125879716, 0.5782235829525939, 0.14151928029699593
2025-05-27 09:00:00, 2447.7510488289845, 0.5781834635779705, 0.14161692961131692
2025-05-27 10:00:00, 2447.9571623180486, 0.5783112971357027, 0.1417694602595158
2025-05-27 11:00:00, 2447.522865913817, 0.5783514361762135, 0.141818415784413
2025-05-28 00:00:00, 2448.974647860601, 0.5786415043886148, 0.14198572911918314
2025-05-28 01:00:00, 2449.459670931803, 0.5787033185939048, 0.1420088168422178
2025-05-28 02:00:00, 2448.957343573709, 0.578796464123574, 0.14200767470582723
2025-05-28 03:00:00, 2449.033076438535, 0.5788447175054751, 0.14204854325661828
2025-05-28 04:00:00, 2448.843875380093, 0.5814665188242535, 0.1421049614705989
2025-05-28 05:00:00, 2448.8623406898087, 0.5789341754276559, 0.1421049836203014
2025-05-28 06:00:00, 2449.5603994960766, 0.578957839314784, 0.14206787638590032
2025-05-28 07:00:00, 2450.0040159575815, 0.5789639908796976, 0.14195954615766732
2025-05-28 08:00:00, 2450.0166230287027, 0.5789655139199724, 0.1418740006967971
2025-05-28 09:00:00, 2449.954677104362, 0.5789407210033173, 0.14191563891409834
2025-05-28 10:00:00, 2450.3051430819282, 0.5833715657114891, 0.14191408651101234
2025-05-28 11:00:00, 2450.5089785427704, 0.578951928386485, 0.142049262806666
2025-05-29 00:00:00, 2452.0591466437977, 0.5794064459180551, 0.14223024547650184
2025-05-29 01:00:00, 2452.464960738481, 0.5794816404348019, 0.14227077285445888
2025-05-29 02:00:00, 2452.6669645432053, 0.57955224605038, 0.14226130994703753
2025-05-29 03:00:00, 2452.984259596558, 0.5796033171171283, 0.14230672234203137
2025-05-29 04:00:00, 2453.0992433556457, 0.5796724095310315, 0.1423650367061579
2025-05-29 05:00:00, 2452.7632300188716, 0.5797248043277953, 0.14236235455121451
2025-05-29 06:00:00, 2452.5944271157455, 0.5797046470578137, 0.1424153772242594
2025-05-29 07:00:00, 2452.615055097673, 0.5797572745024823, 0.14239003668065162
2025-05-29 08:00:00, 2452.983496121913, 0.5836072791184949, 0.14231883221001815
2025-05-29 09:00:00, 2453.7687124650265, 0.5798769860772964, 0.1423354736279504
2025-05-29 10:00:00, 2453.578353419445, 0.5798953723031866, 0.14227982255421315
2025-05-29 11:00:00, 2453.582925033772, 0.5799420911399603, 0.14233999242943812
2025-05-30 00:00:00, 2341.9379721121786, 0.5788559143767925, 0.14280227581848967
2025-05-30 01:00:00, 2293.624211101498, 0.5786943438374498, 0.1428166516250742
2025-05-30 02:00:00, 2264.6774845812524, 0.5784812388018423, 0.14288404735274707
2025-05-30 03:00:00, 2251.6503231739093, 0.5803018905014821, 0.14282457496250095
2025-05-30 04:00:00, 2244.9571222217164, 0.5798717146585811, 0.14278066171568052
2025-05-30 05:00:00, 2241.379336095806, 0.5774908626538394, 0.1428313777687633
2025-05-30 06:00:00, 2239.7320400052618, 0.5771562879597182, 0.142871129113034
2025-05-30 07:00:00, 2238.301250702002, 0.5768392497948338, 0.14292261237688816
2025-05-30 08:00:00, 2237.248606494341, 0.5765349371340375, 0.1429312581940498
2025-05-30 09:00:00, 2237.0719033488663, 0.5811878838955562, 0.1429725462773672
2025-05-30 10:00:00, 2236.7325039590382, 0.5759050220491758, 0.14299372513000938
2025-05-30 11:00:00, 2236.27879979155, 0.57560687434072, 0.14300582903706147
2025-05-31 00:00:00, 2231.131199626611, 0.5724573404764043, 0.14318570084498414
2025-05-31 01:00:00, 2231.6937683722153, 0.5722773517971296, 0.14323037450094725
2025-05-31 02:00:00, 2232.102426429419, 0.5722098391645078, 0.14322544264695408
2025-05-31 03:00:00, 1497.7842964162483, 0.5745641346189528, 0.143265560139067
2025-05-31 04:00:00, 1802.7078853046596, 0.5719600863080642, 0.1433049235412543
2025-05-31 05:00:00, 2234.585709262379, 0.5718552945476036, 0.1435196435284215
2025-05-31 06:00:00, 2231.7545508704825, 0.5717351480048805, 0.14332007600499286
2025-05-31 07:00:00, 2230.8767629737567, 0.5716191727507415, 0.14334053518910023
2025-05-31 08:00:00, 2230.011231779569, 0.5715297304710908, 0.14336441811505637
2025-05-31 09:00:00, 1931.013341383292, 0.576131391497236, 0.14363789333990576
2025-05-31 10:00:00, 1757.4639438957133, 0.5684120319513114, 0.14373383532407996
2025-05-31 11:00:00, 1449.3358800196306, 0.5707604150754115, 0.1438767647073303
2025-06-01 00:00:00, 664.2258982687268, 0.5694367996611743, 0.1442927212844721
2025-06-01 01:00:00, 663.445566584707, 0.5692486583558323, 0.14425252411169534
2025-06-01 02:00:00, 663.4929069943863, 0.5692311289883418, 0.14441685672777035
2025-06-02 00:00:00, 61.67211114164256, 0.49367932523650704, 0.15459731400689067
2025-06-02 01:00:00, 60.115716034767125, 0.49411638924786955, 0.151893566107768
2025-06-02 02:00:00, 59.78672909773447, 0.4973248208713874, 0.150922382875446
2025-06-02 03:00:00, 59.707400661749084, 0.4987233169433467, 0.14938695475068053
2025-06-02 04:00:00, 59.712390087929656, 0.5016803807504263, 0.14881531715942037
2025-06-02 05:00:00, 59.68242519908124, 0.5069171271629193, 0.14912561172191283
2025-06-02 06:00:00, 59.662488237258295, 0.5094515213071341, 0.14857146070140678
2025-06-02 07:00:00, 59.674967873802224, 0.511780746762065, 0.14824669416857553
2025-06-02 08:00:00, 59.63880288174524, 0.5139982396707615, 0.14804914208007317
2025-06-02 09:00:00, 59.660479211567456, 0.5160389814934683, 0.1478582133123768
2025-06-02 10:00:00, 59.65473342844712, 0.518058783028356, 0.14791782753687296
2025-06-02 11:00:00, 552.8824363294175, 0.5198220868126902, 0.14781656554276643
2025-06-03 00:00:00, 634.3024309875037, 0.5124883146804858, 0.1523212609599284
2025-06-03 01:00:00, 630.6089730407432, 0.5134058618918179, 0.1507465969685766
2025-06-03 02:00:00, 630.1388347549808, 0.5070816973308391, 0.15247125950066875
2025-06-03 03:00:00, 631.431568163191, 0.5098938924677036, 0.15174196327996772
2025-06-03 04:00:00, 631.488041971486, 0.5125374760492345, 0.151219404490682
2025-06-03 05:00:00, 631.7507907597973, 0.5148983937662177, 0.15087932191362383
2025-06-03 06:00:00, 632.5588278744093, 0.51714299343669, 0.15077238222177572
2025-06-03 07:00:00, 632.3884305214056, 0.5192043547623212, 0.15046572016644683
2025-06-03 08:00:00, 632.814455271226, 0.521001797062038, 0.149770022519243
2025-06-03 09:00:00, 633.1496989749972, 0.5225923221280147, 0.1493528633899921
2025-06-03 10:00:00, 633.5293041516154, 0.5239960897847277, 0.14913709286732893
2025-06-03 11:00:00, 634.0804880146516, 0.5252432999303057, 0.1489651146199843
2025-06-04 00:00:00, 634.4498171000106, 0.5223820237195913, 0.15065475531010808
2025-06-04 01:00:00, 635.028147372362, 0.5241173598537038, 0.1502543130291222
2025-06-04 02:00:00, 635.5972306968414, 0.525748592226195, 0.1499832258391554
2025-06-04 03:00:00, 636.0837559259091, 0.5272590059144101, 0.14973244669752095
2025-06-04 04:00:00, 636.381480680398, 0.5286854457096418, 0.14952224515699145
2025-06-04 05:00:00, 636.021776451912, 0.5282837525503408, 0.1503207670098112
2025-06-04 06:00:00, 637.1747260419513, 0.5297021194227637, 0.15032612891238414
2025-06-04 07:00:00, 637.5362970383187, 0.5311598567910254, 0.15028663885798715
2025-06-04 08:00:00, 637.9917731637474, 0.5325495086989216, 0.15015561372669634
2025-06-04 09:00:00, 640.8188535438281, 0.531839771035519, 0.15085966040008597
2025-06-04 10:00:00, 638.9846778885802, 0.5246812466574192, 0.152975460767951
2025-06-04 11:00:00, 636.7700038957951, 0.5265261521788771, 0.15144605239058412
2025-06-05 00:00:00, 587.6960862035371, 0.5353415303547392, 0.1506703053447994
2025-06-05 01:00:00, 355.5817504575107, 0.5320891728018522, 0.15422438110506898
2025-06-05 02:00:00, 350.42160559881404, 0.5290713226630399, 0.15254002275937706
2025-06-05 03:00:00, 350.47720618368925, 0.5306571453217171, 0.15185259676723076
2025-06-05 04:00:00, 338.4112260965634, 0.5321061685789701, 0.15133638070120695
2025-06-05 05:00:00, 314.0027690540638, 0.5329857039172949, 0.1512625682779505
2025-06-05 06:00:00, 59.42473818413624, 0.5269230532247464, 0.15259787977463726
2025-06-05 07:00:00, 59.390212892976756, 0.528703455219431, 0.15227968656382054
2025-06-05 08:00:00, 59.34949761709619, 0.5304583450294537, 0.1520736050130501
2025-06-05 09:00:00, 415.53530694431794, 0.5320546174516904, 0.15201053507522655
2025-06-05 10:00:00, 637.2923074198869, 0.5335675268344028, 0.1517894901950011
2025-06-05 11:00:00, 638.1116342369143, 0.5350585202510513, 0.1517818571417328
2025-06-06 00:00:00, 638.8054604417732, 0.5400199693922854, 0.15164254358639448
2025-06-06 01:00:00, 382.11770338514583, 0.5320468571783054, 0.1548133266693246
2025-06-06 02:00:00, 349.6064417224474, 0.529798967191348, 0.15368779528804738
2025-06-06 03:00:00, 349.68740279485354, 0.5313031874901591, 0.15294582565241835
2025-06-06 04:00:00, 349.8134960207236, 0.5327241822662282, 0.1525231097809473
2025-06-06 05:00:00, 349.9302077167099, 0.5340446977529748, 0.1522443169147946
2025-06-06 06:00:00, 350.05934952870996, 0.5352681184718705, 0.15195645884052716
2025-06-06 07:00:00, 350.13721736512707, 0.5363330361220899, 0.15164479961745497
2025-06-06 08:00:00, 350.1762422273829, 0.5414529380268016, 0.15151979012933664
2025-06-06 09:00:00, 335.0164890809522, 0.5434564924237675, 0.15148329554681297
2025-06-06 10:00:00, 59.0354091410416, 0.5327356868939198, 0.1522498615110519
2025-06-06 11:00:00, 387.78474334456484, 0.5336379233230001, 0.1519823999827765
2025-06-07 00:00:00, 641.0016321120319, 0.5345844447912179, 0.15185063089381076
2025-06-07 01:00:00, 641.6729593540357, 0.5354445867171835, 0.15179306064238157
2025-06-07 02:00:00, 642.1016569023262, 0.5362881132859497, 0.15169008375454995
2025-06-07 03:00:00, 642.5348202450698, 0.5371737236540586, 0.1515976158091284
2025-06-07 04:00:00, 642.7769880298293, 0.5380097841141422, 0.15150300261162458
2025-06-07 05:00:00, 643.199194776415, 0.5449931192964007, 0.1514150133317513
2025-06-09 02:00:00, 640.660430170096, 0.5086822074041406, 0.17313941315797368
2025-06-09 03:00:00, 630.1359201507448, 0.5039714997538594, 0.16784625827911623
2025-06-09 04:00:00, 634.9319378400456, 0.5047115529869068, 0.16332820638667248
2025-06-09 05:00:00, 630.2146248072689, 0.5075143683977822, 0.16154772809416407
2025-06-09 06:00:00, 628.9182030760758, 0.5143277192143499, 0.1605815437476258
2025-06-09 07:00:00, 632.2569066951193, 0.5131683656641255, 0.15982238964406761
2025-06-09 08:00:00, 629.4036517621346, 0.5189539823297319, 0.15997287345457462
2025-06-09 09:00:00, 629.4503860202976, 0.5213598796989196, 0.15952752998290023
2025-06-09 10:00:00, 630.0323234831553, 0.5227686964383725, 0.15871025744563336
2025-06-10 00:00:00, 641.6993032304233, 0.5433195144396816, 0.15658968602955176
2025-06-10 01:00:00, 633.8986952210383, 0.5416114998481628, 0.15607152056434676
2025-06-10 02:00:00, 633.7968769288367, 0.5356509311496177, 0.15578969518794986
2025-06-10 03:00:00, 634.1802184321999, 0.5414049276598966, 0.15553707250391693
2025-06-10 04:00:00, 643.3815212772416, 0.567378397685938, 0.1552355706425616
2025-06-10 05:00:00, 636.4998622562505, 0.5517465719666357, 0.15544690794619317
2025-06-10 06:00:00, 632.7190676401094, 0.5395588296728507, 0.15500792910232172
2025-06-10 07:00:00, 633.1552717190575, 0.5396671163764792, 0.1546931621715545
2025-06-10 08:00:00, 635.5202553982622, 0.5842452235766278, 0.1543352016427538
2025-06-10 09:00:00, 641.7707288376163, 0.5823451891002412, 0.1542454094368935
2025-06-10 10:00:00, 637.387783581416, 0.5755508763093654, 0.1542234799740374
2025-06-10 11:00:00, 638.6070723663187, 0.5753701668294482, 0.15398216681827856
2025-06-11 00:00:00, 642.8110957879613, 0.5670404865535164, 0.15443305945818275
2025-06-11 01:00:00, 637.1378127877445, 0.5730167633330779, 0.15402206894817616
2025-06-11 02:00:00, 637.2439177771707, 0.5734574447277269, 0.15372020089083152
2025-06-11 03:00:00, 637.3728935838672, 0.5724990839727382, 0.15347737610334475
2025-06-11 04:00:00, 637.4707909621669, 0.561515987363209, 0.15341028970134096
2025-06-11 05:00:00, 637.9874591466067, 0.5480358234853534, 0.15329026629705467
2025-06-11 06:00:00, 638.4360091673497, 0.5464386445079416, 0.15399911778234274
2025-06-11 07:00:00, 641.1717840852693, 0.5451592096282296, 0.15420964359543518
2025-06-11 08:00:00, 639.0072562977805, 0.5401966427360816, 0.15608818949206182
2025-06-11 09:00:00, 637.5810645386518, 0.5423468111215364, 0.15557340619507032
2025-06-11 10:00:00, 636.025668139295, 0.5385260328661096, 0.1558820547217213
2025-06-11 11:00:00, 638.6147244503862, 0.547708790236492, 0.15573415360384116
2025-06-12 00:00:00, 639.302310556618, 0.5459291250935584, 0.1550336874891735
2025-06-12 01:00:00, 639.5684424612209, 0.5416020885157808, 0.1548154811677294
2025-06-12 02:00:00, 639.938757854476, 0.5426914729569916, 0.1545882168052746
2025-06-12 03:00:00, 642.9669023342311, 0.5358724855224222, 0.15901983160380254
2025-06-12 04:00:00, 640.5772076010078, 0.5365084050927695, 0.15702737928453372
2025-06-12 05:00:00, 643.3127489308932, 0.5378317538080372, 0.15616906815703718
2025-06-12 06:00:00, 639.4003814843485, 0.5391915030901603, 0.15566037813734973
2025-06-12 07:00:00, 639.4167304160405, 0.5403675500399341, 0.15519406825330362
2025-06-12 08:00:00, 639.8211516374988, 0.5415830458547267, 0.15495579053300934
2025-06-12 09:00:00, 640.3765321352499, 0.5426547311506945, 0.15464973244221278
2025-06-12 10:00:00, 640.8163796679974, 0.5437433157230795, 0.1545167776421098
2025-06-12 11:00:00, 641.295524389195, 0.5448301294147543, 0.1544201349162264
2025-06-13 00:00:00, 645.607718607228, 0.554427959182788, 0.15342543181875928
2025-06-13 01:00:00, 645.9298095360969, 0.5559736817065379, 0.15343261348746814
2025-06-13 02:00:00, 646.1886891661482, 0.5553981546289428, 0.15332956814304582
2025-06-13 03:00:00, 646.2696535272124, 0.5558004766888058, 0.15315683709113576
2025-06-13 04:00:00, 646.2957922883496, 0.5561937703101627, 0.1531212004795661
2025-06-13 05:00:00, 646.4837283517751, 0.5565601545669367, 0.15310408297211975
2025-06-13 06:00:00, 646.6436996898542, 0.556977172738492, 0.15304911018873607
2025-06-13 07:00:00, 646.8855062509803, 0.5574079790845299, 0.15302906070145772
2025-06-13 08:00:00, 647.0132873174163, 0.5577815898328525, 0.15296919703319956
2025-06-13 09:00:00, 647.2949366047893, 0.558139623994194, 0.1529600555990063
2025-06-13 10:00:00, 647.5814599365542, 0.5627732412769398, 0.15294149233371293
2025-06-13 11:00:00, 647.871212477675, 0.5588026085044493, 0.15288159089120865
2025-06-14 00:00:00, 649.2874812167023, 0.561291244161575, 0.1521923413254047
2025-06-14 01:00:00, 649.4340195245106, 0.5614931691141472, 0.15220288343094718
2025-06-14 02:00:00, 649.6060163471609, 0.5616490489673865, 0.15212448202821172
2025-06-14 03:00:00, 649.637115922671, 0.5664510564121301, 0.15209339199587468
2025-06-14 04:00:00, 649.5370253580843, 0.5618520646533762, 0.15187523282573492
2025-06-14 05:00:00, 649.375634837515, 0.5619097283149092, 0.1517271046311502
2025-06-14 06:00:00, 649.3934458307403, 0.5620474060763634, 0.15182823419047134
2025-06-14 07:00:00, 649.5912626676583, 0.562189051204711, 0.15184414016571174
2025-06-14 08:00:00, 649.7393503129285, 0.5673291538668935, 0.1518399814778294
2025-06-14 09:00:00, 649.7594292154273, 0.562428455706924, 0.15186756897135154
2025-06-14 10:00:00, 649.8064240142879, 0.5626124086076951, 0.15180923543530972
2025-06-14 11:00:00, 649.8829312316278, 0.562760627142737, 0.1518349485616427
2025-06-15 00:00:00, 650.4735128353013, 0.5635117091214545, 0.15162277283307252
2025-06-15 01:00:00, 651.4374625096302, 0.5536428867708543, 0.15456421809264467
2025-06-15 02:00:00, 651.0302841147691, 0.5520842263354587, 0.15538185049616207
2025-06-15 03:00:00, 653.2507483030572, 0.5522566748218195, 0.15433005483231654
2025-06-15 04:00:00, 650.3136610860668, 0.5529819445349268, 0.15390086113855525
2025-06-15 05:00:00, 654.3848050199944, 0.5537523690138213, 0.15358421639177847
2025-06-15 06:00:00, 650.125769925474, 0.554375466306438, 0.15338879195717262
2025-06-15 07:00:00, 649.6578239707765, 0.5548805858462075, 0.1529263467727873
2025-06-15 08:00:00, 649.734480265195, 0.555311852230585, 0.15272101797718307
2025-06-15 09:00:00, 650.9126803169515, 0.5528287990080339, 0.15282752492933493
2025-06-15 10:00:00, 660.6077594683456, 0.54749396865427, 0.15449645230751555
2025-06-15 11:00:00, 649.7484498823567, 0.5478468881457097, 0.15391764189253945
2025-06-16 00:00:00, 648.5776525842382, 0.5463546420034446, 0.15434540896798143
2025-06-16 01:00:00, 647.6927237172969, 0.5483027849949993, 0.15469730190752198
2025-06-16 02:00:00, 646.9584450063294, 0.5478192194668975, 0.15384433950913728
2025-06-16 03:00:00, 647.6893658536585, 0.5499895442052969, 0.15315978881626754
2025-06-16 05:00:00, 653.9554074532571, 0.5338821041860516, 0.16279127204227598
2025-06-16 06:00:00, 644.9697047543879, 0.5353202855873473, 0.16016353992123458
2025-06-16 07:00:00, 643.9729554788825, 0.5447100736372386, 0.1583095623692156
2025-06-16 08:00:00, 645.5627422112942, 0.5391728032478877, 0.15698598326399354
2025-06-16 09:00:00, 645.5381660095036, 0.5395911216503928, 0.15562165053413277
2025-06-16 10:00:00, 653.6179487785472, 0.5403135758649114, 0.16066867684101954
2025-06-16 11:00:00, 643.3653524107772, 0.5381536543217647, 0.1607234605883414
2025-06-17 00:00:00, 641.9873987472741, 0.5403544787059142, 0.15990064012251815
2025-06-17 01:00:00, 642.54112139438, 0.5412454119186704, 0.15882915566586853
2025-06-17 02:00:00, 646.9798894991116, 0.5431441605049167, 0.1585341225522445
2025-06-17 03:00:00, 644.1726581242416, 0.544384662238461, 0.15821257776915876
2025-06-17 04:00:00, 643.467167025873, 0.5445823137955306, 0.1574686329163894
2025-06-17 05:00:00, 647.0983048468102, 0.5513682998208256, 0.1571020289160011
2025-06-17 06:00:00, 644.7771634016285, 0.5462961414390427, 0.15676608597195602
2025-06-17 07:00:00, 645.361917554564, 0.5474575211511596, 0.156524447834576
2025-06-17 08:00:00, 645.8314942982323, 0.5479170422016025, 0.15626801702258686
2025-06-17 09:00:00, 647.496201996183, 0.5502011072651005, 0.1567301465000214
2025-06-17 10:00:00, 647.0623236972514, 0.5521143718324707, 0.15706426527012135
2025-06-17 11:00:00, 644.2981559481708, 0.5526392447613471, 0.15675973116431846
2025-06-18 00:00:00, 646.7551690293335, 0.5528905924635601, 0.15702585243191755
2025-06-18 01:00:00, 650.9687039137276, 0.5560697349435672, 0.15764597410752956
2025-06-18 02:00:00, 647.8464818094087, 0.5560993535520017, 0.1573600166198834
2025-06-18 03:00:00, 648.2528948992705, 0.5542832535397723, 0.15837429919640372
2025-06-18 04:00:00, 648.6476282265327, 0.5546338278805149, 0.15775380979827672
2025-06-18 05:00:00, 651.42450477376, 0.5499589236879122, 0.16066984975103762
2025-06-18 06:00:00, 648.0251715161727, 0.5504477208805993, 0.15901409498924043
2025-06-18 07:00:00, 648.4027262976286, 0.5512007799843271, 0.15821639478439847
2025-06-18 08:00:00, 648.9292774059064, 0.5520619477881489, 0.1577167363278074
2025-06-18 09:00:00, 648.539649737303, 0.5502598818120142, 0.15772106199379582
2025-06-18 10:00:00, 648.2002797761791, 0.5490391717964831, 0.15755035330569866
2025-06-18 11:00:00, 648.5798347664812, 0.5486353624730433, 0.15831236002999513
2025-06-19 00:00:00, 647.7608591607727, 0.5427323903115969, 0.16087942192880397
2025-06-19 01:00:00, 648.2957446700867, 0.5443079791038719, 0.16049300976513073
2025-06-19 02:00:00, 648.8230655981544, 0.5458186983658254, 0.16005522366401645
2025-06-19 03:00:00, 649.1784244230233, 0.5465695175338859, 0.15941130465614264
2025-06-19 04:00:00, 659.8776143930339, 0.5500815218829253, 0.15988956642326096
2025-06-19 05:00:00, 651.0578394910215, 0.5485555106092761, 0.1613375405704545
2025-06-19 06:00:00, 649.3630563903307, 0.5400609143012441, 0.1636434302351326
2025-06-19 07:00:00, 652.7756374041189, 0.5425904169281193, 0.16211106600918118
2025-06-19 08:00:00, 651.6370951050397, 0.5481689042401603, 0.16073504325726992
2025-06-19 09:00:00, 648.5176464338297, 0.5444174804651312, 0.16000556602075397
2025-06-19 10:00:00, 648.1861341317183, 0.5457314154582017, 0.1595052350329398
2025-06-19 11:00:00, 647.4047992968847, 0.5471087385867988, 0.15913896840966127
2025-06-20 00:00:00, 650.7771826751971, 0.5587370715604383, 0.15676284882615088
2025-06-20 02:00:00, 659.9987218164661, 0.560830346931722, 0.15700561639622546
2025-06-20 03:00:00, 651.7009332604935, 0.5598306274373005, 0.15616434115855835
2025-06-20 05:00:00, 659.1013123913785, 0.5622896958944043, 0.15659164760718325
2025-06-20 06:00:00, 649.801929595564, 0.5622247478758003, 0.15635341411586
2025-06-20 07:00:00, 652.2804335550088, 0.5644545076856952, 0.157120784517332
2025-06-20 08:00:00, 649.9662786050018, 0.5650135830570746, 0.1570226778943107
2025-06-20 09:00:00, 650.5251521636841, 0.5650716351832384, 0.1566965859351842
2025-06-20 10:00:00, 651.3964245961274, 0.5654026814226012, 0.15657574772829136
2025-06-20 11:00:00, 650.2167187113877, 0.5649583701249331, 0.15606589716604438
2025-06-21 00:00:00, 659.3836785470359, 0.5699299147647022, 0.15550221479450244
2025-06-21 01:00:00, 652.577710489836, 0.5692207832532462, 0.15508930282508593
2025-06-21 02:00:00, 655.9798339224848, 0.5700581653585283, 0.15529345840466763
2025-06-21 03:00:00, 654.1094007558854, 0.5720212911968494, 0.15603860894526764
2025-06-21 04:00:00, 653.1323991014374, 0.5712799043765507, 0.15554647911474
2025-06-21 05:00:00, 653.793331739599, 0.5711880009446865, 0.15533127624771442
2025-06-21 06:00:00, 653.5340344574953, 0.5703007524382089, 0.1547767137051396
2025-06-21 07:00:00, 655.0373449095067, 0.572573952966442, 0.15571840526062394
2025-06-21 08:00:00, 660.0836390118034, 0.5725416605606721, 0.15547747391637048
2025-06-21 09:00:00, 655.1213817540802, 0.570664026875841, 0.15447517327609783
2025-06-22 00:00:00, 660.8097775326854, 0.5772289193804832, 0.1555148582145709
2025-06-22 01:00:00, 656.040936310702, 0.5756523199592621, 0.15469396411126596
2025-06-22 02:00:00, 656.4811942850783, 0.5753858893976319, 0.15450721026580322
2025-06-22 03:00:00, 661.5340153849135, 0.5775669572142669, 0.1555015082722035
2025-06-22 04:00:00, 658.4294045251936, 0.5777496026898175, 0.1553711629713291
2025-06-22 05:00:00, 658.6307742513243, 0.5775048669594799, 0.1551499206481555
2025-06-22 06:00:00, 659.8744796567809, 0.576458028588355, 0.1545631920135726
2025-06-22 07:00:00, 662.8938806578029, 0.5792624953758239, 0.15571171878295745
2025-06-22 08:00:00, 659.0722457482412, 0.5776301813710527, 0.15478136733622883
2025-06-22 09:00:00, 658.761717714436, 0.5769798025067945, 0.15432757809226874
2025-06-22 10:00:00, 659.0375836040029, 0.5768881484866686, 0.1542760036809098
2025-06-22 11:00:00, 663.2401635851658, 0.5790929111768535, 0.15528210852002233
2025-06-23 00:00:00, 661.1859648923091, 0.5821214365476892, 0.15537191350814686
2025-06-23 01:00:00, 660.8203118950046, 0.5812114397868233, 0.1548283601106135
2025-06-23 02:00:00, 665.9759858897602, 0.5836600114168401, 0.15591435009002624
2025-06-23 03:00:00, 662.7931729985985, 0.5830664047877303, 0.15546091686984542
2025-06-23 04:00:00, 663.1086552423741, 0.5827278353483233, 0.15518699899328997
2025-06-23 05:00:00, 663.5826732192928, 0.5858345314250216, 0.15474341699881047
2025-06-23 06:00:00, 664.2258815732224, 0.5810216425777217, 0.15417554519965232
2025-06-23 07:00:00, 671.0360941074631, 0.5821975853642078, 0.15465283042747843
2025-06-23 08:00:00, 661.4272086128566, 0.5823416528142872, 0.15451193648414804
2025-06-23 09:00:00, 662.5764969377534, 0.582831723204147, 0.15485324959105973
2025-06-23 10:00:00, 666.0134769086079, 0.5840657666695566, 0.15540519014741905
2025-06-23 11:00:00, 662.6270487407543, 0.5823742665782237, 0.15436651469909468
2025-06-24 00:00:00, 664.3130133867588, 0.5825963602118237, 0.1548001888860593
2025-06-24 01:00:00, 668.2402379707628, 0.5836800096521287, 0.15527785811721376
2025-06-24 02:00:00, 666.1472154365052, 0.5857066850735185, 0.1561081748652301
2025-06-24 03:00:00, 668.1719849436906, 0.5856132423188688, 0.15596835696266922
2025-06-24 04:00:00, 671.6447472088126, 0.588894407588942, 0.1574267385720503
2025-06-24 05:00:00, 666.9371728537475, 0.5874634032433976, 0.15660736746470105
2025-06-24 06:00:00, 669.4349916330852, 0.5863473027202892, 0.15634306123597966
2025-06-24 07:00:00, 666.0241290511894, 0.5847478918504423, 0.15645393413531158
2025-06-24 08:00:00, 667.3146788897996, 0.5845191997472995, 0.15623421299481813
2025-06-24 09:00:00, 670.349079414468, 0.5849927033820382, 0.15584815298717844
2025-06-24 10:00:00, 668.8625593438475, 0.5875978182223441, 0.15677770064824212
2025-06-24 11:00:00, 669.8027890166038, 0.5879291743408649, 0.1571488547170783
2025-06-25 00:00:00, 674.136954272473, 0.5797042538516802, 0.1582695006469419
2025-06-25 01:00:00, 672.2716913569004, 0.5802964407379173, 0.15815698619718943
2025-06-25 02:00:00, 673.2260033456054, 0.5795365821015842, 0.15730777754627379
2025-06-25 03:00:00, 672.7531247865583, 0.5797133039377631, 0.15727329275478066
2025-06-25 04:00:00, 672.1960634024426, 0.5803353078238356, 0.1572434207765642
2025-06-25 05:00:00, 672.1379564702669, 0.5807534217504773, 0.15760837102817243
2025-06-25 06:00:00, 675.1829811956924, 0.5819224547593561, 0.15856170548285775
2025-06-25 07:00:00, 670.3927503112052, 0.5760750840577956, 0.1601037853396724
2025-06-25 08:00:00, 676.2760628918838, 0.5723443448319843, 0.16041485070300837
2025-06-25 09:00:00, 668.7859937853392, 0.5682916114879688, 0.1597186538187859
2025-06-25 10:00:00, 669.0445608070505, 0.5653203356669745, 0.15932559983829733
2025-06-25 11:00:00, 669.2634125610904, 0.5667293789026622, 0.15880575375201395
2025-06-26 01:00:00, 673.5450664535666, 0.5529614279877673, 0.16683164298038064
2025-06-26 02:00:00, 663.933066052849, 0.555256576575671, 0.1663585290198085
2025-06-26 03:00:00, 684.9777070063694, 0.5534737399074133, 0.16419743954845822
2025-06-26 05:00:00, 667.1894905820759, 0.5637358617509525, 0.16637625592038574
2025-06-26 06:00:00, 661.325933683433, 0.5632887715751684, 0.16532987634506366
2025-06-26 07:00:00, 662.2601058393791, 0.5636941032342904, 0.16456943045687772
2025-06-26 08:00:00, 663.1281481144198, 0.570825939670869, 0.166387466846763
2025-06-26 09:00:00, 663.7989142862924, 0.553081510253188, 0.16816968686406614
2025-06-26 10:00:00, 666.7929222446861, 0.5572941448218505, 0.16718420809905712
2025-06-26 11:00:00, 663.3089617447307, 0.5585494602839192, 0.16600940355455787
2025-06-27 00:00:00, 666.3567094951151, 0.5746839014337808, 0.16256611444776362
2025-06-27 01:00:00, 669.7195275361593, 0.5793679729934971, 0.16168093792426494
2025-06-27 02:00:00, 672.0461677253375, 0.5751049586566104, 0.16180592914031158
2025-06-27 03:00:00, 668.5216095199065, 0.5766803784956275, 0.16204497356352843
2025-06-27 04:00:00, 667.4336018186848, 0.5759702651703685, 0.16113981778183195
2025-06-27 05:00:00, 671.4910639137171, 0.5751749180056396, 0.16032165510237414
2025-06-27 06:00:00, 668.2330701457292, 0.5752750622280508, 0.1599921586551266
2025-06-27 07:00:00, 670.804324102884, 0.5768289719712143, 0.16025317400890432
2025-06-27 08:00:00, 669.824168340322, 0.5789039126672965, 0.16093496768838203
2025-06-27 09:00:00, 677.3838761024575, 0.5804408806372008, 0.16011715846976202
2025-06-27 10:00:00, 674.029876528219, 0.5799306674768328, 0.16092779264375934
2025-06-27 11:00:00, 669.3391837297431, 0.5805540224281196, 0.16088007388811143
2025-06-28 00:00:00, 673.6357230638338, 0.5818253974023715, 0.15847636346960217
2025-06-28 01:00:00, 676.7557497795823, 0.5828155737218332, 0.15868927493186463
2025-06-28 02:00:00, 681.1159752752827, 0.5797530034033844, 0.15703135537770938
2025-06-28 03:00:00, 677.621681536608, 0.5793528131786431, 0.15669803447602007
2025-06-28 04:00:00, 678.2411542953256, 0.5795736148416547, 0.15670337683640992
2025-06-28 05:00:00, 674.99179918673, 0.58329815232369, 0.15832232751740277
2025-06-28 06:00:00, 671.2636791736867, 0.5825201552984718, 0.15779241738669553
2025-06-28 07:00:00, 670.2452684317689, 0.5829060620892319, 0.1578794899961175
2025-06-28 08:00:00, 674.5408383042667, 0.5855728302939965, 0.15907039268779946
2025-06-28 09:00:00, 672.2031234663469, 0.584747211489292, 0.1585032869867626
2025-06-28 10:00:00, 672.6625974581202, 0.5845487391457331, 0.15824569836686758
2025-06-28 11:00:00, 672.8848501448336, 0.5896858512750299, 0.15753203016942902
2025-06-29 00:00:00, 676.5074612064823, 0.5884981423189238, 0.15829354415293986
2025-06-29 01:00:00, 677.0193521090418, 0.5884401957062237, 0.15813476626202794
2025-06-29 02:00:00, 687.1384771117652, 0.586233209928294, 0.1568931340676628
2025-06-29 03:00:00, 684.4455062502889, 0.5889787134412016, 0.15801552737741312
2025-06-29 04:00:00, 681.1278795278795, 0.5908420948858787, 0.1588703927422836
2025-06-29 05:00:00, 677.5663785296157, 0.5912365508937519, 0.15904649041906221
2025-06-29 06:00:00, 677.7107351921841, 0.5906150795652213, 0.15863284397220034
2025-06-29 07:00:00, 678.3230378094502, 0.5902984147071229, 0.15834149937824243
2025-06-29 08:00:00, 678.9270919660611, 0.5902749258839995, 0.15819487544313818
2025-06-29 09:00:00, 680.2812660994458, 0.5947275519719795, 0.15760541448072699
2025-06-29 10:00:00, 683.0860304537093, 0.5927361789010211, 0.15916336553589036
2025-06-29 11:00:00, 682.1404445310559, 0.5909973209751191, 0.15816412038821834
2025-06-30 00:00:00, 686.5565178781194, 0.5956273352841234, 0.1589918182535344
2025-06-30 01:00:00, 685.4681139810571, 0.5957490857465144, 0.15903011742576337
2025-06-30 02:00:00, 685.7362294643567, 0.5977017588547255, 0.1594573516131132
2025-06-30 03:00:00, 683.0824219955578, 0.5975073191858591, 0.15951165269416615
2025-06-30 04:00:00, 682.4297322526296, 0.5964080903590104, 0.15887640107526038
2025-06-30 05:00:00, 682.7351155330915, 0.5960633778806441, 0.1587812287232915
2025-06-30 06:00:00, 683.2669668323625, 0.5959014747935146, 0.15839674681482457
2025-06-30 07:00:00, 687.6522784043522, 0.5970700050712281, 0.1591065630298867
2025-06-30 08:00:00, 684.000688214967, 0.5977236091101226, 0.1592149058382036
2025-06-30 09:00:00, 686.2198245564128, 0.601100150109299, 0.15870543025249706
2025-06-30 10:00:00, 688.5311974340476, 0.6003428909190063, 0.1598815630804021
2025-06-30 11:00:00, 685.2062948712111, 0.5988453454298197, 0.15949585386345622
2025-07-01 00:00:00, 687.7384948823419, 0.6012248261144728, 0.15950856400628094
2025-07-01 01:00:00, 692.296899682379, 0.5997058437304205, 0.15850429728130688
2025-07-01 02:00:00, 584.9192535757833, 0.5991795853120391, 0.1581701843937144
2025-07-01 03:00:00, 339.8630554072075, 0.5988923183563578, 0.15781688376114847
2025-07-01 04:00:00, 488.0682981703885, 0.5999213731533996, 0.15717714504681685
2025-07-01 05:00:00, 690.2183289568882, 0.5978363205531809, 0.1573210329288495
2025-07-01 06:00:00, 688.5701036939221, 0.6013061884006288, 0.15737060372119718
2025-07-01 07:00:00, 688.4336747213495, 0.597871628285123, 0.15739749670456557
2025-07-01 08:00:00, 688.6343844173417, 0.598017866342883, 0.15746034848647528
2025-07-01 09:00:00, 692.3115656937513, 0.6012808372918713, 0.1589774101632635
2025-07-01 10:00:00, 688.7285733800828, 0.6010786379770459, 0.15885315185531956
2025-07-01 11:00:00, 688.1916065984449, 0.5997891955171849, 0.15860462234954173
2025-07-02 00:00:00, 692.7625580982296, 0.6001304397065111, 0.1594879210145543
2025-07-02 01:00:00, 691.9003224571325, 0.6049241644836845, 0.16174319589244532
2025-07-02 02:00:00, 689.9936167999649, 0.6027067450220194, 0.16029009266918573
2025-07-02 03:00:00, 691.3375204936241, 0.6021015173050372, 0.1598098008702887
2025-07-02 04:00:00, 687.9236336885004, 0.6041687610800589, 0.15964921129091392
2025-07-02 05:00:00, 687.7092063058415, 0.60180061086966, 0.15953664966284942
2025-07-02 06:00:00, 691.4783097579596, 0.6038733271319592, 0.16013749567334562
2025-07-02 07:00:00, 687.9049143936979, 0.6056686904651375, 0.16077614931617024
2025-07-02 08:00:00, 688.9001561237126, 0.6031192958426009, 0.15999210248199938
2025-07-02 09:00:00, 686.9217633488146, 0.6023726962299312, 0.15963415390318517
2025-07-02 10:00:00, 687.2489068734897, 0.6083519268519852, 0.15907955291775852
2025-07-02 11:00:00, 695.4271368591747, 0.6006790054209931, 0.1587242295363008
2025-07-03 00:00:00, 679.592311951335, 0.6013000980885891, 0.1582610713151309
2025-07-03 04:00:00, 687.7189970611366, 0.6015205108525568, 0.15958380706868777
2025-07-03 05:00:00, 679.5613413067015, 0.6004836180643568, 0.15932120455401452
2025-07-03 06:00:00, 680.1277615881978, 0.5990075814814793, 0.159085681472055
2025-07-03 07:00:00, 681.0788543848466, 0.6006517027726428, 0.15893150410364182
2025-07-03 08:00:00, 682.0600203381598, 0.6000768209527898, 0.15890991469937096
2025-07-03 09:00:00, 686.2973147107018, 0.6016057237924215, 0.1593204944672762
2025-07-03 10:00:00, 688.902651034533, 0.5991378926938649, 0.15833903474682218
2025-07-03 11:00:00, 685.7037133853644, 0.6023771410250514, 0.15942737305289784
2025-07-04 00:00:00, 685.2901688775562, 0.6002806693932365, 0.16202393454900915
2025-07-04 01:00:00, 685.0216727883517, 0.6128034099218523, 0.1652000528824217
2025-07-04 02:00:00, 685.4266136457923, 0.5858178451417725, 0.16333032972145853
2025-07-04 03:00:00, 687.6103545279861, 0.5818121678799789, 0.1634069035192485
2025-07-04 04:00:00, 681.8438380707056, 0.5837352226141781, 0.16335169438013641
2025-07-04 05:00:00, 685.8544647329356, 0.5871121934704202, 0.16411696627466205
2025-07-04 06:00:00, 683.4910185480321, 0.5861543001658649, 0.1629140099589777
2025-07-04 07:00:00, 682.6520029338243, 0.5727814909120702, 0.16247116914885631
2025-07-04 08:00:00, 693.9080464576074, 0.5803560631664177, 0.16206591066396991
2025-07-04 10:00:00, 690.0108391829507, 0.5706216385699591, 0.1613433898937257
2025-07-04 11:00:00, 682.6185783837882, 0.5717211379175221, 0.16125181790365134
2025-07-05 00:00:00, 694.0876601293963, 0.5798723032520061, 0.1616734706128688
2025-07-05 01:00:00, 684.6372982626557, 0.5804090766571582, 0.16127889730279815
2025-07-05 02:00:00, 684.4877637130801, 0.5810127800214621, 0.16124020609447492
2025-07-05 03:00:00, 685.9321892597484, 0.5843287358880725, 0.16247652068228247
2025-07-05 04:00:00, 683.235775794464, 0.5838156989982721, 0.1619151806171782
2025-07-05 05:00:00, 683.8956569474169, 0.583877971739607, 0.16159206654100192
2025-07-05 06:00:00, 683.6755023807318, 0.5833640339986694, 0.1609758018401161
2025-07-05 07:00:00, 688.3621821734131, 0.5864235059008732, 0.16203685129555273
2025-07-05 08:00:00, 685.7518986941498, 0.586225493567234, 0.16165351836253194
2025-07-05 09:00:00, 687.4640011745857, 0.5854388244438629, 0.16096405729338306
2025-07-05 10:00:00, 690.979544890061, 0.588474843346725, 0.16202127982928236
2025-07-05 11:00:00, 688.5257259349431, 0.5864991346847959, 0.1607928157909232
2025-07-06 00:00:00, 691.6723304949684, 0.5933533646931068, 0.16093598762810396
2025-07-06 01:00:00, 692.7772072355019, 0.5925230258813063, 0.16029580348937345
2025-07-06 02:00:00, 696.0101117182411, 0.5948233849204786, 0.1610905434468449
2025-07-06 03:00:00, 691.1176388701783, 0.5942196158419198, 0.16056143838042874
2025-07-06 04:00:00, 695.4402103269468, 0.5969325673623622, 0.16185080588557918
2025-07-06 05:00:00, 692.2997857312711, 0.5961247231446389, 0.16141017750653183
2025-07-06 06:00:00, 692.649969896129, 0.5957459162022315, 0.1610268589362613
2025-07-06 07:00:00, 693.1478802068312, 0.5954812771604858, 0.160723428078213
2025-07-06 08:00:00, 694.1919842134115, 0.5948860699038137, 0.16032110553088588
2025-07-06 09:00:00, 697.7017117526319, 0.597793540064362, 0.1615790579939609
2025-07-06 10:00:00, 692.9771205067, 0.5967839487212117, 0.16093925882846016
2025-07-06 11:00:00, 697.772563485741, 0.5997015641210219, 0.16213396471560332
2025-07-07 00:00:00, 719.8527230225661, 0.6048290881882129, 0.16217768949748146
2025-07-07 01:00:00, 717.6638694099136, 0.6043989235576227, 0.16173561607983195
2025-07-07 02:00:00, 717.0136325000379, 0.6042835403263126, 0.16145647157613194
2025-07-07 03:00:00, 717.4001091581541, 0.6042111869238456, 0.1611143534128754
2025-07-07 04:00:00, 717.7187348531994, 0.6044021249871306, 0.16088295152671114
2025-07-07 05:00:00, 727.8124850765901, 0.6038487705212429, 0.1603761232230367
2025-07-07 06:00:00, 710.0757208126394, 0.6061083086818101, 0.16110266331438916
2025-07-07 07:00:00, 715.8600242301197, 0.606327384096113, 0.160979114452601
2025-07-07 11:00:00, 744.694728343432, 0.6037921833375024, 0.16370856454792443
2025-07-08 00:00:00, 693.7491945683959, 0.5809350961586984, 0.17004380582289175
2025-07-08 01:00:00, 694.139862438679, 0.5809072866822288, 0.16883825476467235
2025-07-08 02:00:00, 702.424383491786, 0.5865334656828622, 0.17127431185039435
2025-07-08 03:00:00, 694.0658723653988, 0.5879203633525055, 0.1699528271744581
2025-07-08 04:00:00, 694.3239397729303, 0.5880372139310338, 0.16919655662773536
2025-07-08 06:00:00, 701.7910271195067, 0.5858201058667089, 0.17294328154356214
2025-07-08 07:00:00, 696.7814254757375, 0.5836034147146172, 0.1738873536057538
2025-07-08 08:00:00, 693.6635048748034, 0.5836717115209186, 0.17161541420260637
2025-07-08 09:00:00, 694.4946622548052, 0.584668682420944, 0.17040340790341
2025-07-08 10:00:00, 695.3108292984027, 0.5857530456690625, 0.16943535974758692
2025-07-08 11:00:00, 695.9802321286726, 0.5869387840183445, 0.1688089519869393
2025-07-09 00:00:00, 699.615093361978, 0.5969244589044183, 0.16554995503548825
2025-07-09 01:00:00, 709.3289338141551, 0.5999326807515074, 0.16468793334375686
2025-07-09 02:00:00, 703.6274648716501, 0.5984420018619989, 0.1655587616956672
2025-07-09 03:00:00, 696.8550425482399, 0.598902022048321, 0.16555347333962073
2025-07-09 04:00:00, 697.1861938297463, 0.5991211085292498, 0.1653724179662991
2025-07-09 05:00:00, 701.1212037534862, 0.6024415897765398, 0.16658114706800017
2025-07-09 06:00:00, 698.2508358154678, 0.6018580537519224, 0.16598342462140367
2025-07-09 07:00:00, 703.7700529712204, 0.6019467385333519, 0.16574857070276597
2025-07-09 08:00:00, 700.0492182839726, 0.6019012477461712, 0.16552218267460292
2025-07-09 09:00:00, 699.8959713242065, 0.6010480240204306, 0.16616489986240218
2025-07-09 10:00:00, 700.1560877879974, 0.6009921112371931, 0.16596650277503416
2025-07-09 11:00:00, 700.6439600363306, 0.6004710736718467, 0.16468940121625789
2025-07-10 00:00:00, 701.9224751613752, 0.5495271428140767, 0.18607894478841347
2025-07-10 01:00:00, 691.0159669732568, 0.5499622457942323, 0.17949656818457813
2025-07-10 02:00:00, 690.9120496008256, 0.5522790725441873, 0.17603285393719717
2025-07-10 03:00:00, 691.5344317341074, 0.5550032310108335, 0.1743502150370321
2025-07-10 04:00:00, 703.4990303704827, 0.5627354815894098, 0.17553821573019357
2025-07-10 05:00:00, 693.1902897934816, 0.5610903843671667, 0.17649658678093763
2025-07-10 06:00:00, 692.9162684869169, 0.5624084794967675, 0.17195178177270787
2025-07-10 07:00:00, 718.687999191184, 0.5658999700167279, 0.17154751465423912
2025-07-10 08:00:00, 696.8466143540863, 0.5726444756528073, 0.1732855669003513
2025-07-10 09:00:00, 693.1790911574537, 0.5731891155094845, 0.17227964968019413
2025-07-10 10:00:00, 693.3863119599818, 0.5702820016787351, 0.16973334598497644
2025-07-11 00:00:00, 705.931722894597, 0.5704045719627394, 0.1715070116602493
2025-07-11 01:00:00, 694.7955219716108, 0.5726602763153991, 0.1711896945811854
2025-07-11 02:00:00, 694.2405498229487, 0.5735019052611503, 0.17040309863134223
2025-07-11 03:00:00, 694.9398329934354, 0.5756076670457273, 0.17057927865640812
2025-07-11 04:00:00, 695.632165504926, 0.5741237666294857, 0.1710055912612139
2025-07-11 05:00:00, 696.216548463357, 0.5745788685271213, 0.16996389820321103
2025-07-11 06:00:00, 696.4677887346807, 0.5755211602632421, 0.16920633387800993
2025-07-11 07:00:00, 707.6891668690181, 0.5808476828187856, 0.17099516838394177
2025-07-11 08:00:00, 697.9296127192849, 0.5818160404244458, 0.17049897839941525
2025-07-11 09:00:00, 702.390741374611, 0.5751584886865833, 0.17621119298420526
2025-07-11 10:00:00, 696.858817709998, 0.5741819023845323, 0.17400187713926404
2025-07-11 11:00:00, 703.6501118518573, 0.5738300080790322, 0.17178461057796113
2025-07-12 00:00:00, 706.5580727605546, 0.5879698174724305, 0.16737128907682264
2025-07-12 01:00:00, 703.230898950209, 0.5889235712652903, 0.16727360213232073
2025-07-12 02:00:00, 703.0807343824512, 0.5884737630690887, 0.16659818833817758
2025-07-12 03:00:00, 713.1884278484711, 0.5905423446932155, 0.1672270382804697
2025-07-12 04:00:00, 709.3206566115038, 0.59015059563469, 0.1664088917348619
2025-07-12 05:00:00, 707.5907138209711, 0.590754876372723, 0.16613289815316473
2025-07-12 06:00:00, 702.2331409584968, 0.5921829438840135, 0.1664809956939292
2025-07-12 07:00:00, 702.6087913000166, 0.5920228442643144, 0.166093843589627
2025-07-12 08:00:00, 708.7753104362441, 0.594676623384857, 0.16703247133354213
2025-07-12 09:00:00, 706.3354418634516, 0.594018748011662, 0.16636054244931076
2025-07-12 10:00:00, 704.9521928222456, 0.5938292482035956, 0.16586845902128683
2025-07-12 11:00:00, 705.0342840581299, 0.5936127852384134, 0.1654411187746448
2025-07-13 00:00:00, 708.6811727927543, 0.599440036306808, 0.16432105624780508
2025-07-13 01:00:00, 711.5004472256652, 0.599638028937986, 0.16425699550518819
2025-07-13 02:00:00, 722.2387446425602, 0.6022330670274137, 0.16509341872719807
2025-07-13 03:00:00, 711.3593370926747, 0.6029505434407036, 0.16533288232188484
2025-07-13 04:00:00, 709.6172286653577, 0.60218481762878, 0.16458336575816981
2025-07-13 05:00:00, 709.3439210453328, 0.6012132010443542, 0.16399426116432586
2025-07-13 06:00:00, 712.8582606751621, 0.5995952030254085, 0.16309531475687086
2025-07-13 07:00:00, 714.3671897036293, 0.6017811163720026, 0.1640806039650697
2025-07-13 08:00:00, 708.9882451120649, 0.6012189071427269, 0.163703316417347
2025-07-13 09:00:00, 712.3283374590119, 0.6033067922622373, 0.164584021715448
2025-07-13 10:00:00, 708.6577301137949, 0.6035635167302805, 0.164523795322731
2025-07-13 11:00:00, 709.1159281751387, 0.6025123214826826, 0.16376084557505333
2025-07-14 00:00:00, 711.4849617995312, 0.6029806420816063, 0.1624662752906816
2025-07-14 01:00:00, 713.8978476322881, 0.6057302931577527, 0.1637450622814793
2025-07-14 02:00:00, 713.1217843651463, 0.6061217050558891, 0.1638193014863407
2025-07-14 03:00:00, 711.6179588451059, 0.6072228887213212, 0.16413032088368082
2025-07-14 04:00:00, 711.0549535881061, 0.6063631139527118, 0.1635731515315812
2025-07-14 05:00:00, 712.4204060511977, 0.6047075052884492, 0.16318014021208382
2025-07-14 06:00:00, 714.4175298757197, 0.6031438673880659, 0.16282829326734644
2025-07-14 07:00:00, 715.2170061062225, 0.6039042706080154, 0.16308622602018372
2025-07-14 08:00:00, 713.7868289880219, 0.6072320819465179, 0.16415400103610994
2025-07-14 09:00:00, 711.7948984743118, 0.6064486131476073, 0.1636497727491241
2025-07-14 10:00:00, 716.5235944089524, 0.6113324857656347, 0.162952779896184
2025-07-14 11:00:00, 711.0541797299079, 0.6053672619214547, 0.1630073337404811
2025-07-15 02:00:00, 711.754201864879, 0.5710505843374908, 0.17707100532819237
2025-07-15 03:00:00, 704.8971671790501, 0.5711016080103108, 0.17302192790758542
2025-07-15 04:00:00, 705.6207418906442, 0.5700231785649099, 0.17217505608221548
2025-07-15 05:00:00, 706.3258636958573, 0.5719950711834466, 0.17066526231105003
2025-07-15 06:00:00, 706.9279741068801, 0.5731012427946196, 0.16859994663825303
2025-07-15 07:00:00, 711.0205069221806, 0.5786953642235804, 0.16968001966639387
2025-07-15 08:00:00, 712.3761938055286, 0.5849258252056954, 0.16835544315356846
2025-07-15 09:00:00, 716.7382241793724, 0.5811887956132836, 0.1683898899254719
2025-07-15 10:00:00, 709.9772378480942, 0.5826364833920669, 0.1680830681688306
2025-07-15 11:00:00, 709.7107599415606, 0.5794108176072212, 0.16673589717425377
2025-07-16 00:00:00, 711.748719350337, 0.5835662256514969, 0.169775597791414
2025-07-16 03:00:00, 720.8626198424927, 0.5684230686980395, 0.18137562082261374
2025-07-16 04:00:00, 723.32829145189, 0.5689776362935022, 0.17890689698075193
2025-07-16 05:00:00, 717.0588630601652, 0.5725862766311051, 0.17641107263975667
2025-07-16 06:00:00, 713.6639005890008, 0.5754143430739707, 0.1751026252473426
2025-07-16 07:00:00, 710.320486495874, 0.5782009919829406, 0.17436407855983999
2025-07-16 08:00:00, 712.52244706513, 0.5846992841694072, 0.17250316277293037
2025-07-16 09:00:00, 715.5867414383562, 0.5791797852913452, 0.17169831263548638
2025-07-16 10:00:00, 715.916353804156, 0.5806699777697337, 0.17112493694207553
2025-07-16 11:00:00, 714.6078149144539, 0.5819845273602882, 0.17065486564684978
2025-07-17 00:00:00, 713.2236302097563, 0.5870993364648339, 0.16905763641956154
2025-07-17 01:00:00, 713.9214618178875, 0.5881560928631431, 0.1688091689494825
2025-07-17 02:00:00, 710.4961436629446, 0.5889602649039164, 0.168533768832014
2025-07-17 04:00:00, 721.4728408826945, 0.5928206254649252, 0.16961787801509093
2025-07-17 05:00:00, 709.9459687945846, 0.5940315035634984, 0.16928380870027673
2025-07-17 06:00:00, 709.6676461362556, 0.5940026936374008, 0.1687686469847395
2025-07-17 07:00:00, 710.5040888807941, 0.5940339415259227, 0.1682800506966765
2025-07-17 08:00:00, 711.1969958210647, 0.5940667395343645, 0.1677645846808271
2025-07-17 09:00:00, 711.9012633055954, 0.5941947358099755, 0.16745351800267425
2025-07-17 10:00:00, 726.6006522999074, 0.5996059117506995, 0.1668743030171525
2025-07-17 11:00:00, 714.9413755071893, 0.5940921733457916, 0.16664096634897538
2025-07-18 00:00:00, 715.230368926453, 0.6021292138244402, 0.16638109410134858
2025-07-18 01:00:00, 715.9234811968405, 0.6039493540585202, 0.1669061254772964
2025-07-18 02:00:00, 718.8831109695063, 0.6040887459654364, 0.16667317924972858
2025-07-18 03:00:00, 719.7255854392382, 0.6035793551944155, 0.16627770168790232
2025-07-18 04:00:00, 716.3805277284479, 0.6057116788832196, 0.16685352777909648
2025-07-18 05:00:00, 715.657944765721, 0.6052917284463701, 0.16648185925505785
2025-07-18 06:00:00, 715.463358635643, 0.6048044765614905, 0.16600874394538553
2025-07-18 07:00:00, 719.9140214241484, 0.6062378536486732, 0.16656454091704279
2025-07-18 08:00:00, 735.8598122866895, 0.6027759270653916, 0.16470539247574575
2025-07-18 09:00:00, 723.3154692143344, 0.6031067809452801, 0.1646690082175498
2025-07-18 10:00:00, 719.6139604657028, 0.6068703507290825, 0.16641106037229061
2025-07-18 11:00:00, 715.2275374636998, 0.6064329006529264, 0.1661932007413511
2025-07-19 00:00:00, 721.2240874554178, 0.6101166773584743, 0.16603267767051547
2025-07-19 01:00:00, 718.5204172171159, 0.6092207119676614, 0.16546866811871166
2025-07-19 02:00:00, 721.0521382294233, 0.6092825350667518, 0.16547393713808942
2025-07-19 03:00:00, 720.7292177041118, 0.6112872964730248, 0.1662159959793516
2025-07-19 04:00:00, 719.4881370510349, 0.6101069266019429, 0.1655247134819606
2025-07-19 05:00:00, 719.9154633972345, 0.6093935887546473, 0.16508077448618338
2025-07-19 06:00:00, 720.944409322131, 0.6081377930802524, 0.16428608883002535
2025-07-19 07:00:00, 724.523483758439, 0.6092266744926876, 0.16469640647309544
2025-07-19 08:00:00, 721.2955949324653, 0.6110056148624581, 0.1652885090784
2025-07-19 09:00:00, 723.98981289493, 0.616594241000644, 0.16497027403862508
2025-07-19 10:00:00, 723.267299606879, 0.6124900633525173, 0.16591001239605366
2025-07-19 11:00:00, 729.8164055773341, 0.6112390770602962, 0.16524022850228556
2025-07-20 00:00:00, 745.5643421706795, 0.6111762746835572, 0.16381242043403013
2025-07-20 01:00:00, 744.5554061554061, 0.6123004466581928, 0.16426469849505562
2025-07-20 02:00:00, 742.6063553748374, 0.6110492653973786, 0.16351692585708794
2025-07-20 03:00:00, 742.5630781301924, 0.6125558899896185, 0.16420931512332168
2025-07-20 04:00:00, 720.1297514711232, 0.612979716855766, 0.16435631114745491
2025-07-20 05:00:00, 727.2256789814267, 0.6158067565531938, 0.16559077434699734
2025-07-20 06:00:00, 725.1896485689277, 0.6145893415233726, 0.164797666080218
2025-07-20 07:00:00, 725.4926987993867, 0.6136470786064072, 0.16424798474240512
2025-07-20 08:00:00, 725.9066411922145, 0.6131214536370091, 0.163879351361845
2025-07-20 09:00:00, 728.8343343132879, 0.6185775766023245, 0.1632883790314807
2025-07-20 10:00:00, 730.291487014989, 0.6115502584426543, 0.16299706611613804
2025-07-20 11:00:00, 726.6230281574402, 0.6093495427638207, 0.1632000666721368
2025-07-21 00:00:00, 732.9371205975775, 0.6153627682927276, 0.16560706794652189
2025-07-21 01:00:00, 728.8502785000255, 0.616355352888436, 0.16583249437333913
2025-07-21 02:00:00, 732.2913680932637, 0.6165770142513347, 0.16590827716880976
2025-07-21 03:00:00, 729.4925293070038, 0.6175255963526683, 0.16628853058305884
2025-07-21 04:00:00, 729.0411633754787, 0.6167291536439884, 0.16570982596183778
2025-07-21 05:00:00, 729.3255016468588, 0.6162370712882741, 0.1652829798856036
2025-07-21 06:00:00, 729.8613853124187, 0.6157752607518708, 0.1650253318581191
2025-07-21 07:00:00, 734.6706937846349, 0.6164977593849881, 0.1654010478589577
2025-07-21 08:00:00, 730.9940365243436, 0.6178697313846567, 0.16592298419930995
2025-07-21 09:00:00, 734.2051281493565, 0.6234067602558584, 0.16535216497825572
2025-07-21 10:00:00, 732.8720036529403, 0.6162628769206672, 0.16522617734930822
2025-07-21 11:00:00, 730.8922375353316, 0.6155890739957328, 0.16515195615830353
2025-07-22 00:00:00, 733.958634093846, 0.6196582050850695, 0.16679711630844143
2025-07-22 01:00:00, 733.5399404513154, 0.6176178438135805, 0.16571267621774355
2025-07-22 02:00:00, 735.0241334266785, 0.6175222700048868, 0.1658741488940868
2025-07-22 03:00:00, 734.2662659563165, 0.6197930223796321, 0.1666691660758794
2025-07-22 04:00:00, 731.1489071535905, 0.6187297606947318, 0.1660592894958386
2025-07-22 05:00:00, 731.4766393961012, 0.6179881506531218, 0.16559037585951653
2025-07-22 06:00:00, 730.3472992721572, 0.6167808263343385, 0.16497859050293254
2025-07-22 07:00:00, 730.5985282659948, 0.6159774174938676, 0.164578972735093
2025-07-22 08:00:00, 731.353998320331, 0.6156329426284723, 0.1643770834025046
2025-07-22 09:00:00, 745.9964930435783, 0.6172685428470458, 0.1643338321735766
2025-07-22 10:00:00, 737.0269099916221, 0.6176856028630612, 0.1654635557057328
2025-07-22 11:00:00, 736.6209206456338, 0.6169025655854924, 0.1649401712414123
2025-07-23 00:00:00, 733.3601914005806, 0.6150838818698402, 0.16369805396478668
2025-07-23 01:00:00, 731.9257888087885, 0.6153950706815565, 0.16391361339221575
2025-07-23 02:00:00, 734.1464490596691, 0.6211313104721322, 0.16501479037703176
2025-07-23 03:00:00, 734.5044726347875, 0.62442599063867, 0.16845314638158085
2025-07-23 04:00:00, 731.4164970477968, 0.6199030165687484, 0.16578528024528938
2025-07-23 05:00:00, 731.6037919493648, 0.6181165813219486, 0.16456153703110357
2025-07-23 06:00:00, 732.0442609738067, 0.6226401483060575, 0.16336764944758428
2025-07-23 07:00:00, 732.5020805666225, 0.615727738880865, 0.16355039192008253
2025-07-23 08:00:00, 744.5577989628787, 0.6215126907710712, 0.16653198334561164
2025-07-23 09:00:00, 731.5813470742394, 0.6195184464790564, 0.16568045550066657
2025-07-23 10:00:00, 730.9594870938691, 0.6183924242174714, 0.1651660857240404
2025-07-23 11:00:00, 731.3949159659613, 0.6174571202502, 0.16466534269403516
2025-07-24 00:00:00, 743.7862192860454, 0.5775355782083831, 0.16808999538620914
2025-07-24 01:00:00, 729.8642357000475, 0.5843310696484575, 0.17008419137240327
2025-07-24 02:00:00, 726.2624062775096, 0.58470572299148, 0.16916474988597108
2025-07-24 03:00:00, 726.7839890113225, 0.5851396703103184, 0.16828916276020892
2025-07-24 04:00:00, 726.8136882687904, 0.5860471894816228, 0.16801180996107928
2025-07-24 05:00:00, 726.7541589301838, 0.577435242674882, 0.17087987552544312
2025-07-24 06:00:00, 727.2779076492254, 0.5761487570227605, 0.17046747497591716
2025-07-24 08:00:00, 738.1391945203335, 0.5817238369794483, 0.169398022266595
2025-07-24 09:00:00, 729.6908662578612, 0.5852981102107041, 0.1698257163132206
2025-07-24 10:00:00, 727.7232830674579, 0.5855850798158538, 0.1689204568712662
2025-07-24 11:00:00, 728.7063524902028, 0.5858480854021857, 0.16781402927502817
2025-07-25 00:00:00, 732.4013097713623, 0.5985988089578599, 0.16622370575119394
2025-07-25 01:00:00, 732.6391667169169, 0.612007814415928, 0.16572679169828672
2025-07-25 02:00:00, 752.6966968641115, 0.5986655226671692, 0.1653109485756737
2025-07-25 03:00:00, 735.5793982535491, 0.6011171461876964, 0.166188583470092
2025-07-25 04:00:00, 733.6182820831942, 0.6009357349630323, 0.16580408300231628
2025-07-25 05:00:00, 734.0015289034594, 0.6009966708215783, 0.16557827496161315
2025-07-25 06:00:00, 737.3929952310328, 0.6033485577359053, 0.16648771310636307
2025-07-25 07:00:00, 737.4330489794856, 0.6024731071060248, 0.16558655491327978
2025-07-25 08:00:00, 733.4888155684398, 0.6082143582825387, 0.16639908607543705
2025-07-25 09:00:00, 736.4551912289016, 0.6055463486259662, 0.16653161684530043
2025-07-25 10:00:00, 734.7380678627263, 0.6070921171358019, 0.1669126284301326
2025-07-25 11:00:00, 734.8617540437847, 0.606717288902087, 0.16641187367956814
2025-07-26 00:00:00, 738.7125548920222, 0.6095381655857519, 0.16544859634584683
2025-07-26 01:00:00, 739.2233701234838, 0.6116246043917831, 0.16621082679248775
2025-07-26 02:00:00, 731.2413431280293, 0.611803092101161, 0.16614901845545707
2025-07-26 03:00:00, 731.688532212205, 0.611527275653744, 0.16593157178825177
2025-07-26 04:00:00, 732.3347180483461, 0.611315223070092, 0.16563389081388963
2025-07-26 05:00:00, 732.8385463780874, 0.6110937698813594, 0.16536945857974664
2025-07-26 06:00:00, 733.5014024223659, 0.6111229622986913, 0.16525350109327627
2025-07-26 07:00:00, 734.1770902265529, 0.6110677307782814, 0.16589373458746787
2025-07-26 08:00:00, 740.3705946349786, 0.6163005510388254, 0.16557907599400506
2025-07-26 09:00:00, 748.3638440097368, 0.6133344592914657, 0.1665109337613252
2025-07-26 10:00:00, 738.4293699217841, 0.6137961472383474, 0.16665216120563905
2025-07-26 11:00:00, 738.2451011342824, 0.6133537493091558, 0.1663688154411778
2025-07-27 00:00:00, 746.3511161810696, 0.6189590238518253, 0.16714820843135883
2025-07-27 01:00:00, 741.5079405916549, 0.6188557692692157, 0.16692734100926063
2025-07-27 02:00:00, 740.821099018968, 0.6183155159652397, 0.1665444240243909
2025-07-27 03:00:00, 740.9096233727466, 0.6179589908629132, 0.16617170824832336
2025-07-27 04:00:00, 744.6161829660774, 0.6172527192144288, 0.16549376196257473
2025-07-27 05:00:00, 745.4481311862332, 0.6188477550331387, 0.16616542996538006
2025-07-27 06:00:00, 741.7512450100936, 0.6193937931792431, 0.16638587402560923
2025-07-27 07:00:00, 741.6839909384819, 0.6188719700436286, 0.16613920589919068
2025-07-27 08:00:00, 742.0668235103643, 0.6185553796215839, 0.1658986873820821
2025-07-27 09:00:00, 742.3385917712712, 0.6182639775849045, 0.16563838828840777
2025-07-27 10:00:00, 742.2559968519424, 0.6247160598765267, 0.1654251106248899
2025-07-27 11:00:00, 748.5005873514547, 0.6200262260483677, 0.16477170973850686
2025-07-28 00:00:00, 755.561714202455, 0.6192836497389833, 0.16498146907805036
2025-07-28 01:00:00, 751.4562188803529, 0.6245793084196268, 0.16744022417470772
2025-07-28 02:00:00, 745.2165527020121, 0.6236559719658056, 0.16691103696105614
2025-07-28 03:00:00, 745.0468838698906, 0.6228670477136661, 0.16639972259335772
2025-07-28 04:00:00, 748.566320876003, 0.6262983282537808, 0.16513190817430656
2025-07-28 05:00:00, 746.772547531595, 0.6200310709142107, 0.16487653128531007
2025-07-28 06:00:00, 749.2213648253975, 0.622247086304945, 0.16581107904478884
2025-07-28 07:00:00, 747.8934183205145, 0.6223753372214498, 0.165897386994203
2025-07-28 08:00:00, 749.0288834122777, 0.6251324956300764, 0.1671113594498043
2025-07-28 09:00:00, 746.1409109077204, 0.6242211849623445, 0.16651099643323378
2025-07-28 10:00:00, 746.6663271759534, 0.6236633473506704, 0.16606961729689806
2025-07-28 11:00:00, 747.3580443108743, 0.6233331415998266, 0.16579839451050202
2025-07-29 00:00:00, 750.2327265758997, 0.6266774819448491, 0.1662694476847187
2025-07-29 01:00:00, 754.5349363595197, 0.6267313709218325, 0.16598988522206662
2025-07-29 02:00:00, 752.0831338635662, 0.6280904680354094, 0.1667683050612409
2025-07-29 03:00:00, 750.8426536435803, 0.6274501928782058, 0.1663550492896116
2025-07-29 04:00:00, 753.2005347426177, 0.6328716844743384, 0.16578948732179163
2025-07-29 05:00:00, 755.2926444363244, 0.6287603346878277, 0.16687930489071096
2025-07-29 06:00:00, 751.717597989365, 0.6282049330258103, 0.16657174154490734
2025-07-29 07:00:00, 752.6625480560263, 0.6280564177224579, 0.16614937291539492
2025-07-29 08:00:00, 755.1826116072057, 0.6259964300229844, 0.16538005514063575
2025-07-29 09:00:00, 753.1518526027938, 0.6256322280497616, 0.1651607129721423
2025-07-29 10:00:00, 755.3891412366916, 0.6287605810973083, 0.16655130098475945
2025-07-29 11:00:00, 754.0031487800255, 0.6279352540427852, 0.16617697293008651
2025-07-30 00:00:00, 758.4773613792495, 0.6316406842535423, 0.16767261422141796
2025-07-30 01:00:00, 754.7119439739176, 0.6300191326522474, 0.1668112460839339
2025-07-30 02:00:00, 757.6565829615369, 0.6283771085781928, 0.16621269972525823
2025-07-30 03:00:00, 755.3600880464143, 0.6274174693287419, 0.1660084450704182
2025-07-30 04:00:00, 761.7386461472234, 0.6301226283852339, 0.16733383613092104
2025-07-30 05:00:00, 758.1945712804148, 0.6322092382217577, 0.16825084269040202
2025-07-30 06:00:00, 752.8757039660902, 0.630053853785186, 0.16819400619587366
2025-07-30 07:00:00, 753.237117647654, 0.6309933983403594, 0.16793191931914297
2025-07-30 08:00:00, 753.6923267941396, 0.6404586196869032, 0.16612201686925035
2025-07-30 09:00:00, 761.7467240738158, 0.6180812413446831, 0.17110696125400723
2025-07-30 10:00:00, 756.8279889831905, 0.6115237029143419, 0.17059406868819108
2025-07-30 11:00:00, 752.8244663519674, 0.6133558497054464, 0.16919202025592792
2025-07-31 00:00:00, 750.7249471309028, 0.6007262500602899, 0.16854583151110958
2025-07-31 01:00:00, 753.4342854153588, 0.6051983315616069, 0.16964731501979832
2025-07-31 02:00:00, 754.6051964840387, 0.6060656078913144, 0.16933559935074946
2025-07-31 03:00:00, 751.5027300922342, 0.6067469395850252, 0.1693698865259457
2025-07-31 04:00:00, 750.9616565224211, 0.6074012059740423, 0.16938440883693207
2025-07-31 05:00:00, 750.0293802333292, 0.6077626616488003, 0.16885795723432945
2025-07-31 06:00:00, 750.324583877202, 0.6083975423001086, 0.16856590208913566
2025-07-31 07:00:00, 755.6487870011933, 0.608633150179534, 0.16825613020758812
2025-07-31 08:00:00, 759.6490268054856, 0.6123764702938495, 0.1696747094412054
2025-07-31 09:00:00, 752.481527689241, 0.6120816966854861, 0.16918530851230165
2025-07-31 10:00:00, 752.3358591572567, 0.6119529155728862, 0.16878262874593333
2025-07-31 11:00:00, 755.2676383464614, 0.6123525343497211, 0.16864285557003625
2025-08-01 00:00:00, 754.1341605573517, 0.6216861191218681, 0.16982514920649047
2025-08-01 01:00:00, 754.4904006597554, 0.621541102762212, 0.16954107044125263
2025-08-01 02:00:00, 758.0174409985367, 0.6213916631946795, 0.16893835669559962
2025-08-01 03:00:00, 758.7246296764764, 0.6236199129009645, 0.1701433176348964
2025-08-01 04:00:00, 759.9969621561094, 0.6259036824171151, 0.16850124697069183
2025-08-01 05:00:00, 758.2972878688988, 0.6233490418420597, 0.16972663755112866
2025-08-01 06:00:00, 754.9674572189701, 0.622596676748507, 0.16922064894302752
2025-08-01 07:00:00, 755.9742201175768, 0.6218671786970424, 0.1689714345398307
2025-08-01 08:00:00, 758.9581574255392, 0.6257536760715343, 0.17045212383421401
2025-08-01 09:00:00, 756.8717465157692, 0.622968175425104, 0.16875595732677973
2025-08-01 10:00:00, 757.6708834298659, 0.6256463219042558, 0.1699128485463299
2025-08-01 11:00:00, 757.769756645145, 0.6302817546333517, 0.1689734769756334
2025-08-02 00:00:00, 764.3228867196171, 0.623063239388738, 0.16748755225371256
2025-08-02 01:00:00, 762.1712192359356, 0.6266863016060588, 0.16934553888430917
2025-08-02 02:00:00, 757.2128228576922, 0.627240383186452, 0.16954401187221615
2025-08-02 03:00:00, 756.0910539643509, 0.6264630432473921, 0.16915345275879215
2025-08-02 04:00:00, 756.5730701900844, 0.6257462339933824, 0.16868982082880515
2025-08-02 05:00:00, 756.9536358645883, 0.6252087721612155, 0.16828444991681582
2025-08-02 06:00:00, 757.1546955395542, 0.625081144734457, 0.16821553361079397
2025-08-02 07:00:00, 762.2882653983122, 0.6243209142271118, 0.16784317508390661
2025-08-02 08:00:00, 761.6150308735588, 0.6308644825490405, 0.1679961827046305
2025-08-02 09:00:00, 762.5016488075363, 0.6263170452500288, 0.1670954979080192
2025-08-02 10:00:00, 761.6539866673952, 0.6265090088160651, 0.16851534539539562
2025-08-02 11:00:00, 758.1810217648666, 0.625672942299298, 0.16820999024976357
2025-08-03 00:00:00, 763.2863340573788, 0.6291170146124349, 0.16961599519662254
2025-08-03 01:00:00, 759.547750557807, 0.6279132303142344, 0.16903078088615145
2025-08-03 02:00:00, 759.6905122211598, 0.6269681351194689, 0.168494386364832
2025-08-03 03:00:00, 759.8763967943172, 0.6265449336225657, 0.1682171237503231
2025-08-03 04:00:00, 759.9565137763207, 0.625228613980323, 0.16754548473082176
2025-08-03 05:00:00, 763.666408888638, 0.6270942140933362, 0.168490644619875
2025-08-03 06:00:00, 759.6978320153403, 0.6278723806522606, 0.1687837433992921
2025-08-03 07:00:00, 763.1032181114143, 0.6280317551490356, 0.16862540381457353
2025-08-03 08:00:00, 761.5912797433834, 0.6294355092044321, 0.16905057770635584
2025-08-03 09:00:00, 760.1286138558759, 0.6281641556632729, 0.16828130462412488
2025-08-03 10:00:00, 760.7344046769779, 0.6276300444809141, 0.168250091375378
2025-08-03 11:00:00, 761.8767115426227, 0.6332217061563401, 0.1679041644003725
2025-08-04 00:00:00, 762.7191511214324, 0.6297430459068271, 0.1686375108690563
2025-08-04 01:00:00, 763.1100897297736, 0.6289955268454928, 0.1681977403101563
2025-08-04 02:00:00, 763.5150548446994, 0.6285975400400639, 0.16794998944454553
2025-08-04 03:00:00, 763.7461584677889, 0.6281633528813187, 0.16768745956071418
2025-08-04 04:00:00, 764.097676368914, 0.6270047149992513, 0.16704955789094003
2025-08-04 05:00:00, 764.5751607488336, 0.6261488589522081, 0.1664291342679248
2025-08-04 06:00:00, 781.3843106293389, 0.6335212272825281, 0.166734526460518
2025-08-04 07:00:00, 764.7276325774823, 0.6289491695624768, 0.16757135320486338
2025-08-04 08:00:00, 762.773458195469, 0.6281083099262808, 0.16747769142082472
2025-08-04 09:00:00, 765.7408746878901, 0.6376069182816052, 0.16752911518051306
2025-08-04 10:00:00, 761.7551826892916, 0.6291242780427292, 0.16809880527157903
2025-08-04 11:00:00, 763.6526067122842, 0.6318331276643854, 0.16939731260730354
2025-08-05 00:00:00, 765.8567511586984, 0.632101673284072, 0.1691528346545164
2025-08-05 01:00:00, 762.2840697397913, 0.6313365753878923, 0.16868956234730675
2025-08-05 02:00:00, 762.7686825950942, 0.6293356783178131, 0.16766341343220212
2025-08-05 03:00:00, 763.2476484635077, 0.628780690099692, 0.1673770192948504
2025-08-05 04:00:00, 763.5616863471248, 0.6282950020152571, 0.16696727921838084
2025-08-05 05:00:00, 765.9238473171176, 0.6307662229271142, 0.16812595649749684
2025-08-05 06:00:00, 760.5084979054459, 0.637169378518248, 0.16809524514423343
2025-08-05 07:00:00, 765.759899999494, 0.6330703142259919, 0.1692572985365413
2025-08-05 08:00:00, 762.9567131437362, 0.6317928279968603, 0.16852618328903482
2025-08-05 09:00:00, 764.2816387415734, 0.6304001556288092, 0.1676166483652113
2025-08-05 10:00:00, 765.3946463174617, 0.6321523624077208, 0.16850604348366127
2025-08-05 11:00:00, 765.0006931724545, 0.6322596782332321, 0.16795714488529231
2025-08-06 00:00:00, 766.7679212897611, 0.632681612848042, 0.16870672821690152
2025-08-06 01:00:00, 767.1168897609684, 0.6322450037320898, 0.16841241433148235
2025-08-06 02:00:00, 780.4522012273641, 0.6359990551910866, 0.1685934404678813
2025-08-06 03:00:00, 768.5427521274121, 0.6328570161824486, 0.1687726303366595
2025-08-06 04:00:00, 770.6420174265278, 0.632399412605326, 0.16851661619690916
2025-08-06 05:00:00, 773.5291903041592, 0.6319885155474699, 0.16891765804613978
2025-08-06 06:00:00, 771.6280353577422, 0.6314065747058042, 0.16913231466344952
2025-08-06 07:00:00, 769.8827007875981, 0.6341177467322473, 0.17019466106304793
2025-08-06 08:00:00, 764.5157858523307, 0.6335815131204807, 0.17033671570973297
2025-08-06 09:00:00, 765.2406454583169, 0.6327869147098232, 0.16981848408586744
2025-08-06 10:00:00, 765.9647876635402, 0.632136046175574, 0.16942220611303646
2025-08-06 11:00:00, 766.5708172702343, 0.6315431623138628, 0.16902965021658328
2025-08-07 00:00:00, 758.1220218761699, 0.5781040603762331, 0.18464075208232916
2025-08-07 01:00:00, 756.9177275900798, 0.5796684877683759, 0.18133840491614978
2025-08-07 02:00:00, 757.6436005625878, 0.5818282484320125, 0.17942549720211007
2025-08-07 03:00:00, 758.2575559805321, 0.5838141528813049, 0.1779775535091363
2025-08-07 04:00:00, 758.7069301520809, 0.5855514329593685, 0.17633971651711008
2025-08-07 05:00:00, 758.8451285997338, 0.587589383766275, 0.17567266054487185
2025-08-07 07:00:00, 772.0843755335496, 0.5960057420504472, 0.1768882404590778
2025-08-07 08:00:00, 760.1240319137096, 0.5975521526863817, 0.17633989417219054
2025-08-07 09:00:00, 760.5169474546944, 0.5981629676921978, 0.17545898393691414
2025-08-07 10:00:00, 761.7699759179998, 0.5990246316049769, 0.1748347846617715
2025-08-07 11:00:00, 765.3825602107564, 0.5873282257651192, 0.1812231090634756
2025-08-08 00:00:00, 764.9259389119095, 0.6078677507184774, 0.17284529205685792
2025-08-08 01:00:00, 766.1697285590693, 0.6077665649448659, 0.1721025180961656
2025-08-08 02:00:00, 769.9470272616828, 0.6114052447616108, 0.17321203478939842
2025-08-08 03:00:00, 764.804421219268, 0.6110954922548313, 0.17249351048365538
2025-08-08 04:00:00, 770.2782185559441, 0.6145861955778174, 0.1736090944869514
2025-08-08 05:00:00, 766.5181130438301, 0.6141742705535964, 0.17285952663600868
2025-08-08 06:00:00, 766.8256755662816, 0.61398098591405, 0.17223948024201088
2025-08-08 07:00:00, 767.1591476556928, 0.6139608845128322, 0.17150059668040443
2025-08-08 08:00:00, 768.2740249672105, 0.6197649510683637, 0.170734737119524
2025-08-08 09:00:00, 772.4974981189062, 0.6164748817345485, 0.17163027669892617
2025-08-08 10:00:00, 766.2258085745184, 0.6217167920371931, 0.1710882875515884
2025-08-08 11:00:00, 766.0050734096268, 0.6157340517675561, 0.1707662854290992
2025-08-09 00:00:00, 774.4154868510255, 0.6221691938615241, 0.17029520746047305
2025-08-09 01:00:00, 770.7907815519735, 0.6216751509181965, 0.16993159281799178
2025-08-09 02:00:00, 773.2962167212795, 0.6245021891911493, 0.17110133880236136
2025-08-09 03:00:00, 769.6706669398782, 0.6243221167247923, 0.170761527634276
2025-08-09 04:00:00, 769.9685737089487, 0.6237714407668916, 0.17024106156340973
2025-08-09 05:00:00, 769.7099846723752, 0.6234148692000154, 0.16966118601804486
2025-08-09 06:00:00, 771.8243653775007, 0.6301930932416724, 0.1690210651882321
2025-08-09 07:00:00, 772.8165352468264, 0.6257716958620472, 0.17014772290572908
2025-08-09 08:00:00, 770.4361913037759, 0.6250122946085696, 0.16958034586720427
2025-08-09 09:00:00, 771.0290942529433, 0.6246360230918936, 0.16940257826399904
2025-08-09 10:00:00, 771.7217224726662, 0.6245213482999656, 0.16934490090796298
2025-08-09 11:00:00, 776.1748936840005, 0.6246105631090701, 0.1692600183668506
2025-08-10 00:00:00, 776.0741899781935, 0.630099726575485, 0.1701709133343543
2025-08-10 01:00:00, 775.1542368655001, 0.6289710748699215, 0.1693656411082602
2025-08-10 02:00:00, 778.968459800982, 0.6305489376870145, 0.1699865688247413
2025-08-10 03:00:00, 774.8286138876988, 0.6282945829400549, 0.16878810176343972
2025-08-10 04:00:00, 779.0995993606591, 0.62959374257049, 0.16915670245952616
2025-08-10 05:00:00, 780.6407517024355, 0.6358903095591439, 0.1688387604214267
2025-08-10 06:00:00, 784.5855960082479, 0.6316821726571995, 0.17030127507319553
2025-08-10 07:00:00, 775.5573724127114, 0.6319807746286514, 0.1704338297575607
2025-08-10 08:00:00, 775.163817707863, 0.6372840121642451, 0.16946789807663878
2025-08-10 09:00:00, 779.0478719295883, 0.6300551257856576, 0.16934364222466877
2025-08-10 10:00:00, 776.8405624601845, 0.631836689211799, 0.17006180798647816
2025-08-10 11:00:00, 781.4522478183425, 0.6371115859459342, 0.16986856405126857
2025-08-11 00:00:00, 780.1077440310853, 0.635360179301851, 0.1703202901319446
2025-08-11 01:00:00, 780.1167672237148, 0.6345696238339, 0.16973056714926782
2025-08-11 02:00:00, 780.3747412078989, 0.6340347791486605, 0.16920221279744704
2025-08-11 03:00:00, 780.8030854491044, 0.6334782588527805, 0.16898579236609448
2025-08-11 04:00:00, 785.2684602492957, 0.6348272663602464, 0.1696391460916565
2025-08-11 05:00:00, 780.6600895499735, 0.6347816445754269, 0.16954713877411326
2025-08-11 06:00:00, 783.0414352563042, 0.6347971962217759, 0.16954866901593016
2025-08-11 07:00:00, 782.0504736932643, 0.6365833828397661, 0.17031002286579458
2025-08-11 08:00:00, 780.5960536101878, 0.635714164532371, 0.1698106760350736
2025-08-11 09:00:00, 780.9787914440103, 0.63526974548827, 0.16884279053168783
2025-08-11 10:00:00, 780.8761370499419, 0.6352058421230149, 0.16830943765182899
2025-08-11 11:00:00, 794.3896228792584, 0.6386865886626476, 0.1710868230204036
2025-08-12 00:00:00, 782.2842484657144, 0.6397304468480897, 0.17077479783215677
2025-08-12 01:00:00, 782.4317046249779, 0.6380887507542893, 0.16993764684287893
2025-08-12 02:00:00, 783.4797013022493, 0.6362385330341529, 0.16898037098577592
2025-08-12 03:00:00, 786.7969540434541, 0.6380262848653016, 0.16980537713927202
2025-08-12 04:00:00, 781.6755035550628, 0.6400050497207845, 0.16997925369025488
2025-08-12 05:00:00, 786.1932998831029, 0.6412234730362676, 0.17118650409234912
2025-08-12 06:00:00, 782.2961799705538, 0.6400896346725935, 0.17062664387330825
2025-08-12 07:00:00, 782.64008014207, 0.6393432051608225, 0.17020463880316544
2025-08-12 08:00:00, 783.2294277987747, 0.6388629753385447, 0.16985151811378155
2025-08-12 09:00:00, 784.1376143366055, 0.6400505516629361, 0.1693950467377762
2025-08-12 10:00:00, 788.3892652033512, 0.6405618696567399, 0.17046173133367912
2025-08-12 11:00:00, 783.8263561458698, 0.6426100439390601, 0.17015830758697162
2025-08-13 00:00:00, 793.5861133135041, 0.644776190871998, 0.17151611156504926
2025-08-13 01:00:00, 788.535824744876, 0.6445545059629124, 0.17135359742091558
2025-08-13 02:00:00, 788.2156487004742, 0.6439036829492508, 0.17097477306799086
2025-08-13 03:00:00, 796.8528585271317, 0.6429468330143434, 0.16973529885953595
2025-08-13 04:00:00, 793.7542335580735, 0.6469353244716505, 0.17226188250674068
2025-08-13 05:00:00, 788.0324241458343, 0.6458845593099746, 0.17171678625848405
2025-08-13 06:00:00, 788.291719664658, 0.6450008695774847, 0.17128380689561692
2025-08-13 07:00:00, 788.7281038608846, 0.6443899866769356, 0.17092316092329204
2025-08-13 08:00:00, 788.4476871456868, 0.6493709562786716, 0.17014019082647247
2025-08-13 09:00:00, 788.02141122545, 0.642394604163233, 0.16984995350746643
2025-08-13 10:00:00, 795.7495815630231, 0.6423273038866696, 0.1698181190624011
2025-08-13 11:00:00, 792.2532288093574, 0.6446757413464055, 0.17095565838558488
2025-08-14 00:00:00, 790.5170949933372, 0.6407322482471586, 0.17083528017492752
2025-08-14 01:00:00, 786.9902431497393, 0.6425694979562825, 0.17202676036057188
2025-08-14 02:00:00, 780.0117283388479, 0.6418620598943038, 0.1716476522287335
2025-08-14 03:00:00, 780.3822334537434, 0.641460745369545, 0.17147525902938604
2025-08-14 04:00:00, 781.2063781885882, 0.6411741539253027, 0.171318437054821
2025-08-14 05:00:00, 781.7500030355462, 0.6408197765809301, 0.1711471915564783
2025-08-14 06:00:00, 782.235857647616, 0.6407458713596852, 0.17109338544721964
2025-08-14 07:00:00, 809.7637835103692, 0.6417288758158236, 0.1715880846814173
2025-08-14 08:00:00, 788.7155394671605, 0.6431366006542018, 0.17230363746974056
2025-08-14 09:00:00, 784.2274519624807, 0.6425289906066411, 0.17201194238929976
2025-08-14 10:00:00, 784.7933880743506, 0.6421380183905546, 0.1718020850562371
2025-08-14 11:00:00, 785.6109750174544, 0.6418209459179055, 0.17163427614759846
2025-08-15 00:00:00, 787.4160199393874, 0.6479136147482226, 0.17364132533252624
2025-08-15 01:00:00, 788.2219532630276, 0.6521623863943908, 0.1732557239282933
2025-08-15 02:00:00, 792.641135375943, 0.6471836275934219, 0.1731182070064617
2025-08-15 03:00:00, 789.5168485547612, 0.6491281300634233, 0.17394928419488812
2025-08-15 04:00:00, 788.2393425481823, 0.6482453140952817, 0.17340761724350265
2025-08-15 05:00:00, 793.2701184739299, 0.6500680170282691, 0.17468605248399738
2025-08-15 06:00:00, 790.0476780598027, 0.649362531531231, 0.17431164724783105
2025-08-15 07:00:00, 788.9300620263283, 0.646646152530444, 0.17287561795476197
2025-08-15 08:00:00, 794.1307147690693, 0.6498156690416974, 0.17424499850762953
2025-08-15 09:00:00, 790.2882200568658, 0.6546682496712855, 0.1737665746942168
2025-08-15 10:00:00, 794.8093168816008, 0.6505377313022915, 0.17460142961899192
2025-08-15 11:00:00, 790.8164341838309, 0.6511913762669154, 0.17478179038784036
2025-08-16 00:00:00, 797.0022452089978, 0.6511309347903845, 0.1739228704564577
2025-08-16 01:00:00, 797.7603898797291, 0.6520961631372868, 0.17426077352920658
2025-08-16 02:00:00, 793.8781347236769, 0.6514218790351154, 0.173868327119866
2025-08-16 03:00:00, 793.988860482994, 0.6565690972404283, 0.17318650138140418
2025-08-16 05:00:00, 808.9817171993079, 0.6495280438891033, 0.17297510758186213
2025-08-16 06:00:00, 796.2756342050809, 0.6547969518696967, 0.17536502339521376
2025-08-16 07:00:00, 792.1445658718233, 0.6533600547579163, 0.1746601224550278
2025-08-16 08:00:00, 792.7402374917152, 0.6523880010624165, 0.17415252990412258
2025-08-16 09:00:00, 793.2466618854636, 0.6519174337360949, 0.1737540638056647
2025-08-16 10:00:00, 793.7419273560707, 0.6510497550500146, 0.1732782283958899
2025-08-16 11:00:00, 794.3998601150386, 0.652134542066125, 0.17296158712685003
2025-08-17 00:00:00, 799.1475373998534, 0.6521484981474115, 0.17307679446586435
2025-08-17 01:00:00, 797.9761282627284, 0.654495954335879, 0.17402416933626483
2025-08-17 02:00:00, 796.223697735127, 0.6537760349563162, 0.17365785929988342
2025-08-17 03:00:00, 800.6993247461886, 0.6534105125138904, 0.17527708701555839
2025-08-17 04:00:00, 797.834871666439, 0.6544870676426295, 0.17532999881108413
2025-08-17 05:00:00, 796.8340002985091, 0.6535035216078269, 0.1745765838028693
2025-08-17 06:00:00, 796.9762052534702, 0.6554477118428002, 0.17339250499009523
2025-08-17 08:00:00, 805.9849467160843, 0.6533928195337245, 0.17437054192256848
2025-08-17 09:00:00, 797.8334484363695, 0.6558447781264298, 0.17541413341226766
2025-08-17 10:00:00, 796.0127726424115, 0.6547064946547618, 0.1747758921872903
2025-08-17 11:00:00, 796.8302645093069, 0.6539635619646464, 0.1743774507845026
2025-08-18 00:00:00, 799.0544533491188, 0.6460787296082734, 0.17609430255113745
2025-08-18 01:00:00, 799.6395564864988, 0.6457789127673618, 0.17575453157354134
2025-08-18 02:00:00, 800.3740706461338, 0.6097623473835665, 0.1725115826499384
2025-08-18 03:00:00, 803.4367664783873, 0.6334063011628815, 0.17783294301722202
2025-08-18 04:00:00, 801.2330080091475, 0.6363504304328087, 0.1778214570222803
2025-08-18 05:00:00, 801.2831870857789, 0.636042569865061, 0.1770378150089599
2025-08-18 06:00:00, 801.9204357219111, 0.6384774162033212, 0.1777272914640326
2025-08-18 07:00:00, 800.2720661374458, 0.6379648336669266, 0.1770553778827841
2025-08-18 08:00:00, 800.3646538813755, 0.6374294735905106, 0.17639975485777587
2025-08-18 09:00:00, 800.8115630161906, 0.6374578803740396, 0.17607661944461503
2025-08-18 10:00:00, 801.8833034837953, 0.636598932628888, 0.17532169080816495
2025-08-18 11:00:00, 804.8838795663866, 0.6396776955291604, 0.1766232755830718
2025-08-19 00:00:00, 805.8238492504274, 0.6428752242000181, 0.17490501705344114
2025-08-19 01:00:00, 804.6308054204688, 0.649793640057773, 0.1758807721193144
2025-08-19 02:00:00, 807.0041859349125, 0.6437698609890653, 0.17627705799625645
2025-08-19 03:00:00, 802.9467976058569, 0.6438173920196033, 0.1762281785014639
2025-08-19 04:00:00, 802.8257132593639, 0.6428916275990769, 0.17574072044117536
2025-08-19 05:00:00, 803.1488970346422, 0.6421372879064849, 0.175274788119039
2025-08-19 06:00:00, 803.4735913734181, 0.6479245404101844, 0.174870462849582
2025-08-19 07:00:00, 807.6465651802955, 0.6416958896769003, 0.17484298600761988
2025-08-19 08:00:00, 804.7298073565345, 0.6430915003817093, 0.175308163201423
2025-08-19 09:00:00, 807.6584723900897, 0.6448665391213537, 0.17619949911251923
2025-08-19 10:00:00, 804.2390134784391, 0.6440034667614103, 0.17573590862409463
2025-08-19 11:00:00, 804.4553153570218, 0.6431101313036044, 0.17519686371135046
2025-08-20 00:00:00, 806.3757162950484, 0.6445717255522753, 0.17518036965387504
2025-08-20 01:00:00, 806.7137903556305, 0.6436700703554835, 0.17460237839880444
2025-08-20 02:00:00, 807.1267162208744, 0.642955014460251, 0.17428567445353021
2025-08-20 03:00:00, 818.9168801473119, 0.6428811303711188, 0.17407017225992283
2025-08-20 04:00:00, 811.536433171795, 0.6475239723517066, 0.17625282086045485
2025-08-20 05:00:00, 806.7749397922579, 0.646600213710134, 0.175826666434604
2025-08-20 06:00:00, 807.171163527263, 0.6457858199943168, 0.17538919917031676
2025-08-20 07:00:00, 807.5094052672052, 0.6447938386694458, 0.1747687294031185
2025-08-20 08:00:00, 807.0817755921844, 0.6410788408439942, 0.1738162173944608
2025-08-20 09:00:00, 807.1788609618634, 0.6430547113974427, 0.1742281991314428
2025-08-20 10:00:00, 831.48671167754, 0.6444202894349553, 0.17398130180515817
2025-08-20 11:00:00, 809.9632820326018, 0.6474387869373863, 0.1761875989995173
2025-08-21 00:00:00, 809.1483720454092, 0.5869542234297012, 0.19042752999873466
2025-08-21 01:00:00, 796.0824980521911, 0.5937731970505106, 0.18949117282259811
2025-08-21 02:00:00, 800.3069164471424, 0.5957662417339281, 0.18803609754949424
2025-08-21 03:00:00, 802.6685992977768, 0.5971676677939062, 0.18600514812783675
2025-08-21 04:00:00, 797.4646520758077, 0.599095996693223, 0.18468306849990535
2025-08-21 05:00:00, 797.5048179178176, 0.6006823900157765, 0.18355070646761074
2025-08-21 07:00:00, 806.5754615278088, 0.6014153708896667, 0.18071066030601254
2025-08-21 08:00:00, 811.5389538814943, 0.6071354236822327, 0.18219962207853807
2025-08-21 09:00:00, 800.4438272167076, 0.612824607921739, 0.18368020562223344
2025-08-21 10:00:00, 798.939093746816, 0.6103727142518187, 0.1816738365055247
2025-08-21 11:00:00, 795.1986989756876, 0.6027027078257203, 0.1968748870211899
2025-08-22 00:00:00, 805.0468579682044, 0.7003117749088922, 0.20483467211891507
2025-08-22 01:00:00, 797.6084865293681, 0.6106284724449326, 0.18569022019825362
2025-08-22 02:00:00, 810.8987138746601, 0.6136732947053285, 0.18516820698419814
2025-08-22 03:00:00, 801.402965728683, 0.6319884420055979, 0.18435517231597942
2025-08-22 04:00:00, 803.1656808766414, 0.6193052608901769, 0.1851584037019439
2025-08-22 05:00:00, 799.7947841881314, 0.6193353810346868, 0.1841119661443871
2025-08-22 06:00:00, 801.2105470256743, 0.6266022131554573, 0.18243325801767718
2025-08-22 07:00:00, 805.7828902432617, 0.6211992414622055, 0.18293219537274505
2025-08-22 08:00:00, 800.3218034038349, 0.6300805201384929, 0.1820422452685114
2025-08-22 09:00:00, 805.5811189746404, 0.6251177360405864, 0.18311508966159162
2025-08-22 10:00:00, 802.5709769591549, 0.6247699909199412, 0.18230158149440015
2025-08-22 11:00:00, 803.2109640069011, 0.6248293841924312, 0.18155884514573953
2025-08-23 00:00:00, 806.6850113765644, 0.6215783311872378, 0.17993345949434428
2025-08-23 01:00:00, 812.3719553036888, 0.6256310436880345, 0.18113020081602008
2025-08-23 02:00:00, 807.9467603164275, 0.6296239483903875, 0.18220340224928241
2025-08-23 03:00:00, 804.658821319612, 0.6293764019014575, 0.18154101766284805
2025-08-23 04:00:00, 805.3090066228517, 0.6288564975939401, 0.18068081258342308
2025-08-23 05:00:00, 806.3220374792038, 0.6281506282723702, 0.17997496815838665
2025-08-23 06:00:00, 814.3256698880409, 0.6311065035043616, 0.18071917811779756
2025-08-23 07:00:00, 809.1430756037217, 0.6312672841666577, 0.18228236439583284
2025-08-23 08:00:00, 806.9381795588693, 0.6295352135307183, 0.18095037113762524
2025-08-23 09:00:00, 807.3280388347549, 0.6238602592874977, 0.18296369180892783
2025-08-23 10:00:00, 808.2512749294235, 0.621642221167149, 0.18205171686639604
2025-08-23 11:00:00, 816.5382169682485, 0.6249065008163366, 0.1806920831981883
2025-08-24 00:00:00, 814.1071815609687, 0.6368352873535215, 0.18118029812889938
2025-08-24 01:00:00, 814.5580717016496, 0.6320602882396464, 0.18074055331761857
2025-08-24 02:00:00, 811.9048376161782, 0.6343462464286717, 0.18127588085993837
2025-08-24 03:00:00, 810.9891670334786, 0.6339906143562407, 0.18052287063528819
2025-08-24 04:00:00, 811.3267394472018, 0.6340005468235214, 0.1800547916673554
2025-08-24 05:00:00, 812.0674220117578, 0.6345120714203527, 0.18057430004538866
2025-08-24 06:00:00, 816.3812213160279, 0.6294709816850655, 0.18444531769637904
2025-08-24 07:00:00, 811.7008532502323, 0.6304711629578663, 0.18296020223183018
2025-08-24 08:00:00, 818.3018382564968, 0.6321187312188415, 0.18257626585763925
2025-08-24 09:00:00, 813.663997161635, 0.6334900923897686, 0.1823524743782162
2025-08-24 10:00:00, 813.3902692399151, 0.6335893878100264, 0.1816282876027732
2025-08-24 11:00:00, 813.9977371502006, 0.6340344727931523, 0.18112185747860718
2025-08-25 00:00:00, 816.9866763808569, 0.6432212647979286, 0.18001916261224582
2025-08-25 01:00:00, 817.0018879427673, 0.6427047704934621, 0.17944717657154374
2025-08-25 02:00:00, 817.6105641951963, 0.6427090196518171, 0.1788623447736266
2025-08-25 03:00:00, 818.379819688553, 0.6410787255317082, 0.17814562724411648
2025-08-25 04:00:00, 803.767519806413, 0.6441529935601901, 0.1797141728915135
2025-08-25 05:00:00, 825.0883166004323, 0.6441174305327608, 0.18067234413711947
2025-08-25 06:00:00, 817.4016569023262, 0.6436117069218942, 0.18014899144269228
2025-08-25 07:00:00, 817.0678586244928, 0.6430922708573588, 0.17960439068186532
2025-08-25 08:00:00, 817.2830783474487, 0.6422993101128427, 0.17886102816036875
2025-08-25 09:00:00, 817.525889162088, 0.6422435225350813, 0.17854056272062574
2025-08-25 10:00:00, 817.7879810853184, 0.6566875215092285, 0.17741862369206346
2025-08-25 11:00:00, 829.8781068524971, 0.6444962475870752, 0.17923846870149412
2025-08-26 00:00:00, 820.9898146742888, 0.6478827956758508, 0.1872893516804319
2025-08-26 01:00:00, 811.4278622671484, 0.6495866585693286, 0.1872697841784974
2025-08-26 02:00:00, 811.4796041647694, 0.6491414875247212, 0.18616787902851042
2025-08-26 03:00:00, 811.8055661799675, 0.6487831657939395, 0.18521271836094383
2025-08-26 04:00:00, 846.866155579389, 0.6333784183977617, 0.1917782920387729
2025-08-26 05:00:00, 846.2909420187594, 0.6379851522415426, 0.19000604613617705
2025-08-26 06:00:00, 811.7882869211119, 0.6390816230293674, 0.18770488197658416
2025-08-26 07:00:00, 838.2204664533606, 0.6401568654219214, 0.1861323813151624
2025-08-26 08:00:00, 820.992486174987, 0.6415746277171378, 0.185255670775573
2025-08-26 09:00:00, 815.4738296507796, 0.6409282730229284, 0.1847035361914742
2025-08-26 10:00:00, 813.9452979388641, 0.6413242144932327, 0.18692953579001828
2025-08-26 11:00:00, 812.5902335456475, 0.6573981428634575, 0.18519425941365641
2025-09-04 00:00:00, 795.185500432585, 0.6017313394212643, 0.2690467076871
2025-09-04 01:00:00, 793.7138228627516, 0.6038191646550912, 0.2708714234655609
2025-09-04 02:00:00, 793.239189168678, 0.6058703715818137, 0.2575682316517818
2025-09-04 03:00:00, 793.0023062347899, 0.6078009938182894, 0.26479357875603454
2025-09-04 04:00:00, 792.8120111915567, 0.6096336461661348, 0.27066545410459164
2025-09-04 05:00:00, 792.626763479704, 0.6065217923718526, 0.25773021217104075
2025-09-04 06:00:00, 792.6778091465173, 0.6130986366619678, 0.2503790991221971
2025-09-04 07:00:00, 792.5976214147302, 0.6130719422187645, 0.24933319394586984
2025-09-04 08:00:00, 795.2219421803297, 0.619529935290164, 0.2539914043488411
2025-09-04 09:00:00, 809.8887587339171, 0.6010422231960981, 0.2924104169102239
2025-09-04 10:00:00, 803.3853218331487, 0.5970173380775757, 0.303038569730421
2025-09-04 11:00:00, 801.1537569125064, 0.599414505116967, 0.2961198589659958
2025-09-05 00:00:00, 791.2317399784466, 0.6565343485546978, 0.20924573769351307
2025-09-05 01:00:00, 791.4001421893377, 0.6221449992922012, 0.17312662986662805
2025-09-05 02:00:00, 796.0082740632026, 0.734443110716697, 0.16777430458856557
2025-09-05 03:00:00, 791.8614241660722, 0.6148335478481197, 0.16880787806955777
2025-09-05 04:00:00, 791.3311419486058, 0.6143067702873293, 0.16782274377205492
2025-09-05 05:00:00, 791.4883809176873, 0.6144836779022516, 0.16716285819597057
2025-09-05 06:00:00, 791.6837413799209, 0.6155588599138203, 0.166420368255868
2025-09-05 07:00:00, 791.8862892046001, 0.6166699966342662, 0.16579001638137916
2025-09-05 08:00:00, 792.018446083714, 0.6177935322701849, 0.1653539722597514
2025-09-05 09:00:00, 792.0194914975538, 0.6188406347850562, 0.16497252569684934
2025-09-05 10:00:00, 792.1604786768463, 0.6198522254390662, 0.16460318377731192
2025-09-05 11:00:00, 792.2534179277405, 0.6208000415142347, 0.164256483868844
2025-09-06 00:00:00, 795.4461691916317, 0.626922816803712, 0.16476015777335506
2025-09-06 01:00:00, 790.9927490146674, 0.6139983960565445, 0.16410805224990524
2025-09-06 02:00:00, 790.7838200547436, 0.6150160981834845, 0.163222614269848
2025-09-06 03:00:00, 791.090929121827, 0.6164133628322419, 0.16267399032430135
2025-09-06 04:00:00, 791.2515390920269, 0.625811895801784, 0.1622962449168664
2025-09-06 05:00:00, 791.5038225591832, 0.6187963483029236, 0.1620237822868574
2025-09-06 06:00:00, 791.7233974115729, 0.619794004997491, 0.1617142903987964
2025-09-06 07:00:00, 791.5422485813244, 0.6195203189762427, 0.1615740076893392
2025-09-06 08:00:00, 789.417285918101, 0.6131791735268574, 0.1618317050174529
2025-09-06 09:00:00, 789.686046099829, 0.6144612780853129, 0.16168304277495127
2025-09-06 10:00:00, 789.9762033411246, 0.6156350797405633, 0.16146014311733703
2025-09-06 11:00:00, 790.2770254682329, 0.6167345213423857, 0.1612252453272989
2025-09-07 00:00:00, 792.0080537973884, 0.6185023507448955, 0.16132945832517223
2025-09-07 01:00:00, 792.2330116772662, 0.6196476776023255, 0.16114683859981246
2025-09-07 02:00:00, 792.3329161796923, 0.6288362149622906, 0.16097707962691332
2025-09-07 03:00:00, 792.8101383686704, 0.6209564238259089, 0.16085174590758214
2025-09-07 04:00:00, 794.4312681500369, 0.6234336931736962, 0.16089981163041386
2025-09-07 05:00:00, 796.5803950027035, 0.623403218640183, 0.1609470813085356
2025-09-07 06:00:00, 796.2519740803142, 0.6173818579290874, 0.1634917429630355
2025-09-07 07:00:00, 793.5189560787051, 0.6184111628373499, 0.1622544648627692
2025-09-07 08:00:00, 793.7708204949178, 0.6196681180128287, 0.16176860709198004
2025-09-07 09:00:00, 794.0885435797803, 0.6208222776203792, 0.16137043668203332
2025-09-07 10:00:00, 794.3226478504823, 0.6263018499038608, 0.16107153761090465
2025-09-07 11:00:00, 794.677609803237, 0.6229740115742239, 0.16089947563993964
2025-09-08 00:00:00, 797.1737992603049, 0.6310697438751705, 0.1593271172252227
2025-09-08 01:00:00, 797.3347269654791, 0.6313945265540879, 0.15922630309896849
2025-09-08 02:00:00, 797.4800837595941, 0.6401972671298659, 0.15913003604286896
2025-09-08 03:00:00, 797.598530855203, 0.6319044574275684, 0.15905504854661406
2025-09-08 04:00:00, 796.9849407983362, 0.6308816614960615, 0.1587770891772249
2025-09-08 05:00:00, 796.9451335134423, 0.631588827501577, 0.15941198654971037
2025-09-08 06:00:00, 800.157175493741, 0.6281543906052875, 0.15962412121777328
2025-09-08 07:00:00, 797.9349521120776, 0.6181963469934959, 0.1606974320344897
2025-09-08 08:00:00, 795.9624958891773, 0.6190827553319009, 0.15973894665212615
2025-09-08 09:00:00, 796.1017971252068, 0.6202396577745098, 0.15939575239816625
2025-09-08 10:00:00, 796.3073980895425, 0.6213954064458704, 0.15914381182564827
2025-09-08 11:00:00, 796.4429198984059, 0.6224295605955245, 0.15899940940278634
2025-09-09 00:00:00, 795.0669717390643, 0.6128637696949799, 0.15973564523366135
2025-09-09 01:00:00, 797.2336713062043, 0.6142373488457327, 0.1594556824308983
2025-09-09 02:00:00, 793.4943994151248, 0.6162471459504796, 0.15928213989843357
2025-09-09 03:00:00, 793.645860717737, 0.6168625222491678, 0.15914010470642537
2025-09-09 04:00:00, 793.9434954135868, 0.6179392421011652, 0.15903208653324896
2025-09-09 05:00:00, 795.5208648848951, 0.6269094640498123, 0.15887300591235484
2025-09-09 06:00:00, 798.5843553471052, 0.6158612534261683, 0.15878504344129238
2025-09-09 07:00:00, 795.2819308471078, 0.6182828691048396, 0.15908045243004257
2025-09-09 08:00:00, 795.1971851615743, 0.621685257975045, 0.15917972340920303
2025-09-09 09:00:00, 792.9508250452687, 0.6211302155343239, 0.15959789098779165
2025-09-09 10:00:00, 793.6883748697246, 0.6257834885005672, 0.16094364405037032
2025-09-09 11:00:00, 792.9235143530746, 0.6206512525136435, 0.1604028776855078
2025-09-10 00:00:00, 791.9955574780682, 0.6161491800600222, 0.16162103873876987
2025-09-10 01:00:00, 794.9644362942197, 0.6186008708411178, 0.16219237369312287
2025-09-10 02:00:00, 791.9596949643054, 0.6195184280105256, 0.16145404873237862
2025-09-10 03:00:00, 791.1466698541353, 0.6206672068812166, 0.16106532268333348
2025-09-10 04:00:00, 791.3460305895806, 0.6217567091055615, 0.16074675954666748
2025-09-10 05:00:00, 791.6640644526409, 0.6226719167282794, 0.16035788557938288
2025-09-10 06:00:00, 791.9137454527976, 0.6234995160495798, 0.1600622808683683
2025-09-10 07:00:00, 792.2352903379224, 0.624302174153748, 0.15984101027093248
2025-09-10 08:00:00, 792.5604314972502, 0.6250783296154806, 0.1596565033301051
2025-09-10 09:00:00, 790.9960926151238, 0.6269828162119855, 0.15955164122973564
2025-09-10 10:00:00, 802.5973446748624, 0.6246851036363477, 0.16096697021468465
2025-09-10 11:00:00, 792.3574502423378, 0.625502275078879, 0.1607207041129436
2025-09-11 00:00:00, 792.0255739712027, 0.6276815582976656, 0.15902202453021824
2025-09-11 01:00:00, 796.6198829007844, 0.6278425049635162, 0.1587394074166
2025-09-11 02:00:00, 793.112377497483, 0.6281859083775397, 0.15854206419855857
2025-09-11 03:00:00, 793.2937486402662, 0.6285341651256559, 0.15839767137846344
2025-09-11 04:00:00, 793.8201508823926, 0.6326118169266515, 0.15792453909669202
2025-09-11 05:00:00, 797.8096233357011, 0.6304820827817158, 0.15877534402495577
2025-09-11 06:00:00, 793.9044649139278, 0.6314602264324081, 0.1586686073095133
2025-09-11 07:00:00, 797.40483113819, 0.6307648586742142, 0.15837076565162125
2025-09-11 08:00:00, 794.1746772055513, 0.630984178792378, 0.15825478406943908
2025-09-11 09:00:00, 794.260833345982, 0.6311064122114712, 0.1580593247161728
2025-09-11 10:00:00, 794.3973511123254, 0.6313904684389271, 0.1580021841276381
2025-09-11 11:00:00, 794.528171068359, 0.6312699521692685, 0.15765819781024124
2025-09-12 00:00:00, 799.1761744985544, 0.6345916295408449, 0.15717526819849878
2025-09-12 01:00:00, 796.6202166293103, 0.6362389605350235, 0.157869534757048
2025-09-12 02:00:00, 801.2513747121267, 0.6431119155508728, 0.15854868759610022
2025-09-12 03:00:00, 796.1816447338464, 0.635072792035465, 0.15728851789619178
2025-09-12 04:00:00, 795.9862458229721, 0.6355796454872233, 0.15708312544415473
2025-09-12 05:00:00, 800.10456177749, 0.6376008192663585, 0.15793540991742125
2025-09-12 06:00:00, 795.2926599639363, 0.6381495958161602, 0.1581035503221197
2025-09-12 07:00:00, 793.5830221898432, 0.6381031554899356, 0.15743725908633122
2025-09-12 08:00:00, 798.8181470238262, 0.639905247509154, 0.15866559030659516
2025-09-12 09:00:00, 795.3488003986865, 0.6395898719912071, 0.1584053486062299
2025-09-12 10:00:00, 795.5942956959053, 0.6388778152281198, 0.15782918142415533
2025-09-12 11:00:00, 795.8628325429431, 0.6380129434400846, 0.15727532549979756
2025-09-13 00:00:00, 796.4029080533043, 0.6389682798206355, 0.15630110771876385
2025-09-13 01:00:00, 803.2743670556478, 0.6414922838098007, 0.15735041032035468
2025-09-13 02:00:00, 800.4445888458846, 0.6450697137315545, 0.15715458785025863
2025-09-13 03:00:00, 796.9713581033908, 0.6404320040231334, 0.15669926507872198
2025-09-13 04:00:00, 800.3610245659422, 0.6410183366319746, 0.1569787365821321
2025-09-13 05:00:00, 798.1037145394108, 0.6431342936860037, 0.15784467686478776
2025-09-13 06:00:00, 796.6088101887691, 0.6425018899132124, 0.15745146739586133
2025-09-13 07:00:00, 796.5422522377412, 0.6414579168054098, 0.15677972116938868
2025-09-13 08:00:00, 801.1046121566033, 0.6422446371217927, 0.15707557494330704
2025-09-13 09:00:00, 798.0269780014066, 0.6433762984119857, 0.1574535499555748
2025-09-13 10:00:00, 797.5082663084261, 0.6428921309362454, 0.15708830660554882
2025-09-13 11:00:00, 797.8961989901749, 0.6413308798443783, 0.15620868392993967
2025-09-14 00:00:00, 799.3901352094636, 0.644726721068727, 0.1567154486315006
2025-09-14 01:00:00, 799.869862120467, 0.6444814537303271, 0.15634352641991733
2025-09-14 02:00:00, 800.7758150828963, 0.6439957420627472, 0.15589796215150975
2025-09-14 03:00:00, 805.8794506675409, 0.6457981501188452, 0.15676776199980913
2025-09-14 04:00:00, 802.6654431840478, 0.6458169527517661, 0.15668705018660636
2025-09-14 05:00:00, 803.7577287261763, 0.6478265780530833, 0.15753481287354512
2025-09-14 06:00:00, 801.6599947381469, 0.6470730808736754, 0.1570473300821813
2025-09-14 07:00:00, 801.6977467286245, 0.6460431674293189, 0.1566313266539275
2025-09-14 08:00:00, 800.6909474951683, 0.6440525811283458, 0.1554022121332867
2025-09-14 09:00:00, 800.9584358609687, 0.6447111318610336, 0.1550286130010367
2025-09-14 10:00:00, 811.8433308520808, 0.6536094090167515, 0.15619387191038653
2025-09-14 11:00:00, 801.3348304744802, 0.6452780660331959, 0.15593126292810527
2025-09-15 00:00:00, 805.7981763354394, 0.6484966016611596, 0.15639385975225886
2025-09-15 01:00:00, 802.0967340582482, 0.6481685466244888, 0.15619038862224316
2025-09-15 02:00:00, 805.540119939784, 0.649469282813324, 0.15673136736341428
2025-09-15 03:00:00, 803.3722768645426, 0.6496597928305468, 0.15674273001085806
2025-09-15 04:00:00, 803.3246056139924, 0.6488920594691284, 0.1561846870876342
2025-09-15 05:00:00, 803.7033871914355, 0.6485195237920499, 0.15596913440823254
2025-09-15 06:00:00, 805.2839630592714, 0.6483527557995312, 0.15526949708229754
2025-09-15 07:00:00, 808.8281500835197, 0.6499894919633911, 0.1564994951652037
2025-09-15 08:00:00, 804.0054854603345, 0.6490700732716213, 0.15599604652698265
2025-09-15 09:00:00, 808.6381657413374, 0.6504896324814272, 0.156584340002739
2025-09-15 10:00:00, 804.9924616365374, 0.6509676225296377, 0.15676952226196297
2025-09-15 11:00:00, 804.8749300527704, 0.6501657165154876, 0.15615881600062323
2025-09-16 00:00:00, 806.9282515975289, 0.6517980620707696, 0.15619167889207772
2025-09-16 01:00:00, 807.3710136403422, 0.651142401543588, 0.15575908443238246
2025-09-16 02:00:00, 807.62893804168, 0.6508970328318413, 0.1555253443217076
2025-09-16 03:00:00, 807.7246216621808, 0.6502829881023277, 0.15483932565019864
2025-09-16 04:00:00, 821.716569310235, 0.6546326001185433, 0.15734087512043785
2025-09-16 05:00:00, 809.5628663691697, 0.654124509743616, 0.15703750760125817
2025-09-16 06:00:00, 808.6712879903262, 0.6532346844967194, 0.15651512304434953
2025-09-16 07:00:00, 809.1841453739878, 0.6525085825028203, 0.15557226737768162
2025-09-16 08:00:00, 811.2952023698177, 0.6502367693634649, 0.15489545029564653
2025-09-16 09:00:00, 812.2664179116889, 0.6523904970562494, 0.1559598831480333
2025-09-16 10:00:00, 807.6824376275218, 0.6521264461474973, 0.15581287089845763
2025-09-16 11:00:00, 807.0784349735402, 0.651170683606968, 0.15532757139521522
2025-09-17 00:00:00, 810.1115669489725, 0.6510708603247819, 0.15487455489936988
2025-09-17 01:00:00, 813.7159906569144, 0.6519472881343817, 0.15533179982868497
2025-09-17 02:00:00, 816.6416614478023, 0.6538955453863317, 0.15623822410685104
2025-09-17 03:00:00, 819.2178571743904, 0.6615250482926011, 0.15631508578156209
2025-09-17 04:00:00, 817.3026296981519, 0.6546590601631298, 0.15652496812193475
2025-09-17 05:00:00, 810.3229471183765, 0.6536370238449187, 0.15608180284798223
2025-09-17 06:00:00, 810.1481797276991, 0.652862562868764, 0.1556340590799252
2025-09-17 07:00:00, 810.2948187493516, 0.6522812603022523, 0.15535156591239188
2025-09-17 08:00:00, 839.6919927206551, 0.650995176603976, 0.15502504462842956
2025-09-17 09:00:00, 814.2351900757875, 0.6564027047182983, 0.15751209945340153
2025-09-17 10:00:00, 809.3811441985652, 0.6548871799495579, 0.15674550821936525
2025-09-17 11:00:00, 809.7693986582884, 0.6537823361236982, 0.1562112028922753
2025-09-18 01:00:00, 815.8503682389037, 0.5881254150548532, 0.16220245792768398
2025-09-18 02:00:00, 801.2064055085045, 0.5886383317059267, 0.15971951853900343
2025-09-18 03:00:00, 799.80165386678, 0.5906235425055123, 0.1582840149879546
2025-09-18 04:00:00, 800.4177736291979, 0.5933000652878131, 0.15764217744030318
2025-09-18 05:00:00, 801.0701519796821, 0.5957242085628215, 0.15711574558805042
2025-09-18 06:00:00, 801.2363132278986, 0.5980028998252072, 0.1567151021139958
2025-09-18 07:00:00, 791.0543650793651, 0.6112348672319936, 0.15559682043707795
2025-09-18 11:00:00, 819.3861194573432, 0.6083157250945389, 0.1563380652710085
2025-09-19 00:00:00, 803.950374274598, 0.6204320755603216, 0.1574851961020029
2025-09-19 01:00:00, 803.4286485132735, 0.6207225541799481, 0.15696390984427347
2025-09-19 02:00:00, 804.0872091434816, 0.6212785576691882, 0.15658589320989152
2025-09-19 03:00:00, 804.8548300269671, 0.621859602616471, 0.1562040651849269
2025-09-19 04:00:00, 804.6676874361865, 0.6220573873236599, 0.15576345206917866
2025-09-19 06:00:00, 817.7943600654834, 0.6253662482969371, 0.15635406796486748
2025-09-19 07:00:00, 811.4442236077082, 0.6253483432505929, 0.15597785326252453
2025-09-19 08:00:00, 805.9561064058003, 0.625966442247162, 0.15575325386585775
2025-09-19 09:00:00, 810.4798159536849, 0.6264416473430255, 0.15557262164456073
2025-09-19 10:00:00, 815.1909209306659, 0.6297000891607366, 0.15672928543600803
2025-09-19 11:00:00, 808.2690424875291, 0.6266402969854367, 0.1561396477831203
2025-09-20 00:00:00, 820.1856383463097, 0.6382910689858099, 0.15627307847478875
2025-09-20 01:00:00, 809.8482854222951, 0.638742281686179, 0.15633639472958852
2025-09-20 02:00:00, 813.6400046410621, 0.6418505793106706, 0.1576629250031423
2025-09-20 03:00:00, 809.2946359455398, 0.6419445331613186, 0.15749630904125847
2025-09-20 04:00:00, 809.5883541024747, 0.6415229804938556, 0.15705758295200975
2025-09-20 05:00:00, 810.1553846718172, 0.6413906516669398, 0.15675225322021125
2025-09-20 06:00:00, 810.2878752105272, 0.6418728397631649, 0.15628594646902003
2025-09-20 07:00:00, 819.3381335472577, 0.642922081816529, 0.1569972839884937
2025-09-20 08:00:00, 814.5989200814869, 0.6429454985158485, 0.15683023882422104
2025-09-20 09:00:00, 813.7297403794532, 0.6417753871703178, 0.15613433718521472
2025-09-20 10:00:00, 824.0877800402598, 0.6417178735325931, 0.15594421964584013
2025-09-20 11:00:00, 815.2976955144745, 0.6418061872465473, 0.15585331345358108
2025-09-21 00:00:00, 815.4484401641294, 0.6488097711456383, 0.15722748969061973
2025-09-21 01:00:00, 815.5186057450115, 0.6483790466264746, 0.15683467459005532
2025-09-21 02:00:00, 817.3615543008631, 0.6475681072584933, 0.15624489508410316
2025-09-21 03:00:00, 822.3980266311451, 0.6489010442617055, 0.15687931397889587
2025-09-21 04:00:00, 817.1447471879746, 0.6555981496508112, 0.1574206648320411
2025-09-21 05:00:00, 813.5811067601614, 0.6489592697578922, 0.15660699291856967
2025-09-21 06:00:00, 819.0021480109781, 0.6517214110911085, 0.15784226661860928
2025-09-21 07:00:00, 816.2480715814397, 0.6514071477514063, 0.15753546313197078
2025-09-21 08:00:00, 816.5403733385951, 0.6509490499228429, 0.1571744351620876
2025-09-21 09:00:00, 817.1478919205105, 0.65055472752003, 0.15688013076254678
2025-09-21 10:00:00, 822.8497319172188, 0.6510394879460045, 0.1568899949406259
2025-09-21 11:00:00, 818.4721258392403, 0.6527063694987361, 0.15756421499278725
2025-09-22 00:00:00, 822.700149984283, 0.6539965471134775, 0.15697246326102343
2025-09-22 01:00:00, 824.4582465633522, 0.6565198931901305, 0.1580614857751301
2025-09-22 02:00:00, 821.5763125540731, 0.6556047989070353, 0.1575383440784289
2025-09-22 03:00:00, 821.7662084047984, 0.6552225743834864, 0.15726828550990182
2025-09-22 04:00:00, 821.4868188083658, 0.6557760724514018, 0.15682583648110074
2025-09-22 05:00:00, 824.8069061355228, 0.653549859383512, 0.15626708070225528
2025-09-22 06:00:00, 826.2334209867267, 0.6551689547017028, 0.1570307751436449
2025-09-22 07:00:00, 823.3269537159308, 0.6566476707776971, 0.15765014606450756
2025-09-22 08:00:00, 822.6533243710112, 0.6633791905435295, 0.15713530569223877
2025-09-22 09:00:00, 829.5632807795369, 0.658144304687577, 0.15823357497501547
2025-09-22 10:00:00, 823.136564566479, 0.657674361167318, 0.1581560957994889
2025-09-22 11:00:00, 822.9101474077785, 0.6569478098844327, 0.1576416982633345
2025-09-23 00:00:00, 824.8050174804831, 0.6561700040541373, 0.15621243939988544
2025-09-23 01:00:00, 824.935166760267, 0.6561991319255533, 0.15613668836694608
2025-09-23 02:00:00, 824.9803925104275, 0.6562372671728972, 0.15608588383918262
2025-09-23 03:00:00, 829.682548901886, 0.6584835156389434, 0.15709490206214374
2025-09-23 04:00:00, 826.1150868458733, 0.65932791337348, 0.15741232241121045
2025-09-23 05:00:00, 825.8506521662139, 0.6588360320717621, 0.15711951327661697
2025-09-23 06:00:00, 826.0675979893649, 0.6586421626424719, 0.1568994485099016
2025-09-23 07:00:00, 826.2834914418995, 0.6583957827446566, 0.15624681384661546
2025-09-23 08:00:00, 826.471059428583, 0.6572720581149845, 0.15609639106631265
2025-09-23 09:00:00, 826.2595362098726, 0.6648100792692456, 0.15580206136169245
2025-09-23 10:00:00, 832.9082401689212, 0.6590540852433074, 0.15678962251733577
2025-09-23 11:00:00, 827.2198307352934, 0.6593042159510345, 0.15688318883614394
2025-09-24 00:00:00, 831.0680546258138, 0.6610741615470743, 0.15689825548406136
2025-09-24 01:00:00, 832.0222547734178, 0.6614230272201488, 0.1569360913506861
2025-09-24 02:00:00, 829.0658548740445, 0.6632925220712969, 0.15777816500932743
2025-09-24 03:00:00, 826.689748686354, 0.6671141197734375, 0.15700994921705005
2025-09-24 04:00:00, 832.2630502083425, 0.6640332400227058, 0.1579912753649471
2025-09-24 05:00:00, 828.2539209659549, 0.6636036649749564, 0.1577458666031234
2025-09-24 06:00:00, 828.237345622796, 0.6629284972546176, 0.15733681414763004
2025-09-24 07:00:00, 828.7704950143692, 0.6624691021866971, 0.15703906081682706
2025-09-24 08:00:00, 830.7544663882547, 0.6688234523964592, 0.15621889163206903
2025-09-24 09:00:00, 834.944493247536, 0.6639520015121313, 0.1575761172215185
2025-09-24 10:00:00, 828.7955119933705, 0.6696077070278929, 0.1571681342977162
2025-09-24 11:00:00, 832.8215561735148, 0.6640335710335704, 0.15754891401820634
2025-09-25 00:00:00, 831.1788326781314, 0.6662647745857015, 0.15780774670387743
2025-09-25 01:00:00, 833.2853857808857, 0.6699257041093101, 0.15712452267013233
2025-09-25 02:00:00, 832.6481914909764, 0.6675768952823531, 0.1582857409934816
2025-09-25 03:00:00, 830.8607994475054, 0.6666385953225643, 0.15772593486628592
2025-09-25 04:00:00, 831.1776492671353, 0.6660265734739538, 0.15734213768587665
2025-09-25 05:00:00, 831.5607549241332, 0.6656619212961993, 0.15712392162298874
2025-09-25 06:00:00, 831.5035135228355, 0.6679597752920067, 0.15656248971502032
2025-09-25 07:00:00, 835.4122143256117, 0.6675321081125468, 0.15801367864213017
2025-09-25 08:00:00, 830.8979699372492, 0.6672207890292011, 0.15718521473901778
2025-09-25 09:00:00, 830.8776978417267, 0.6668535385977825, 0.15688782454737843
2025-09-25 10:00:00, 831.2355406813789, 0.6662196254579994, 0.1567056995803481
2025-09-25 11:00:00, 831.603760535875, 0.665707635129803, 0.15648298700108879
2025-09-26 04:00:00, 834.4124340249432, 0.6617615464297757, 0.15608860356525145
2025-09-26 05:00:00, 825.4590170901254, 0.6615571473291231, 0.15606702692072288
2025-09-26 06:00:00, 854.9072894550602, 0.6568230599737496, 0.15649431466004937
2025-09-26 07:00:00, 844.4508222996516, 0.6697757622119668, 0.1562973408676636
2025-09-26 08:00:00, 831.9611208991331, 0.6624034221892839, 0.15634601466140133
2025-09-27 09:00:00, 827.6755513894502, 0.6231930050143951, 0.15830958547144702
2025-09-27 10:00:00, 817.7936678505296, 0.628607182277198, 0.15719770629757787
2025-09-27 11:00:00, 817.7242722277875, 0.6297585863283806, 0.1563647011752688
2025-09-28 00:00:00, 821.0382519010974, 0.639574673544306, 0.1562257169688852
2025-09-28 01:00:00, 821.4301494062706, 0.6331582545676004, 0.1561166513967936
2025-09-28 02:00:00, 821.9399899569439, 0.634247236778855, 0.1560858897352315
2025-09-28 03:00:00, 822.2641323760809, 0.6353022744652472, 0.15600640904969426
2025-09-28 04:00:00, 822.7398629641435, 0.636204793653347, 0.1559995778704305
2025-09-28 05:00:00, 823.2138167913827, 0.6369605795486095, 0.15593105240218472
2025-09-28 06:00:00, 823.6417366138963, 0.6377587449353623, 0.15592423026870444
2025-09-28 07:00:00, 824.0256629175963, 0.6403944582501208, 0.15586245744794167
2025-09-28 08:00:00, 824.4787175750953, 0.6392138981950054, 0.15591060526407602
2025-09-28 09:00:00, 824.7717930523302, 0.6399280969937525, 0.15591438269306357
2025-09-28 10:00:00, 824.9884189902302, 0.6404513542434804, 0.15588326410435221
2025-09-28 11:00:00, 825.247028823824, 0.644922830789861, 0.1558916069150618
2025-09-29 00:00:00, 830.2350176322674, 0.6469688806995375, 0.15566467907960088
2025-09-29 01:00:00, 829.826641293404, 0.6542371773330949, 0.15559048037362433
2025-09-29 02:00:00, 829.9377525310019, 0.6475079008178591, 0.15567149779534012
2025-09-29 03:00:00, 830.105556946911, 0.6478119380390682, 0.15566279842140593
2025-09-29 04:00:00, 830.3046941800869, 0.6480230208114416, 0.1556044493707502
2025-09-29 05:00:00, 830.4371198437635, 0.6482345142445928, 0.1556070809832418
2025-09-29 06:00:00, 830.6937246077642, 0.6514993168674189, 0.15556128723056695
2025-09-29 07:00:00, 830.9127618910289, 0.6485823675126506, 0.15555904704555973
2025-09-29 08:00:00, 831.0420419531592, 0.648745831737308, 0.15548447942845295
2025-09-29 09:00:00, 831.1998727542258, 0.6492796886057535, 0.15553327080886892
2025-09-29 10:00:00, 831.3101233752764, 0.6492171480536225, 0.1554957914515854
2025-09-29 11:00:00, 837.5816567610019, 0.649374727899787, 0.15545371145063597
2025-09-30 00:00:00, 833.6786081639673, 0.6506725210824692, 0.15517499094675447
2025-09-30 01:00:00, 833.7307904416415, 0.6506957374997221, 0.15513068323278575
2025-09-30 02:00:00, 833.8855278802321, 0.650680535796357, 0.15508904502940205
2025-09-30 03:00:00, 834.0087974135968, 0.6507061442792218, 0.15507661585894578
2025-09-30 04:00:00, 834.0422259915304, 0.6507475675981124, 0.15506944375792778
2025-09-30 05:00:00, 834.2043369812142, 0.6507607094807668, 0.1550974382501588
2025-09-30 06:00:00, 834.2544274193141, 0.6561527192251756, 0.15507547342647857
2025-09-30 07:00:00, 834.453885423149, 0.6508148075129665, 0.15503498081427722
2025-09-30 08:00:00, 834.6029272852379, 0.6583008920375416, 0.1550088229884324
2025-09-30 09:00:00, 834.6557546458621, 0.6579856276415222, 0.15503005537226897
2025-09-30 10:00:00, 834.8197825438024, 0.651059718759228, 0.1550270040298195
2025-09-30 11:00:00, 834.8371765098736, 0.6591105481328324, 0.15501718121760275
2025-10-01 00:00:00, 835.755853685068, 0.6513189212451559, 0.15483931270144127
2025-10-01 01:00:00, 835.8912368643403, 0.6512732993148423, 0.15478930329478677
2025-10-01 02:00:00, 835.8603640797575, 0.6511279050517248, 0.15473060696643817
2025-10-01 03:00:00, 836.0917486301473, 0.6513918628083718, 0.15474952348159648
2025-10-01 04:00:00, 836.1964830330536, 0.6589250736496676, 0.15473889911061364
2025-10-01 05:00:00, 836.3666057000034, 0.6514387763840086, 0.15476089210685465
2025-10-01 06:00:00, 836.5004889981735, 0.6594561026809036, 0.15474686352713576
2025-10-01 07:00:00, 836.3983010285912, 0.6514267158828856, 0.15473018744237516
2025-10-01 08:00:00, 836.5851420953306, 0.6513423107863933, 0.1546945601051468
2025-10-01 09:00:00, 836.5842760398483, 0.6514752107125088, 0.1546791083573313
2025-10-01 10:00:00, 836.6345042221312, 0.6511241754423983, 0.1546382021733502
2025-10-01 11:00:00, 836.6898785220264, 0.6510252702472386, 0.15464387221343437
2025-10-02 00:00:00, 837.81966769374, 0.6499392778379417, 0.1543049191809447
2025-10-02 01:00:00, 837.8291389028025, 0.6498618747347202, 0.15427914289911596
2025-10-02 02:00:00, 837.8966712454908, 0.6497375594663976, 0.1542397577449572
2025-10-02 03:00:00, 838.020446093833, 0.6495544771115724, 0.15418451657121673
2025-10-02 04:00:00, 838.0778209097946, 0.6495349705048019, 0.1542250187598074
2025-10-02 05:00:00, 838.1711263401282, 0.6498811503736555, 0.15417920591411463
2025-10-02 06:00:00, 838.3291915213333, 0.6493027598899928, 0.15412732518839817
2025-10-02 07:00:00, 838.3744062707124, 0.6492288330499212, 0.15413756116314412
2025-10-02 08:00:00, 838.340708022808, 0.6550451261576271, 0.15415270697472636
2025-10-02 09:00:00, 838.466579517225, 0.6547546322140789, 0.1541583613874458
2025-10-02 10:00:00, 838.4904846470257, 0.6490913899455728, 0.15416027035098231
2025-10-02 11:00:00, 838.498957495358, 0.6489973278488463, 0.15413945137769847
2025-10-03 00:00:00, 839.2544323523014, 0.6493497842049543, 0.15403630221498843
2025-10-03 01:00:00, 839.3192705250216, 0.6494159711064866, 0.1540476205265407
2025-10-03 02:00:00, 839.5057035451734, 0.6495540617523493, 0.15399905320181248
2025-10-03 03:00:00, 839.4605806252498, 0.649552282302192, 0.1538981225705483
2025-10-03 04:00:00, 839.5137635404176, 0.6495386209057118, 0.15378483842362942
2025-10-03 05:00:00, 839.5357168515905, 0.6548221520096694, 0.15387706021783812
2025-10-03 06:00:00, 839.5094953680514, 0.6498841872142709, 0.15388237994874682
2025-10-03 07:00:00, 839.5975619659092, 0.6499137794045847, 0.15386194263486289
2025-10-03 08:00:00, 839.6948786738106, 0.649974093240277, 0.15383544379990316
2025-10-03 09:00:00, 839.7683685472731, 0.6574893166526781, 0.1538868858554546
2025-10-03 10:00:00, 839.6541630617913, 0.6502906963424931, 0.1538694745255746
2025-10-03 11:00:00, 839.6552134086182, 0.6503954837756627, 0.1538603680547095
2025-10-04 00:00:00, 839.5078772425098, 0.6508489690430328, 0.15379345133550956
2025-10-04 01:00:00, 839.3056891195904, 0.6512983778467935, 0.15373747092028955
2025-10-04 02:00:00, 839.331553491384, 0.6509415380441139, 0.1537555380394189
2025-10-04 03:00:00, 839.3043307126452, 0.6510380232615479, 0.153760067575618
2025-10-04 04:00:00, 839.5108991825613, 0.6405641014377276, 0.15430434890415357
2025-10-04 05:00:00, 856.2924801888382, 0.6202291148023593, 0.15538623007345428
2025-10-04 06:00:00, 843.2977815699659, 0.6192959014265264, 0.15572881307137215
2025-10-05 00:00:00, 814.9721104129355, 0.6014874105874286, 0.15669444888236095
2025-10-05 01:00:00, 815.7273027147901, 0.6036899000358358, 0.15656411777293475
2025-10-05 02:00:00, 816.3659351000213, 0.6056900126322501, 0.1565163132364465
2025-10-05 03:00:00, 817.2231278268524, 0.6075326667723209, 0.1564156316570447
2025-10-05 04:00:00, 817.6229653935054, 0.5926551179064803, 0.15934740623543567
2025-10-05 06:00:00, 824.1406059041226, 0.589543024545587, 0.1596435320331188
2025-10-05 07:00:00, 815.2989835177344, 0.5917303769937261, 0.1588377076373231
2025-10-05 08:00:00, 822.7118272862857, 0.5908815888987112, 0.15739581179387968
2025-10-05 09:00:00, 813.4585900899534, 0.5938472301547472, 0.15719733788600598
2025-10-05 10:00:00, 813.8098771615619, 0.5965151538327391, 0.15705410081488058
2025-10-05 11:00:00, 814.3616155177125, 0.5991022005396316, 0.15689881476088363
2025-10-06 02:00:00, 823.0428769169126, 0.6063890374393478, 0.16474650252309309
2025-10-06 03:00:00, 814.2016892814862, 0.5893499425453634, 0.1633124088246311
2025-10-06 04:00:00, 814.3245545335883, 0.59029362164577, 0.1626621976783793
2025-10-06 05:00:00, 818.5497197093882, 0.5938803777919386, 0.16605095571237935
2025-10-06 06:00:00, 812.951202582238, 0.5927166368337066, 0.16742798391143962
2025-10-06 07:00:00, 813.2158889738826, 0.5942135097797844, 0.16562967402500967
2025-10-06 09:00:00, 823.538374551217, 0.5937076998505064, 0.1637204800082857
2025-10-06 10:00:00, 814.0683855243769, 0.5949826096578212, 0.1627187294258446
2025-10-06 11:00:00, 813.5917584919406, 0.5997128875661834, 0.16190788632269584
2025-10-07 00:00:00, 817.3055081229857, 0.6117817223240851, 0.16094839141086906
2025-10-07 01:00:00, 817.8443070797221, 0.6127536070017511, 0.16053814003767125
2025-10-07 02:00:00, 822.0166725750164, 0.6141237743166745, 0.16027721531786024
2025-10-07 03:00:00, 822.6356730471948, 0.6181857333432328, 0.16133785510152884
2025-10-07 04:00:00, 816.6314917686104, 0.6208321256030941, 0.16006213214248888
2025-10-07 05:00:00, 823.8551690462957, 0.6174855174955932, 0.15959503995067736
2025-10-07 06:00:00, 819.7996467222198, 0.6182139349369934, 0.1592643382595966
2025-10-07 07:00:00, 819.7688756388061, 0.6195977942075117, 0.15928291028630442
2025-10-07 08:00:00, 822.033597818663, 0.6197390635826278, 0.15877265845401095
2025-10-07 09:00:00, 835.2709743925982, 0.622829716974875, 0.15826618965749492
2025-10-07 10:00:00, 826.5710163864436, 0.6229069009964502, 0.15928744169180853
2025-10-07 11:00:00, 822.8496550703519, 0.6229455552659784, 0.15876169694115286
2025-10-08 00:00:00, 824.235360285152, 0.6295168671742281, 0.15759686759459007
2025-10-08 01:00:00, 820.0754988796057, 0.6288283873508971, 0.15701203216636037
2025-10-08 02:00:00, 819.0299583118315, 0.6289288500270392, 0.15675630789077577
2025-10-08 03:00:00, 819.6197796193426, 0.6289003627221896, 0.15645900531901744
2025-10-08 04:00:00, 820.3586725556264, 0.6287765422766384, 0.1561006282013891
2025-10-08 05:00:00, 825.1166082118282, 0.6286163059808219, 0.1558366217556083
2025-10-08 06:00:00, 841.8649398032223, 0.6291644485698249, 0.15641916599080002
2025-10-08 07:00:00, 826.5289737590496, 0.6224518767414479, 0.1567192328646431
2025-10-08 08:00:00, 822.3554988920257, 0.6309007022659707, 0.15637065536289313
2025-10-08 09:00:00, 822.7837466735472, 0.6308472316367464, 0.15604111470378937
2025-10-08 10:00:00, 823.334105879853, 0.6304662576262302, 0.15574791719830203
2025-10-08 11:00:00, 823.5821934857178, 0.6305658526334734, 0.155525892589932
2025-10-09 00:00:00, 830.0278151410822, 0.6387087380055994, 0.155884455123297
2025-10-09 01:00:00, 836.0550573405712, 0.616297109854308, 0.15699155938101736
2025-10-09 02:00:00, 833.0213604106316, 0.6223035366410442, 0.15779884392067928
2025-10-09 03:00:00, 825.1176203451408, 0.6186448035941268, 0.15550288090640574
2025-10-09 04:00:00, 838.4326775349949, 0.620987906439326, 0.1559968195061942
2025-10-09 05:00:00, 832.1513283525919, 0.6234795469773545, 0.15633244078023806
2025-10-09 06:00:00, 353.60132896413614, 0.6126058270280103, 0.15605280210087893
2025-10-09 07:00:00, 827.8358262872109, 0.6204410944490703, 0.1594661541361685
2025-10-09 08:00:00, 818.0244452539234, 0.6214381135888011, 0.15975934840887296
2025-10-09 09:00:00, 817.9684338605066, 0.6216301101418714, 0.1590139918442916
2025-10-09 10:00:00, 818.3511398476156, 0.622141473009871, 0.15850645940456612
2025-10-09 11:00:00, 430.06355161437017, 0.6128105722728805, 0.1583884706660022
2025-10-10 00:00:00, 818.1699956490504, 0.6178207658879087, 0.15989670679650012
2025-10-10 01:00:00, 818.5880352140856, 0.6174239067707811, 0.15887170029470873
2025-10-10 03:00:00, 835.2002270025545, 0.62159168217421, 0.15961636423353984
2025-10-10 05:00:00, 853.3762798634813, 0.6167012441622111, 0.1603697464153101
2025-10-10 06:00:00, 846.5790096486438, 0.6108978939168676, 0.15909296319313712
2025-10-10 07:00:00, 824.9920968215558, 0.6132421961913858, 0.15893129144363724
2025-10-10 08:00:00, 821.2828236477643, 0.617446143940382, 0.16000897671792727
2025-10-10 09:00:00, 817.3150506706332, 0.6180644813967228, 0.15937410994774573
2025-10-10 10:00:00, 817.7090368532093, 0.6188812583670219, 0.1589767254777107
2025-10-10 11:00:00, 818.1541201827482, 0.619756198833384, 0.15864340834880053
2025-10-11 00:00:00, 822.314892688554, 0.628998453302269, 0.15783455177062986
2025-10-11 01:00:00, 828.589261867497, 0.630919157769192, 0.1584144617142994
2025-10-11 02:00:00, 823.658522597468, 0.6321096486739446, 0.15858339622831172
2025-10-11 03:00:00, 821.3483962197331, 0.6317569249576207, 0.1580814655074643
2025-10-11 04:00:00, 827.7364094858204, 0.6349573241479912, 0.1593311256736942
2025-10-11 05:00:00, 824.2824230074526, 0.6354556106203553, 0.1592371898093327
2025-10-11 06:00:00, 824.4986359657778, 0.6352574473311049, 0.15871367254153987
2025-10-11 07:00:00, 827.3210604535212, 0.6353824318032258, 0.15848286149652058
2025-10-11 08:00:00, 831.7114810006303, 0.6420178505470553, 0.1591473338569048
2025-10-11 09:00:00, 826.9268396247894, 0.6376194228180287, 0.1595242084182303
2025-10-11 10:00:00, 824.0481491531556, 0.6442504471422346, 0.1586885623330121
2025-10-11 11:00:00, 831.0919238372977, 0.639816492863355, 0.1599348137695655
2025-10-12 00:00:00, 831.0100398939535, 0.645423199451966, 0.15942933656468988
2025-10-12 01:00:00, 828.8089905590214, 0.6442941968138467, 0.15860263217566412
2025-10-12 02:00:00, 829.21209264909, 0.643722815042917, 0.1581314972464889
2025-10-12 03:00:00, 829.7196067270767, 0.6432135196664716, 0.15765380278256985
2025-10-12 04:00:00, 830.2443607957421, 0.6423165596826371, 0.1569795474913157
2025-10-12 05:00:00, 830.0114926563949, 0.641610623888526, 0.1564909257937919
2025-10-12 06:00:00, 853.304970660394, 0.6454391709035738, 0.15656630434537835
2025-10-12 07:00:00, 836.6625076687818, 0.6439366326532396, 0.15741973151248898
2025-10-12 08:00:00, 835.3342195763563, 0.6433034407812782, 0.15708187020648373
2025-10-12 09:00:00, 836.7127535039137, 0.644678393119257, 0.15758498759450568
2025-10-12 10:00:00, 832.7906115998788, 0.6455479036165555, 0.1579467131994043
2025-10-12 11:00:00, 836.6264095352885, 0.643341418725292, 0.1566978108530452
2025-10-13 00:00:00, 835.1711443819099, 0.6465438334960529, 0.1560997667665864
2025-10-13 01:00:00, 840.1209736269416, 0.6461189317699054, 0.15626713397968986
2025-10-13 02:00:00, 835.0539688622395, 0.6480654602073042, 0.15669023164940704
2025-10-13 03:00:00, 840.0933703789457, 0.649943157226481, 0.1579660044287388
2025-10-13 04:00:00, 835.9806058973231, 0.6487124837117111, 0.15721526639001185
2025-10-13 05:00:00, 836.1747748534018, 0.6480804496071021, 0.15676332877067986
2025-10-13 06:00:00, 836.4578859493344, 0.647595972425597, 0.156359857508202
2025-10-13 07:00:00, 836.4171372533833, 0.6467542992711344, 0.15576894198477675
2025-10-13 08:00:00, 844.209572233104, 0.6513219880357114, 0.15614924962026638
2025-10-13 09:00:00, 836.2840613585081, 0.6475749487298683, 0.15605342759920404
2025-10-13 10:00:00, 841.0017459554055, 0.6501559744043905, 0.15734020322824568
2025-10-13 11:00:00, 836.645541591407, 0.6498532791805279, 0.15701972726719798
2025-10-14 00:00:00, 839.0427112710147, 0.6504799268268818, 0.15622472921462766
2025-10-14 01:00:00, 843.1263391560765, 0.6542372971967266, 0.15639966591726226
2025-10-14 02:00:00, 841.0977301934237, 0.6523226175414767, 0.15698609454278714
2025-10-14 03:00:00, 840.2255973974065, 0.6514987447306482, 0.15650347793080072
2025-10-14 04:00:00, 841.2822226048261, 0.6561784699307647, 0.15579968555477192
2025-10-14 05:00:00, 845.2877982168621, 0.6528949981371706, 0.15703905793509895
2025-10-14 06:00:00, 841.0800126739825, 0.6523370866940978, 0.1566595233669339
2025-10-14 07:00:00, 840.8371629965576, 0.6516215245340921, 0.15623563414341526
2025-10-14 08:00:00, 841.2038751183345, 0.656096062053934, 0.1557355835102381
2025-10-14 09:00:00, 844.8118081801578, 0.6535113678710538, 0.15707046334149447
2025-10-14 10:00:00, 841.6270528816234, 0.6524919200028921, 0.15654847692064897
2025-10-14 11:00:00, 841.9212251263604, 0.651922201563626, 0.1561609754209324
2025-10-15 00:00:00, 840.1218893088252, 0.6390295816284713, 0.15516619349372715
2025-10-15 01:00:00, 842.8204816534644, 0.641370526150039, 0.15504352864405022
2025-10-15 03:00:00, 854.3142335631674, 0.61523899292836, 0.15852506644816886
2025-10-15 04:00:00, 841.6151433854964, 0.6190882649195905, 0.15868899062624767
2025-10-15 05:00:00, 838.5888132497508, 0.6196797513618694, 0.15728639398622615
2025-10-15 06:00:00, 839.0521212880577, 0.6208234467127176, 0.15660644616947192
2025-10-15 07:00:00, 847.6470060761625, 0.6242640962055168, 0.15724614596738024
2025-10-15 08:00:00, 846.2325114966079, 0.6393810302646772, 0.1548929609061143
2025-10-15 10:00:00, 846.5583663214531, 0.6229030233655567, 0.15398779822541192
2025-10-15 11:00:00, 836.8803868297767, 0.6238768250270579, 0.1539672329737973
2025-10-16 00:00:00, 836.6829311234555, 0.5949622822793433, 0.16555017540525102
2025-10-16 01:00:00, 831.9409237167229, 0.5964867819181733, 0.1635571911665953
2025-10-16 02:00:00, 832.4412950652137, 0.5989601203555796, 0.1626096266221961
2025-10-16 03:00:00, 832.9517601108986, 0.6012297949697493, 0.16174374215103687
2025-10-16 04:00:00, 833.6558606279533, 0.6034555173316111, 0.1611028010108812
2025-10-16 05:00:00, 834.8769300635785, 0.6184356256681419, 0.15997707496218358
2025-10-16 06:00:00, 849.5215283079139, 0.6133563938413328, 0.16305452977170135
2025-10-16 07:00:00, 841.0264608566312, 0.6138378535180818, 0.16204395757054188
2025-10-16 08:00:00, 836.9424025336693, 0.6149433522059888, 0.16143721992879875
2025-10-16 09:00:00, 836.787572979591, 0.6161128378221031, 0.16087967464129282
2025-10-16 10:00:00, 836.9181146222262, 0.6173529866366955, 0.16032133451107172
2025-10-16 11:00:00, 835.0181570855956, 0.6058202478100384, 0.16298212929593925
2025-10-17 01:00:00, 845.9791766041188, 0.6263617842886152, 0.16014097922888426
2025-10-17 02:00:00, 825.1469814529681, 0.6329637348642083, 0.15949291660257975
2025-10-17 03:00:00, 823.3304018355825, 0.6293417749252476, 0.1591857254634929
2025-10-17 04:00:00, 823.9332095522749, 0.6298320664623663, 0.15896750256794392
2025-10-17 05:00:00, 824.235524489231, 0.630280076227072, 0.1586974098883963
2025-10-17 06:00:00, 843.2638687793107, 0.6306686824366645, 0.15843266111728174
2025-10-17 09:00:00, 847.5506054313971, 0.6383677494181341, 0.1611084194899745
2025-10-17 10:00:00, 836.5072094223354, 0.6352203815902114, 0.15924213396026327
2025-10-17 11:00:00, 836.5524036467028, 0.6354296469223891, 0.1589106753427607
2025-10-18 00:00:00, 840.4230792971379, 0.644739153342467, 0.1598476633476546
2025-10-18 01:00:00, 840.8002194546899, 0.6443844920957165, 0.1592734105990821
2025-10-18 02:00:00, 841.3963499688842, 0.644773626234153, 0.15927414755750455
2025-10-18 03:00:00, 844.5102485522675, 0.648856766033148, 0.1583088982165721
2025-10-18 04:00:00, 847.5820206967811, 0.6464171405587879, 0.1595119562485269
2025-10-18 05:00:00, 840.7298943570986, 0.6456928271612422, 0.15894751130004586
2025-10-18 06:00:00, 847.6184033234919, 0.6490434082791395, 0.16030475927767662
2025-10-18 07:00:00, 843.8202091839574, 0.6483903034752926, 0.15970063214465952
2025-10-18 08:00:00, 844.280367596092, 0.6478527424945368, 0.15914722704568982
2025-10-18 09:00:00, 843.2907132937186, 0.6460833826254834, 0.15855273305048664
2025-10-18 10:00:00, 838.4743294519754, 0.6439984764326064, 0.15790846394870328
2025-10-18 11:00:00, 853.6766394738506, 0.64976785782625, 0.16121713394938833
2025-10-19 00:00:00, 846.1591936577322, 0.6344892950011297, 0.15962320242980468
2025-10-19 01:00:00, 850.6231882886524, 0.6309303668557209, 0.16062025329674426
2025-10-19 02:00:00, 847.0904884593931, 0.6308607707895801, 0.16104681959024744
2025-10-19 03:00:00, 851.6225174195217, 0.6318193764629803, 0.16128319169464142
2025-10-19 04:00:00, 849.9882423348154, 0.6337352474059533, 0.16212378557723015
2025-10-19 05:00:00, 846.0033644238017, 0.629913258673454, 0.16098819019464053
2025-10-19 06:00:00, 844.5728262030432, 0.6292581480881159, 0.15909796814670146
2025-10-19 08:00:00, 852.3235661961764, 0.6358596655358233, 0.15981386185155988
2025-10-19 09:00:00, 844.3607422922422, 0.6360390667149148, 0.15930479026114974
2025-10-19 10:00:00, 844.7245924779164, 0.6365519582842456, 0.15895894887171488
2025-10-19 11:00:00, 845.584684151413, 0.6370058030084996, 0.15861346393566902
2025-10-20 00:00:00, 844.7183871862728, 0.6410172922027202, 0.15685349052529074
2025-10-20 02:00:00, 852.3424215279202, 0.6426463644683174, 0.1579209113131283
2025-10-20 03:00:00, 840.6719549325659, 0.6402528755849998, 0.15634970112033605
2025-10-20 07:00:00, 861.695364931931, 0.6452580840618228, 0.15753484843071927
2025-10-20 08:00:00, 845.1225627093263, 0.6456489550767488, 0.15761367306893753
2025-10-20 09:00:00, 843.3176501836506, 0.6449657641102925, 0.15706555027870628
2025-10-20 10:00:00, 843.7335878132936, 0.6448777036330677, 0.1568557148713021
2025-10-20 11:00:00, 845.4224346163213, 0.6453060727926676, 0.1569590882902346
2025-10-21 00:00:00, 850.6637613074946, 0.650899702492239, 0.1576225713168572
2025-10-21 01:00:00, 851.2923596147116, 0.6538156127580165, 0.15728551180099698
2025-10-21 02:00:00, 855.8382950103438, 0.650047911212163, 0.15685671893845682
2025-10-21 03:00:00, 848.0848926543838, 0.6479541986313845, 0.15570289407978188
2025-10-21 04:00:00, 852.4248605895071, 0.6515836360168384, 0.15588467161391067
2025-10-21 05:00:00, 855.3151301743414, 0.6515698748368935, 0.15728476323755336
2025-10-21 06:00:00, 850.5292084666371, 0.651624381960229, 0.15737387743498413
2025-10-21 07:00:00, 848.40943498329, 0.6535994713351946, 0.1581237247700311
2025-10-21 08:00:00, 847.0191048272443, 0.6535428622987145, 0.15813543332213675
2025-10-21 09:00:00, 847.3224855678501, 0.6524068221557121, 0.15755514772116355
2025-10-21 10:00:00, 847.6783193944821, 0.6521099908102467, 0.15722710868289874
2025-10-21 11:00:00, 848.2481766920146, 0.6518684865129949, 0.15690246856381507
2025-10-22 00:00:00, 852.467889899191, 0.6565416896866999, 0.1575429232722184
2025-10-22 01:00:00, 852.6655214547, 0.6546054939804408, 0.15689250350291872
2025-10-22 02:00:00, 850.7266385106932, 0.6543791177980632, 0.15668226741343663
2025-10-22 03:00:00, 851.0061912784786, 0.6542246901648336, 0.15638299343079445
2025-10-22 04:00:00, 851.3386647541855, 0.6543717796000246, 0.15632885046920156
2025-10-22 05:00:00, 851.7028276135978, 0.6544592119746282, 0.1562511903345378
2025-10-22 06:00:00, 852.028126600831, 0.6545269655443955, 0.1561818384876324
2025-10-22 07:00:00, 852.3217408145198, 0.6545350286689753, 0.15608030379350216
2025-10-22 11:00:00, 858.9063104723962, 0.66071908372721, 0.15905274634777483
2025-10-23 00:00:00, 845.2842288194761, 0.6125778311055933, 0.16082669696440427
2025-10-23 01:00:00, 846.0002676339941, 0.6143393461323701, 0.1601267215579846
2025-10-23 02:00:00, 846.6554705602606, 0.6161255528248577, 0.15956232549752847
2025-10-23 03:00:00, 847.3398896073014, 0.617487813492285, 0.15895562588645898
2025-10-23 04:00:00, 829.3012630747977, 0.6173724390885365, 0.15773281652951313
2025-10-23 05:00:00, 880.2634718430896, 0.6205419563533321, 0.15834412098592682
2025-10-23 06:00:00, 853.0059673779964, 0.6284811217007399, 0.16127615439156345
2025-10-23 07:00:00, 858.7462917404254, 0.6285527483883108, 0.1605427953322262
2025-10-23 08:00:00, 853.2759036685541, 0.6160666520444134, 0.1611489513962499
2025-10-23 09:00:00, 852.9627225115321, 0.615667126512561, 0.16055955815132625
2025-10-23 10:00:00, 849.4878878719346, 0.6201600857107344, 0.1610194909395153
2025-10-23 11:00:00, 847.7560555580853, 0.6213343695931064, 0.16025663905365742
2025-10-24 00:00:00, 853.0125412090414, 0.6389351965596124, 0.1588639193297817
2025-10-24 01:00:00, 866.1626322566549, 0.6421582062466848, 0.15988076325694958
2025-10-24 02:00:00, 855.8525877945247, 0.6413896508457162, 0.16011615172841967
2025-10-24 03:00:00, 855.3278643034221, 0.6415788818466849, 0.15961201933810773
2025-10-24 04:00:00, 860.5157376489337, 0.6430681901122428, 0.1598468800330311
2025-10-24 05:00:00, 856.457598191744, 0.6459961811306684, 0.16079685479881192
2025-10-24 06:00:00, 855.0559617048405, 0.6458942375307777, 0.1602533202455676
2025-10-24 07:00:00, 855.1264467370262, 0.6460183454830335, 0.15979159113109512
2025-10-24 08:00:00, 858.4964468813505, 0.6463012915490415, 0.1596010294509317
2025-10-24 09:00:00, 858.0269996306583, 0.6491742773486697, 0.16055445256146364
2025-10-24 10:00:00, 856.6442529433491, 0.6490914812956099, 0.16013774804683492
2025-10-24 11:00:00, 856.9625146092314, 0.649122936760803, 0.15971430408441928
2025-10-25 00:00:00, 860.5600256009391, 0.6573350769460641, 0.1601877297597199
2025-10-25 01:00:00, 860.8200880095523, 0.6567444691759986, 0.15961765813846135
2025-10-25 02:00:00, 861.3543901646821, 0.6562086794274091, 0.15915587917412227
2025-10-25 03:00:00, 866.9155221488517, 0.6570542642712073, 0.15934338030971565
2025-10-25 04:00:00, 862.4786100612702, 0.6584351005838402, 0.15982146625895213
2025-10-25 05:00:00, 861.0229056864589, 0.6578719033543239, 0.15933582329913124
2025-10-25 06:00:00, 866.9043046005798, 0.6604081728683038, 0.16042259887159888
2025-10-25 07:00:00, 862.7201416399779, 0.6593075319351962, 0.15966430047239435
2025-10-25 08:00:00, 862.9769244974677, 0.6588704461990327, 0.15913269718867445
2025-10-25 09:00:00, 866.8982889347501, 0.665083492309294, 0.1591982964476589
2025-10-25 10:00:00, 864.7616939359904, 0.6570777596965044, 0.15827781529623414
2025-10-25 11:00:00, 867.6572075631884, 0.6606268354447691, 0.15991575199817748
2025-10-26 00:00:00, 882.2161634799079, 0.6640093884519241, 0.15794368082495008
2025-10-26 01:00:00, 872.2140932728217, 0.6707914981903658, 0.15853539731588145
2025-10-26 02:00:00, 869.969825723625, 0.6615293861261513, 0.15811608309970274
2025-10-26 03:00:00, 865.2954651933479, 0.6610747350383772, 0.15778729655422205
2025-10-26 04:00:00, 865.3717416986678, 0.6607802334953453, 0.15757854693785175
2025-10-26 05:00:00, 865.7193777858729, 0.6605352471972123, 0.15726986707872428
2025-10-26 06:00:00, 866.0759932638225, 0.6604711475134601, 0.15716225937818518
2025-10-26 07:00:00, 874.2536036215433, 0.6616233697305238, 0.15760543732306173
2025-10-26 08:00:00, 867.5727537199783, 0.6633049028158038, 0.1581077655679301
2025-10-26 09:00:00, 866.9641934692307, 0.662406117777512, 0.1577289603842406
2025-10-26 10:00:00, 867.2107933296709, 0.6621230191837768, 0.1574762657390999
2025-10-26 11:00:00, 875.1671371094883, 0.6623791349053804, 0.15769512545593412
2025-10-27 00:00:00, 870.3325328189384, 0.670013129638023, 0.15804326325733975
2025-10-27 01:00:00, 873.2434128258573, 0.6674868251364138, 0.15887432732948123
2025-10-27 02:00:00, 869.0740647562092, 0.6669030232121266, 0.1585001172871902
2025-10-27 03:00:00, 875.1024764150326, 0.6658655698551583, 0.15792999588330178
2025-10-27 04:00:00, 870.8760236581011, 0.6651607398327345, 0.1574822552395893
2025-10-27 05:00:00, 872.3455877427035, 0.6644580845090314, 0.15703522731044234
2025-10-27 06:00:00, 873.9685928877989, 0.6654166548208152, 0.15734095392812422
2025-10-27 07:00:00, 870.7818085727655, 0.6656571356787803, 0.1574731192274966
2025-10-27 08:00:00, 877.1141725060231, 0.666080104960667, 0.15676899894899896
2025-10-27 09:00:00, 871.2493093403527, 0.6639177448304576, 0.15655271120498265
2025-10-27 10:00:00, 874.7809165452784, 0.6670213055832384, 0.15796217335270282
2025-10-27 11:00:00, 870.3445485431245, 0.6664781074972866, 0.15763260460553086
2025-10-28 00:00:00, 875.8853689452596, 0.6691219898075114, 0.1583279408142582
2025-10-28 01:00:00, 871.9663690431016, 0.6680882274503458, 0.157803186743923
2025-10-28 02:00:00, 872.1894115325654, 0.6667916072528859, 0.15723053213417207
2025-10-28 03:00:00, 872.591639724967, 0.6661552856021308, 0.15695477352102788
2025-10-28 04:00:00, 877.9232930492614, 0.6649663828321518, 0.15621003781957943
2025-10-28 05:00:00, 878.2242830105591, 0.667665608048843, 0.15755933405697217
2025-10-28 06:00:00, 875.5569514293893, 0.66777294829111, 0.1571358292873149
2025-10-28 07:00:00, 876.166097855289, 0.669304648598436, 0.15820136324773004
2025-10-28 08:00:00, 873.512315645412, 0.6682078302289651, 0.15759265491825664
2025-10-28 09:00:00, 873.8297977728195, 0.667468853026023, 0.15707291837701265
2025-10-28 10:00:00, 874.1565799725776, 0.6673499119527346, 0.1570186133755204
2025-10-28 11:00:00, 874.9531422436245, 0.6708425099585676, 0.15639326726442015
2025-10-29 00:00:00, 875.6644380697973, 0.6672487305509982, 0.15673264002775394
2025-10-29 01:00:00, 896.4316360366436, 0.669792829579809, 0.15721983388799507
2025-10-29 02:00:00, 878.1627022432687, 0.6720072495006216, 0.15891919003335658
2025-10-29 03:00:00, 875.6628894352872, 0.6645653104036686, 0.1582293225024588
2025-10-29 04:00:00, 880.0230114556704, 0.6545186263131333, 0.1589035834517817
2025-10-29 05:00:00, 876.386290461302, 0.6692484921194753, 0.15720700311342667
2025-10-29 06:00:00, 876.8190748666889, 0.6687865898519402, 0.15681305898185666
2025-10-29 07:00:00, 876.1892444181464, 0.6466505454120727, 0.15914953694900047
2025-10-29 08:00:00, 877.5142451624783, 0.6515866076055417, 0.15889069552444957
2025-10-29 09:00:00, 877.6343001548129, 0.6729731884701295, 0.15868649956759195
2025-10-29 10:00:00, 877.0308269839826, 0.6718255611540768, 0.15798571788013327
2025-10-29 11:00:00, 877.2968632688785, 0.6709375592664235, 0.15755074512934464
2025-10-30 00:00:00, 867.9134778253347, 0.64684814342356, 0.16161201200023792
2025-10-30 01:00:00, 873.03895140963, 0.634611528980134, 0.16186426014435193
2025-10-30 02:00:00, 867.837767544175, 0.6369860021997934, 0.16016196846646008
2025-10-30 03:00:00, 871.6749162672828, 0.640193460526197, 0.15934682566628836
2025-10-30 04:00:00, 866.9032551174249, 0.6354928447516666, 0.15908887714371375
2025-10-30 05:00:00, 866.9118158637647, 0.6398744708130619, 0.1600949476988711
2025-10-30 06:00:00, 875.3364463480103, 0.6422848458270564, 0.16031351088090487
2025-10-30 07:00:00, 870.3146745634224, 0.6485847043112679, 0.159036533311
2025-10-30 08:00:00, 877.4876376931871, 0.645248683078142, 0.16017594932061652
2025-10-30 09:00:00, 872.2646793957239, 0.6462774348408823, 0.15994146795748015
2025-10-30 10:00:00, 882.4724327497865, 0.6464878621547031, 0.1595981960004908
2025-10-30 11:00:00, 871.8053422657163, 0.64919733027591, 0.16014792444180898
2025-10-31 00:00:00, 879.7850421902508, 0.657399069315564, 0.15812737995244502
2025-10-31 01:00:00, 879.866400911802, 0.6602776125285249, 0.1596496219318781
2025-10-31 02:00:00, 874.2897863996287, 0.6671525477484193, 0.1593765592843644
2025-10-31 03:00:00, 871.2297433834726, 0.6623251398044516, 0.16008830932644294
2025-10-31 04:00:00, 870.4227700367824, 0.6615726550301422, 0.15945760484248359
2025-10-31 05:00:00, 871.0394867922429, 0.6609552692424016, 0.1588897645080404
2025-10-31 06:00:00, 871.5227325966739, 0.6607180739280242, 0.15853443219082292
2025-10-31 07:00:00, 875.0324455053214, 0.6673719075822124, 0.1582074914884119
2025-10-31 08:00:00, 875.0167316093989, 0.6634134755906899, 0.15935449375931202
2025-10-31 09:00:00, 876.6336247361425, 0.6617918604861138, 0.1582999878499629
2025-10-31 10:00:00, 876.5567314348903, 0.6599489255544954, 0.15727751584476507
2025-10-31 11:00:00, 885.7170576140471, 0.6632986793644262, 0.15860484669994265
2025-11-01 00:00:00, 875.9058454634225, 0.6683249245317635, 0.15954804415176888
2025-11-01 01:00:00, 875.417185136277, 0.6671295637024581, 0.1588469054448372
2025-11-01 02:00:00, 875.9888657417948, 0.6664650387863252, 0.1584108650428105
2025-11-01 03:00:00, 876.4157355969421, 0.665693528260125, 0.15784908626343766
2025-11-01 04:00:00, 876.8497974945484, 0.6654260984818715, 0.15759227363392475
2025-11-01 05:00:00, 877.2912574798673, 0.7524139777951142, 0.1570043617668822
2025-11-01 06:00:00, 892.7818501253378, 0.7706812491679517, 0.15807597518205138
2025-11-01 07:00:00, 888.6187752144848, 0.6682661394086812, 0.15898280986792193
2025-11-01 08:00:00, 879.0859547733608, 0.6692841882727534, 0.15918102094050904
2025-11-01 09:00:00, 878.0642771183705, 0.6739187491433531, 0.15851432627914952
2025-11-01 10:00:00, 878.7169044511226, 0.6661820247847221, 0.15747376744799146
2025-11-01 11:00:00, 881.0153399771411, 0.6685453211607838, 0.15853515752120653
2025-11-02 00:00:00, 881.0067255589454, 0.6708533181087613, 0.1583958262177759
2025-11-02 01:00:00, 882.1361435112649, 0.6725104836595089, 0.1579812612162079
2025-11-02 02:00:00, 890.1673940263171, 0.6706384367199179, 0.15779274004173824
2025-11-02 03:00:00, 888.3529031200482, 0.6747594742279336, 0.15994966881615102
2025-11-02 04:00:00, 882.375309766303, 0.6742748661809798, 0.1596360125809449
2025-11-02 05:00:00, 882.426082980435, 0.6733428968236298, 0.15912388342191824
2025-11-02 06:00:00, 882.841838435813, 0.6725837341582928, 0.1586825356506649
2025-11-02 07:00:00, 883.1804576547313, 0.6720416103115412, 0.15819466810231028
2025-11-02 08:00:00, 883.8998319194698, 0.6715188248995736, 0.15790336122048684
2025-11-02 09:00:00, 890.2965294651154, 0.6725274487117527, 0.1584162222715425
2025-11-02 10:00:00, 888.4423517052068, 0.6767508714667774, 0.16032993175154245
2025-11-02 11:00:00, 883.7040053326856, 0.6755643745578691, 0.15963298949014165
2025-11-03 00:00:00, 890.7308271307357, 0.67714558478701, 0.1591714599679591
2025-11-03 01:00:00, 888.2099277001149, 0.6786493514534673, 0.1599063650932138
2025-11-03 02:00:00, 887.025866308456, 0.6776413254043697, 0.15929347540424824
2025-11-03 03:00:00, 887.2384349275736, 0.6771446631048595, 0.1590009944993736
2025-11-03 04:00:00, 892.191130190852, 0.676927799813524, 0.15886839308685333
2025-11-03 05:00:00, 889.4823187928694, 0.6854646601418863, 0.15950815716296882
2025-11-03 06:00:00, 894.5742783449025, 0.6792325104907975, 0.15977106562196253
2025-11-03 07:00:00, 891.0425038938371, 0.6801460172579172, 0.16012371011698065
2025-11-03 08:00:00, 890.6586136281995, 0.6792978706940827, 0.1596047843524216
2025-11-03 09:00:00, 888.66314660582, 0.6774371038410937, 0.15848122316717192
2025-11-03 10:00:00, 888.4484155209436, 0.6765547247546225, 0.15792284564987422
2025-11-03 11:00:00, 912.1532898396804, 0.6767743973704105, 0.15790466442186996
2025-11-04 00:00:00, 886.9791862712361, 0.679038941709042, 0.15825641211279787
2025-11-04 01:00:00, 887.3141719535764, 0.6785421504683943, 0.15796704897413716
2025-11-04 02:00:00, 887.7652667739226, 0.6780634579826796, 0.15769353841766331
2025-11-04 03:00:00, 891.6513136230787, 0.6788478245788934, 0.15800413713794825
2025-11-04 04:00:00, 887.3111667565422, 0.681103380681525, 0.1591276542975357
2025-11-04 05:00:00, 889.6451671607301, 0.681584545721066, 0.15936699839127602
2025-11-04 06:00:00, 885.6285624407817, 0.6810601580400149, 0.15904732109884995
2025-11-04 07:00:00, 890.9305336039821, 0.6820715508416871, 0.15954197286538263
2025-11-04 08:00:00, 887.1140371314806, 0.6814754978696248, 0.1591283513198507
2025-11-04 09:00:00, 887.3675481255096, 0.6806930932656245, 0.1586881868572273
2025-11-04 10:00:00, 896.8494743767714, 0.6813386026783761, 0.15902001807165464
2025-11-04 11:00:00, 892.3482523311526, 0.6821511779675837, 0.15928932237539362
2025-11-05 00:00:00, 892.2728904522663, 0.6819734945211556, 0.15865117756645855
2025-11-05 01:00:00, 895.1731478951803, 0.6882182964188106, 0.15835530457496982
2025-11-05 02:00:00, 895.0711431661063, 0.6869696289394847, 0.1593023131238881
2025-11-05 03:00:00, 896.0463790047294, 0.6844695788354928, 0.15979701240994737
2025-11-05 04:00:00, 892.908181296136, 0.6847960525162713, 0.15986973420227474
2025-11-05 05:00:00, 892.9810405061497, 0.6837759178759644, 0.15928414485620782
2025-11-05 06:00:00, 892.6386148776892, 0.6818949278746529, 0.15827845238895824
2025-11-05 07:00:00, 890.8717416234731, 0.6805543025122096, 0.15761900013589802
2025-11-05 08:00:00, 926.010160752199, 0.6828738259866095, 0.15786969503940068
2025-11-05 09:00:00, 897.4412626860536, 0.6866803464160866, 0.16079950862642403
2025-11-05 10:00:00, 892.3309352517986, 0.684946841500067, 0.15993805226655794
2025-11-05 11:00:00, 892.9059916623663, 0.6839067036210054, 0.15936917833985778
2025-11-06 01:00:00, 891.178183843756, 0.6217219092955628, 0.16625876964435032
2025-11-06 02:00:00, 880.5996261218874, 0.6228429342488195, 0.16397494310731695
2025-11-06 03:00:00, 880.6301490453206, 0.6249073223220262, 0.1626294975539605
2025-11-06 04:00:00, 881.5806863370062, 0.6273090750240328, 0.16178930107858516
2025-11-06 05:00:00, 882.3681297999575, 0.6295166448213788, 0.1610780219842381
2025-11-06 06:00:00, 882.9896224792319, 0.6320184059309346, 0.16087202963043484
2025-11-06 07:00:00, 899.0701177876408, 0.650346216229725, 0.1608413577250856
2025-11-06 08:00:00, 895.8492733546526, 0.642048845734231, 0.16314962212839512
2025-11-06 09:00:00, 886.045036881887, 0.6425728599030112, 0.16236623846917572
2025-11-06 10:00:00, 885.5122357809955, 0.643104624367154, 0.16154799347020987
2025-11-06 11:00:00, 885.7939486385575, 0.6437824507678495, 0.16087816094952853
2025-11-07 00:00:00, 887.2198519701367, 0.6498745128542875, 0.1591039171197657
2025-11-07 01:00:00, 893.2586058697298, 0.6536066936821383, 0.16046305097301966
2025-11-07 02:00:00, 892.21713312894, 0.6526325773671547, 0.15930092221770822
2025-11-07 03:00:00, 894.1626775101269, 0.6525812791765928, 0.15894787111381314
2025-11-07 04:00:00, 889.9232732014834, 0.6529583643956898, 0.15865770353743233
2025-11-07 05:00:00, 891.0436076248569, 0.6547704376072848, 0.15822853222150823
2025-11-07 06:00:00, 898.9342053417475, 0.6567861608725017, 0.15953727819121435
2025-11-07 07:00:00, 894.6594661466107, 0.6616262146024896, 0.1587948630050353
2025-11-07 08:00:00, 896.1491559204146, 0.6597289988056271, 0.16023738184798272
2025-11-07 09:00:00, 891.6331056569979, 0.659123262673097, 0.15953960752609056
2025-11-07 10:00:00, 891.8535060890772, 0.6587942423950329, 0.15895251624039797
2025-11-07 11:00:00, 892.4383902777146, 0.6587930109030066, 0.15857483077665951
2025-11-08 00:00:00, 895.7838047498343, 0.6687349467428237, 0.1590415128907907
2025-11-08 01:00:00, 896.1069858688887, 0.6690243673616009, 0.1588380833779522
2025-11-08 02:00:00, 900.4835139932374, 0.6755004464256273, 0.15799755266778595
2025-11-08 03:00:00, 902.0780992027547, 0.669965234884657, 0.1586210565363877
2025-11-08 04:00:00, 897.1371725714991, 0.6716516671688789, 0.15923697145343782
2025-11-08 05:00:00, 902.6762192386503, 0.6743235773498334, 0.16038046206648446
2025-11-08 06:00:00, 897.4685534710524, 0.6741119111785675, 0.15988430900072062
2025-11-08 07:00:00, 897.373882615141, 0.6738297160323631, 0.15944109022359676
2025-11-08 08:00:00, 897.6032139044468, 0.6737737773619153, 0.15906793957520438
2025-11-08 09:00:00, 897.479026758661, 0.6738048507300205, 0.15864439393507362
2025-11-08 10:00:00, 904.0819017654454, 0.6753796068738992, 0.1593004041629376
2025-11-08 11:00:00, 898.854720742326, 0.6763362652830371, 0.15953448511383628
2025-11-09 00:00:00, 906.3952597761258, 0.6804413328274104, 0.15939496488552662
2025-11-09 01:00:00, 902.6317733709758, 0.680100062870533, 0.15915178690450324
2025-11-09 02:00:00, 902.7982926251752, 0.684219843956944, 0.15878355503157504
2025-11-09 03:00:00, 908.0452829584749, 0.6808485999012691, 0.1593422857930955
2025-11-09 04:00:00, 903.0047181234123, 0.683234550498482, 0.15977036861403526
2025-11-09 05:00:00, 912.8855905801934, 0.6843944232720292, 0.1609586677657306
2025-11-09 06:00:00, 904.8192593941785, 0.683484427450504, 0.1604222898574756
2025-11-09 07:00:00, 903.5114168298346, 0.6827524305182493, 0.15995293206560082
2025-11-09 08:00:00, 903.7328196702234, 0.682042166933108, 0.15948855965628056
2025-11-09 09:00:00, 904.0991412430986, 0.6819677149375591, 0.15909193906390942
2025-11-09 10:00:00, 911.2660162154299, 0.6836795798693646, 0.1601017642735675
2025-11-09 11:00:00, 907.0827034645346, 0.6831270089479854, 0.15975251859932044
2025-11-10 00:00:00, 920.6484483557202, 0.6828178443856168, 0.1584629755662304
2025-11-10 01:00:00, 908.6456271469032, 0.686070967767708, 0.15986977768073357
2025-11-10 02:00:00, 908.6083658404546, 0.6854155581079405, 0.15952583944055185
2025-11-10 03:00:00, 904.6881355331926, 0.6849919099456812, 0.1592455323321469
2025-11-10 04:00:00, 904.629349123952, 0.6846703387875288, 0.1589901621640481
2025-11-10 05:00:00, 904.8174644192484, 0.6842275094361513, 0.15866891698782248
2025-11-10 06:00:00, 905.0431493455569, 0.6840448007131595, 0.1585238013087398
2025-11-10 07:00:00, 911.1777400571797, 0.6962012627142504, 0.15822303775972066
2025-11-10 08:00:00, 908.4364680570101, 0.6863425023834994, 0.1596378487704676
2025-11-10 09:00:00, 905.5910595297725, 0.6855004629940404, 0.15918292364966727
2025-11-10 10:00:00, 904.8211334939941, 0.6839929401441381, 0.15839766235651845
2025-11-10 11:00:00, 911.5627821440869, 0.6822828183864991, 0.15762493079113274
2025-11-11 00:00:00, 925.1376627515251, 0.687722929288825, 0.1582040072391126
2025-11-11 01:00:00, 914.0580189219309, 0.6886521858232127, 0.16086770484740462
2025-11-11 02:00:00, 906.7171084852441, 0.6878552912794823, 0.16055404910288545
2025-11-11 03:00:00, 906.7222060319051, 0.6866288473564857, 0.15994044645104868
2025-11-11 04:00:00, 906.9301839371815, 0.6856944133548336, 0.15950898997086918
2025-11-11 05:00:00, 908.5423690950113, 0.6834208880367999, 0.1583131074526425
2025-11-11 06:00:00, 911.6903891514744, 0.6869011447774258, 0.15999722006595204
2025-11-11 07:00:00, 910.4186535694721, 0.6872203472884648, 0.16018739474910754
2025-11-11 08:00:00, 907.4906408582893, 0.6877250721093738, 0.16041884419161398
2025-11-11 09:00:00, 904.9370789885099, 0.6867345646689963, 0.1599097697307602
2025-11-11 10:00:00, 904.9883542289615, 0.685956095761667, 0.15940449042935745
2025-11-11 11:00:00, 905.1893563842974, 0.6854153200705483, 0.1591305725358753
2025-11-12 00:00:00, 903.8058730375564, 0.6868328808540229, 0.159710116755435
2025-11-12 01:00:00, 904.9592095496444, 0.693471627372728, 0.15911505467753384
2025-11-12 02:00:00, 909.0426904758077, 0.6875516037613171, 0.15999303623374725
2025-11-12 03:00:00, 907.3658414007303, 0.6881038690702588, 0.16004876634424592
2025-11-12 04:00:00, 906.7123200907522, 0.6870000823872123, 0.15973058889107383
2025-11-12 05:00:00, 905.8025547814559, 0.6893745638348714, 0.16094272721398475
2025-11-12 06:00:00, 903.7103807760221, 0.6881740250828704, 0.1603540581637044
2025-11-12 07:00:00, 903.9791364995522, 0.6873835226046217, 0.1598979781947303
2025-11-12 08:00:00, 903.1404349090241, 0.6936510341575335, 0.15914947672010174
2025-11-12 09:00:00, 916.0846390524713, 0.6876432864017894, 0.16010698898803905
2025-11-12 10:00:00, 913.1877141286661, 0.6866808851530826, 0.15949719813297933
2025-11-12 11:00:00, 907.6879886819564, 0.686239228170001, 0.15920932163382953
2025-11-13 00:00:00, 922.6663909470565, 0.683389340660993, 0.15814473067688758
2025-11-13 01:00:00, 915.8300694736043, 0.6833893638218548, 0.15812658414420502
2025-11-13 02:00:00, 914.9578933633594, 0.6833988327087049, 0.15810952303012138
2025-11-13 03:00:00, 908.626351071042, 0.6834274146498134, 0.1581595293688538
2025-11-13 04:00:00, 913.5677037661795, 0.6838066957626725, 0.1583601492365976
2025-11-13 05:00:00, 914.1851527170255, 0.6856167223580306, 0.15976364089350734
2025-11-13 06:00:00, 910.1367074966229, 0.6863196648322446, 0.15994965916401463
2025-11-13 07:00:00, 913.5360890184095, 0.685922333174832, 0.15969128491918608
2025-11-13 08:00:00, 911.8758289948343, 0.6857032763599851, 0.15947387082135267
2025-11-13 09:00:00, 910.2654477128648, 0.6883027363676358, 0.15926284270689492
2025-11-13 10:00:00, 910.3619898152785, 0.6854145266890236, 0.15917612985251386
2025-11-13 11:00:00, 910.8322790829438, 0.6849128543697872, 0.1588848483575823
2025-11-14 00:00:00, 917.6214848202125, 0.6906340933550452, 0.16123627729508916
2025-11-14 01:00:00, 915.191607386225, 0.6903435518317834, 0.16098703782106008
2025-11-14 02:00:00, 917.9609775751084, 0.692592430024874, 0.16209536459587046
2025-11-14 03:00:00, 912.4872172386401, 0.6915166335047132, 0.16147420786186692
2025-11-14 04:00:00, 912.5284667535699, 0.6915973762919451, 0.16074991175124595
2025-11-14 05:00:00, 917.4243800799318, 0.6878704321481427, 0.16005208504212678
2025-11-14 06:00:00, 917.9047757794083, 0.6897369018940648, 0.16094410624625435
2025-11-14 07:00:00, 913.7404028100319, 0.6912969760403722, 0.1616949109315673
2025-11-14 08:00:00, 909.7802239104025, 0.6905149391693253, 0.16087144416079036
2025-11-14 09:00:00, 911.2842667638041, 0.6888031074449312, 0.16028623318347376
2025-11-14 10:00:00, 913.3169963996261, 0.6894350979426527, 0.16066043802954197
2025-11-14 11:00:00, 914.2023312791868, 0.6919412771202713, 0.1617173041359848
2025-11-15 00:00:00, 920.3683489519717, 0.6938509241694769, 0.16191247936357464
2025-11-15 01:00:00, 914.8677206816124, 0.6940923306724812, 0.16203939455542415
2025-11-15 02:00:00, 914.0188620989735, 0.6930934975823675, 0.1614742523192547
2025-11-15 03:00:00, 914.4030584521045, 0.6923825738382955, 0.1610200526304454
2025-11-15 04:00:00, 914.8467078225153, 0.691717469827079, 0.1606578672212358
2025-11-15 05:00:00, 920.6601696558819, 0.6914317474671174, 0.1604688416171086
2025-11-15 06:00:00, 917.2120823046797, 0.6931347864299037, 0.161285501368373
2025-11-15 07:00:00, 925.271560101693, 0.6954377901312725, 0.16236169640203812
2025-11-15 08:00:00, 923.083191411345, 0.694449289483325, 0.1618821907997748
2025-11-15 09:00:00, 916.634297163153, 0.6935278756861581, 0.16134619470608141
2025-11-15 10:00:00, 915.8742329837236, 0.6927836581196674, 0.16091773091113307
2025-11-15 11:00:00, 916.2113005281191, 0.6920010484982646, 0.16043288034876985
2025-11-16 00:00:00, 918.1355277537452, 0.6943032182750364, 0.16099346610230242
2025-11-16 01:00:00, 921.9210195216274, 0.7010857147400213, 0.1606165218389758
2025-11-16 02:00:00, 920.9896289634655, 0.6966530583713941, 0.16187070878689247
2025-11-16 03:00:00, 922.7484527070517, 0.696644247404026, 0.16163735323154527
2025-11-16 04:00:00, 920.6852589691828, 0.6982910223382274, 0.16246389886588855
2025-11-16 05:00:00, 919.3354819655044, 0.6973595994560255, 0.16189947622772585
2025-11-16 06:00:00, 919.558932375069, 0.696684656104125, 0.16144714496491888
2025-11-16 07:00:00, 919.965761526747, 0.6963373335143838, 0.16116875631152403
2025-11-16 08:00:00, 921.2627457780987, 0.695192590975158, 0.1610027960742087
2025-11-16 09:00:00, 924.4692435165308, 0.6984042759456554, 0.1622198030482364
2025-11-16 10:00:00, 918.4272139573627, 0.696922008891149, 0.1614076738511088
2025-11-16 11:00:00, 923.5886613347376, 0.6982824134059331, 0.16201943718338913
2025-11-17 00:00:00, 919.1275379175914, 0.6970207403824175, 0.16058754627022173
2025-11-17 01:00:00, 928.6246766900651, 0.6983298483203332, 0.1620632399863311
2025-11-17 02:00:00, 917.5626182598226, 0.6977464981738409, 0.16162548581135666
2025-11-17 03:00:00, 917.6850003541472, 0.6969834354436371, 0.16131148258324984
2025-11-17 04:00:00, 917.9748231794312, 0.6962494389535516, 0.16103498395544125
2025-11-17 05:00:00, 918.396224792318, 0.6956003951891491, 0.16080502668174887
2025-11-17 06:00:00, 924.348421993927, 0.6985070187643935, 0.1621089045492015
2025-11-17 07:00:00, 919.8011366482253, 0.698233754526891, 0.16214748801745565
2025-11-17 08:00:00, 919.7776210605671, 0.7000529668377953, 0.16302253845437306
2025-11-17 09:00:00, 917.5342706009137, 0.6987355162074643, 0.16245965224775488
2025-11-17 10:00:00, 917.8552168237634, 0.6977901554666663, 0.16193767896186076
2025-11-17 11:00:00, 918.2845906126516, 0.697065851741535, 0.161569488216034
2025-11-18 00:00:00, 922.1035000177083, 0.6975498827346508, 0.16145704298991456
2025-11-18 01:00:00, 921.7562719095647, 0.6968668693774467, 0.1610801498896863
2025-11-18 02:00:00, 928.6106420578714, 0.7053999027005742, 0.16136947865195306
2025-11-18 03:00:00, 923.4319508002641, 0.6987862509648438, 0.16156915005469968
2025-11-18 04:00:00, 923.0240350582932, 0.6971038015367238, 0.16112177530210736
2025-11-18 05:00:00, 927.5690894367226, 0.6989926016703766, 0.16203817092648634
2025-11-18 06:00:00, 922.7866446326569, 0.6989625528729215, 0.16200814692069151
2025-11-18 07:00:00, 922.8426536435802, 0.6980834391388178, 0.1615316610648395
2025-11-18 08:00:00, 923.1983567963774, 0.7021258230599016, 0.16099034837276313
2025-11-18 09:00:00, 928.4785805875817, 0.6986513043142518, 0.16174904748634733
2025-11-18 10:00:00, 923.7200780170908, 0.6988181255316208, 0.16178386316971016
2025-11-18 11:00:00, 923.4985110862635, 0.7037872985669957, 0.1611626782545414
2025-11-19 00:00:00, 929.217182521563, 0.6964806284262683, 0.16037360521539562
2025-11-19 01:00:00, 927.8591402893911, 0.6966797548188517, 0.16046944678090225
2025-11-19 02:00:00, 932.346999010441, 0.6993097351250449, 0.1616986370592215
2025-11-19 03:00:00, 931.2385526469309, 0.706288228187987, 0.16163879230625058
2025-11-19 04:00:00, 925.6947046279009, 0.7000758580527239, 0.16208876699066277
2025-11-19 05:00:00, 925.0669203992936, 0.6990696009616858, 0.16151376691998692
2025-11-19 06:00:00, 925.4359564176898, 0.6982497137994977, 0.1609330494842166
2025-11-19 07:00:00, 924.8557551921759, 0.6977906273746998, 0.1605071591824007
2025-11-19 09:00:00, 947.2134403095481, 0.6973544411797821, 0.16074390670257838
2025-11-19 10:00:00, 939.7048079074149, 0.701478937414917, 0.1627342544789345
2025-11-19 11:00:00, 925.6225252709224, 0.69986787849541, 0.16194793063956409
2025-11-20 01:00:00, 920.4390709336286, 0.6472563645913904, 0.16426167057118812
2025-11-20 02:00:00, 913.8090221493691, 0.6482783410054156, 0.1634814043978895
2025-11-20 03:00:00, 914.3185124913465, 0.6487444483783533, 0.16249803273313249
2025-11-20 05:00:00, 928.2593371262072, 0.6526617337471733, 0.16268805215436494
2025-11-20 06:00:00, 916.764139068492, 0.6569807321906751, 0.16341723498674227
2025-11-20 07:00:00, 915.6761608434772, 0.6573865578201331, 0.16272032581760432
2025-11-20 08:00:00, 916.2107827661922, 0.6493217505596548, 0.1629588970619321
2025-11-20 09:00:00, 916.7939390259944, 0.6437903984439662, 0.1624765056316959
2025-11-20 10:00:00, 916.9564959842205, 0.6411799449266536, 0.16163537066916073
2025-11-21 00:00:00, 922.0343087555273, 0.6585729081794252, 0.1652017093116331
2025-11-21 01:00:00, 921.4679188294933, 0.6604518710029555, 0.16450808740759357
2025-11-21 02:00:00, 927.2072375104409, 0.6596606284076341, 0.1638698350968171
2025-11-21 03:00:00, 926.6813290226614, 0.6572231643717444, 0.16754204020256477
2025-11-21 04:00:00, 919.1996175037567, 0.656925318509924, 0.16588204543072288
2025-11-21 05:00:00, 919.5696097627613, 0.6578722794041519, 0.16496010303171005
2025-11-21 06:00:00, 920.2021730441338, 0.6589119588456237, 0.16428405005599075
2025-11-21 07:00:00, 922.6362991491909, 0.6592415284316681, 0.16336090889039154
2025-11-21 08:00:00, 926.0411378449871, 0.6639364070917012, 0.16466781231642302
2025-11-21 09:00:00, 924.392503654708, 0.6652818189739096, 0.16449735250442027
2025-11-21 10:00:00, 923.5717661106305, 0.6681230624773815, 0.1650754471947174
2025-11-21 11:00:00, 927.153426916791, 0.6691393109155594, 0.16533515887065947
2025-11-22 00:00:00, 931.9879998116324, 0.6829488792427623, 0.16468026327759414
2025-11-22 01:00:00, 927.6668227514433, 0.682847055347723, 0.1641261046665114
2025-11-22 02:00:00, 927.8618615576098, 0.6828715080270238, 0.16371091405950297
2025-11-22 03:00:00, 926.8936209395001, 0.6831816064084534, 0.16325791303609585
2025-11-22 04:00:00, 935.0280072535351, 0.6843055242000768, 0.16354727408439995
2025-11-22 05:00:00, 929.5101680959414, 0.6859767107983318, 0.1639817869246277
2025-11-22 06:00:00, 932.789754965797, 0.686536443492134, 0.16389771853317955
2025-11-22 07:00:00, 930.5495756366084, 0.6886260423870547, 0.1645041972291085
2025-11-22 08:00:00, 929.7577645219556, 0.6882415377826582, 0.1639689321039501
2025-11-22 09:00:00, 930.1814472878689, 0.6881728225852988, 0.16350225239891522
2025-11-22 10:00:00, 930.3796846937001, 0.6882394084787626, 0.16318598036463516
2025-11-22 11:00:00, 936.1570179644725, 0.6891130247125913, 0.16284393871690414
2025-11-23 00:00:00, 933.863796994714, 0.6935924796007347, 0.1627886311707906
2025-11-23 01:00:00, 934.9241128616095, 0.6927806650419155, 0.16214773103234617
2025-11-23 02:00:00, 938.0478684730771, 0.6964589456750934, 0.1638542406967658
2025-11-23 03:00:00, 938.2264652906349, 0.7033456152229729, 0.1640094632252056
2025-11-23 04:00:00, 934.8961634007761, 0.6977437225503744, 0.1642501047856012
2025-11-23 05:00:00, 937.8669351673027, 0.6967928802788252, 0.16371105299472893
2025-11-23 06:00:00, 938.8463285457085, 0.695986743005955, 0.16318870600353855
2025-11-23 07:00:00, 939.6092955215196, 0.6953735702663828, 0.16281215707932167
2025-11-23 08:00:00, 938.7266744242914, 0.6960577093325607, 0.16251367581804887
2025-11-23 09:00:00, 939.6043952134692, 0.7052086551808818, 0.16343189747807774
2025-11-23 10:00:00, 935.3171787416344, 0.6953285686544862, 0.16259211820029412
2025-11-23 11:00:00, 934.3038951117586, 0.6947472267828624, 0.16225994326546647
2025-11-24 00:00:00, 944.6086379807068, 0.6996977368632834, 0.16396043427706058
2025-11-24 01:00:00, 933.9076601703019, 0.6994740450301319, 0.1637092477316513
2025-11-24 02:00:00, 933.8648988864098, 0.6982221823415194, 0.16294675276306872
2025-11-24 03:00:00, 934.3773372240689, 0.6976224219034871, 0.16257245996418013
2025-11-24 04:00:00, 934.8788901031627, 0.6971116933058222, 0.16211864241450238
2025-11-24 05:00:00, 935.307852809779, 0.6968952326156727, 0.1619001203534106
2025-11-24 06:00:00, 935.7034308943089, 0.7014488426553944, 0.16100499553893433
2025-11-24 07:00:00, 949.6844153523803, 0.6982934767478506, 0.162507648540116
2025-11-24 08:00:00, 942.073674461681, 0.7011115558763449, 0.1637948338141721
2025-11-24 09:00:00, 935.9837982586399, 0.6987690159035062, 0.16256296834240172
2025-11-24 10:00:00, 936.2484933572129, 0.6965915875410416, 0.16144214683954883
2025-11-24 11:00:00, 936.440302441591, 0.6961797649755901, 0.16117279216544647
2025-11-25 00:00:00, 938.550350115609, 0.6997874006162886, 0.16188342594010885
2025-11-25 01:00:00, 942.5456427408728, 0.703502900967392, 0.1615121680575986
2025-11-25 02:00:00, 941.9083646217701, 0.7036508490980055, 0.1626163319786713
2025-11-25 03:00:00, 942.2990216909635, 0.7018718420096824, 0.1627420704071267
2025-11-25 04:00:00, 939.9946246882099, 0.7028352489335438, 0.16311901716615806
2025-11-25 05:00:00, 939.5204457143724, 0.7018811427331224, 0.16254062904457575
2025-11-25 06:00:00, 940.0269969744345, 0.7010406356610628, 0.16207430375603343
2025-11-25 07:00:00, 939.9111825288405, 0.7005241361770188, 0.16172467916851263
2025-11-25 08:00:00, 954.9764016045216, 0.7065412499704273, 0.1611295755932849
2025-11-25 09:00:00, 951.7093104201956, 0.7014241840155244, 0.1621990691258752
2025-11-25 10:00:00, 943.7298149925207, 0.700422256754272, 0.16181283630806848
2025-11-25 11:00:00, 947.5245250501271, 0.6998922759834342, 0.16150675338900902
2025-11-26 00:00:00, 943.1476254623094, 0.7016844346101091, 0.16153186033317068
2025-11-26 01:00:00, 946.0201978382211, 0.701523640961912, 0.16125756390449203
2025-11-26 02:00:00, 944.9977964010827, 0.7014876328667362, 0.16117679569543453
2025-11-26 03:00:00, 947.660107199542, 0.7011477920498941, 0.16092757510283928
2025-11-26 04:00:00, 944.6231309037738, 0.7040582697682541, 0.1622749340095244
2025-11-26 05:00:00, 941.2599593218282, 0.7035107673837159, 0.16189535578234876
2025-11-26 06:00:00, 941.3744692189672, 0.7031149948019757, 0.16162147613423997
2025-11-26 07:00:00, 943.4564353611537, 0.7032854054732202, 0.1616006125286118
2025-11-26 08:00:00, 943.804864501242, 0.703646336122231, 0.1616634515564215
2025-11-26 09:00:00, 946.2214026054892, 0.7063497758162485, 0.16296917160545787
2025-11-26 10:00:00, 941.3693815804786, 0.7057140712108514, 0.1625054964977436
2025-11-26 11:00:00, 941.3227155209487, 0.7053588312972771, 0.16220167257737123
2025-11-27 00:00:00, 947.2615714413636, 0.690301115782502, 0.16275625731196536
2025-11-27 01:00:00, 941.3297686808434, 0.6902155446478484, 0.1618869777405866
2025-11-27 02:00:00, 941.3971617615065, 0.6902478362219006, 0.16133133299121213
2025-11-27 03:00:00, 941.528127080216, 0.6959897652583683, 0.16090562945417755
2025-11-27 04:00:00, 946.9540710242411, 0.6977066339186163, 0.16130368595468672
2025-11-27 05:00:00, 949.394346999566, 0.6939840362060753, 0.16208941705508936
2025-11-27 06:00:00, 943.4361338787446, 0.6957051406258302, 0.16259167597495244
2025-11-27 07:00:00, 942.9181126386085, 0.6915090729638815, 0.160959438041744
2025-11-27 08:00:00, 947.2155649654793, 0.6908450054548895, 0.16059087425052826
2025-11-27 09:00:00, 939.9313066002894, 0.6887560383677769, 0.16050980943183513
2025-11-27 10:00:00, 939.9133827115523, 0.682831405450748, 0.16065531276277362
2025-11-27 11:00:00, 940.145090350437, 0.6789454948671555, 0.16073785508369837
2025-11-28 00:00:00, 958.4804668031844, 0.6909160821074253, 0.16253197375564138
2025-11-28 01:00:00, 944.7640332103881, 0.6911045277755982, 0.16244298513824967
2025-11-28 02:00:00, 944.0099332655363, 0.6903667328593232, 0.16189260060235877
2025-11-28 03:00:00, 945.2378873900794, 0.688051929317351, 0.1605535246191562
2025-11-28 04:00:00, 946.8776058472184, 0.6882042003140862, 0.16032967682362212
2025-11-28 05:00:00, 947.6297927688375, 0.6916200936746677, 0.16187705501987373
2025-11-28 06:00:00, 942.1673744548665, 0.6970433726440128, 0.16086648643185142
2025-11-28 07:00:00, 948.8997080980806, 0.6926824634603277, 0.16210665790961049
2025-11-28 08:00:00, 944.2453607152073, 0.692552999733979, 0.16192223003375572
2025-11-28 09:00:00, 944.3660769849582, 0.6918831863678322, 0.16139339911814338
2025-11-28 10:00:00, 944.9268360927866, 0.6915745531538312, 0.16104907827334514
2025-11-28 11:00:00, 948.2658362147472, 0.6916340441432477, 0.160616869031988
2025-11-29 00:00:00, 947.9382612611245, 0.6952812309058286, 0.16096238243432037
2025-11-29 01:00:00, 949.0931956232132, 0.6944794621460425, 0.16041084214467585
2025-11-29 02:00:00, 953.2337632621466, 0.6974023220371144, 0.16170145796329088
2025-11-29 03:00:00, 950.8352019240338, 0.7035768909017602, 0.16118135864116562
2025-11-29 04:00:00, 952.8521158720763, 0.6989090177508172, 0.16223028266688877
2025-11-29 05:00:00, 949.1022475448901, 0.6979029382880076, 0.16166626030174144
2025-11-29 06:00:00, 949.3264755956267, 0.6971124001998986, 0.16105489121660896
2025-11-29 07:00:00, 953.0694556521247, 0.6966579809241464, 0.1607658465678879
2025-11-29 08:00:00, 957.5146696849063, 0.6960456929919595, 0.16033097626336948
2025-11-29 09:00:00, 958.0554009612952, 0.7012577175116109, 0.1616128548435283
2025-11-29 10:00:00, 955.6822161017095, 0.6990844768355013, 0.16166775206149295
2025-11-29 11:00:00, 955.3779163266416, 0.700020499384574, 0.16201365059470868
2025-11-30 00:00:00, 959.8421260261028, 0.7025605115227918, 0.1620947810937724
2025-11-30 01:00:00, 1047.625573056587, 0.7014750790802488, 0.16146031511287134
2025-11-30 02:00:00, 953.8237943016044, 0.69996294396411, 0.16063983647549385
2025-11-30 03:00:00, 957.9026355781709, 0.6984244590498704, 0.1598519436685926
2025-11-30 04:00:00, 955.9081678216536, 0.7016330594694465, 0.1612701345929105
2025-11-30 05:00:00, 951.266791597537, 0.7008712288071466, 0.16090419058259292
2025-11-30 06:00:00, 956.2905423084408, 0.706989611078824, 0.16085498545849683
2025-11-30 07:00:00, 955.7911714706374, 0.7022778077838818, 0.16139098826354312
2025-11-30 08:00:00, 952.1212156398464, 0.7013307254975996, 0.16084438362084194
2025-11-30 09:00:00, 952.0956265905722, 0.7007921954660602, 0.16047166177362795
2025-11-30 10:00:00, 952.3134334097314, 0.7003718209916922, 0.16017504737587962
2025-11-30 11:00:00, 956.1226474921025, 0.701120334864425, 0.15996669493070212
2025-12-01 00:00:00, 954.6868605262009, 0.7080048151846793, 0.16037117551881022
2025-12-01 01:00:00, 960.5248363613597, 0.7051531239045655, 0.1606211407238691
2025-12-01 02:00:00, 955.5479201766768, 0.7071761594198386, 0.1614650665743719
2025-12-01 03:00:00, 954.3937560839333, 0.7066477336176243, 0.16111164629702937
2025-12-01 04:00:00, 953.4592017525221, 0.7051955090477536, 0.16030558120098687
2025-12-01 05:00:00, 956.1537047511313, 0.7054906221908853, 0.1604426855277578
2025-12-01 06:00:00, 957.290773542998, 0.7084255767975697, 0.16171918113664344
2025-12-01 07:00:00, 954.3156677336348, 0.7078740379795609, 0.161171856884651
2025-12-01 08:00:00, 959.8467246196833, 0.7082054219315043, 0.161746781183966
2025-12-01 09:00:00, 955.4638057870264, 0.7090888565567243, 0.16194116459534305
2025-12-01 10:00:00, 954.9706427808893, 0.7081623795435137, 0.16141575776293515
2025-12-01 11:00:00, 955.3311139950115, 0.707604750876792, 0.16107674158336605
2025-12-02 00:00:00, 958.0437699340579, 0.7065490150926966, 0.16037140550863205
2025-12-02 01:00:00, 971.7740376795329, 0.7092721270280099, 0.16164869022126957
2025-12-02 02:00:00, 958.3479073385445, 0.7081403277629527, 0.1608229171606017
2025-12-02 03:00:00, 956.3694947839198, 0.7067451330625337, 0.1604452603040177
2025-12-02 04:00:00, 961.886520955139, 0.708158787149101, 0.16119984810842525
2025-12-02 05:00:00, 957.1038340694869, 0.7080567669668741, 0.1611184143602931
2025-12-02 06:00:00, 956.9765145535773, 0.7075284935456134, 0.16087406872903684
2025-12-02 07:00:00, 962.4135794153307, 0.7107483175212166, 0.16076690311414696
2025-12-02 08:00:00, 960.3621222725343, 0.7139222075226268, 0.16095511786255076
2025-12-02 09:00:00, 962.807678279468, 0.7101690836092329, 0.16202976431147018
2025-12-02 10:00:00, 958.087202819139, 0.7095507473017886, 0.16170666053647625
2025-12-02 11:00:00, 958.0549188207377, 0.708573392833522, 0.16115819082627028
2025-12-03 00:00:00, 958.956465249002, 0.7110772667238836, 0.1615494062468385
2025-12-03 01:00:00, 965.4916298590907, 0.7103527867187939, 0.1610493522974336
2025-12-03 02:00:00, 960.6888055340528, 0.7098658192645521, 0.16067811367481055
2025-12-03 03:00:00, 960.7970238353353, 0.7084462395727554, 0.15986366870755594
2025-12-03 04:00:00, 975.8393479943542, 0.7099191356232515, 0.16053071771629054
2025-12-03 05:00:00, 961.5303322698494, 0.7106613478110332, 0.16090535759534647
2025-12-03 06:00:00, 961.1918021340863, 0.7130502970145541, 0.16206790627814122
2025-12-03 07:00:00, 958.8434127675845, 0.7111523464629207, 0.16153238062171715
2025-12-03 08:00:00, 959.1737071102611, 0.7099042546391121, 0.16065922144489278
2025-12-03 09:00:00, 959.3731591941636, 0.7097042828197283, 0.16044626427819536
2025-12-03 10:00:00, 959.5438262237959, 0.7086640603865393, 0.15987942175238895
2025-12-03 11:00:00, 969.005132078332, 0.7150187287199277, 0.162902460871074
2025-12-04 00:00:00, 955.7067570028777, 0.6426687051737133, 0.1660065235192656
2025-12-04 01:00:00, 946.1702551882544, 0.6449614119380778, 0.16448930219067728
2025-12-04 02:00:00, 946.3893816592297, 0.647273073132129, 0.16355376043687136
2025-12-04 03:00:00, 946.9876665756002, 0.6496304483952777, 0.16288479706542738
2025-12-04 04:00:00, 947.7074952696071, 0.6516633798563305, 0.16222411073704818
2025-12-04 05:00:00, 948.5118791043114, 0.6540498686953018, 0.16187269805944418
2025-12-04 06:00:00, 940.1797360248447, 0.6659591410128881, 0.16073570650483573
2025-12-04 07:00:00, 980.721741769079, 0.6583889242319898, 0.16155394974634438
2025-12-04 08:00:00, 955.3848743789779, 0.6655303397635767, 0.16387604056581867
2025-12-04 09:00:00, 949.5657878760283, 0.6660528578932272, 0.16309586192001577
2025-12-04 10:00:00, 949.6647551429091, 0.6622634500034298, 0.16033894840816854
2025-12-04 11:00:00, 978.6008192244675, 0.6556022573962559, 0.16144762353147848
2025-12-05 00:00:00, 953.4626426139268, 0.6736941967522972, 0.1609454563920785
2025-12-05 01:00:00, 951.9591365248497, 0.674408983157149, 0.16071971214171743
2025-12-05 02:00:00, 952.41542418631, 0.6748849853510607, 0.1604261866999078
2025-12-05 03:00:00, 957.2399797709086, 0.673977410227228, 0.15950307694137864
2025-12-05 04:00:00, 961.8724439891056, 0.677739031225615, 0.16072885635607842
2025-12-05 05:00:00, 963.9776522641612, 0.6829366860907302, 0.16282322471805044
2025-12-05 06:00:00, 955.8801372635328, 0.6829003003360623, 0.1623656377385327
2025-12-05 07:00:00, 955.0025881739853, 0.6826136884933578, 0.1617993307648908
2025-12-05 08:00:00, 957.0724844216513, 0.6848601486647955, 0.16047241901328818
2025-12-05 09:00:00, 958.4114035273817, 0.6815118303488572, 0.16046906474333106
2025-12-05 10:00:00, 958.362529661167, 0.6849375283802835, 0.16175886451550112
2025-12-05 11:00:00, 955.5719955577819, 0.6846066638006741, 0.16124102966781179
2025-12-06 00:00:00, 958.4334507077882, 0.6865318416932878, 0.15992151235946797
2025-12-06 01:00:00, 961.8342742264158, 0.6733152059386441, 0.16173380679859456
2025-12-06 02:00:00, 957.8868224731721, 0.673667281728475, 0.16215391972217538
2025-12-06 03:00:00, 958.8569943716145, 0.6762812546538429, 0.16132140348297613
2025-12-06 04:00:00, 960.4828636876483, 0.6780291067274754, 0.16221690072219477
2025-12-06 05:00:00, 959.2299058472815, 0.6762388497066653, 0.16058051311016594
2025-12-06 06:00:00, 961.4277697387686, 0.677168519011168, 0.16038313166762744
2025-12-06 07:00:00, 963.8641472510769, 0.6816125424934489, 0.16188883032199786
2025-12-06 08:00:00, 955.999774615358, 0.6799358765432877, 0.16136079810235004
2025-12-06 09:00:00, 956.3193333940442, 0.6721073953818895, 0.16173522667604476
2025-12-06 10:00:00, 956.724354187536, 0.672891764958386, 0.16123364907347462
2025-12-06 11:00:00, 957.0071380869987, 0.6735592777308239, 0.1607002786195943
2025-12-07 00:00:00, 959.3448462515518, 0.6802531229429148, 0.16202551470440582
2025-12-07 01:00:00, 964.7687751991821, 0.6807448763927678, 0.16171300725186924
2025-12-07 02:00:00, 961.4092770517432, 0.6835364194570673, 0.16250849111116394
2025-12-07 03:00:00, 960.1946977976108, 0.6834081485401396, 0.1619039510852698
2025-12-07 04:00:00, 960.8140975921962, 0.683527438447009, 0.1614823396065053
2025-12-07 05:00:00, 960.61453797435, 0.6830913013154274, 0.16081117594697614
2025-12-07 06:00:00, 966.5455892963402, 0.6860591595178263, 0.16181347058399728
2025-12-07 07:00:00, 962.3500333925291, 0.6865108461594934, 0.16165399230663055
2025-12-07 08:00:00, 962.3810451861633, 0.6865347888103696, 0.1612952635146863
2025-12-07 09:00:00, 963.428303358306, 0.6903323785216542, 0.1605986966441075
2025-12-07 10:00:00, 963.8725738396626, 0.6845778424502388, 0.16112862057635835
2025-12-07 11:00:00, 966.9948852315467, 0.686343855067934, 0.16206333171240078
2025-12-08 00:00:00, 969.579851353921, 0.6923020143075217, 0.16076910895670768
2025-12-08 01:00:00, 968.8694065988984, 0.6950027139193785, 0.16188050661281655
2025-12-08 02:00:00, 971.4830505469305, 0.6954850189454228, 0.16197030472328314
2025-12-08 03:00:00, 967.2948498348081, 0.6967003460953627, 0.16233243345983903
2025-12-08 04:00:00, 967.0065523984437, 0.6958687332011272, 0.1617578124829416
2025-12-08 05:00:00, 967.1538697387793, 0.6952399693398977, 0.16122141303420517
2025-12-08 06:00:00, 967.5333787232511, 0.6947887778456955, 0.16075287169783792
2025-12-08 07:00:00, 972.6171166148139, 0.6947167240155093, 0.16054186953449626
2025-12-08 08:00:00, 969.9944883178609, 0.6971402226849985, 0.1615748776222372
2025-12-08 09:00:00, 970.713528924176, 0.6967475086264443, 0.16225904764558732
2025-12-08 10:00:00, 966.2705835331735, 0.6961423260850219, 0.1617769990506465
2025-12-08 11:00:00, 970.7100906586974, 0.6956250238772218, 0.16131631385515263
2025-12-10 00:00:00, 948.2356483623629, 0.6579018850090983, 0.17130697457378083
2025-12-10 01:00:00, 940.5591412353173, 0.6635824370985158, 0.1696834545297531
2025-12-10 02:00:00, 960.064928517997, 0.6499991247914138, 0.16353125193095436
2025-12-10 03:00:00, 951.5122706897773, 0.6518285103149883, 0.1631979573740822
2025-12-10 04:00:00, 951.3983547339344, 0.6433109078543506, 0.1656523295563618
2025-12-10 05:00:00, 952.5751077913402, 0.6377907923468153, 0.1644044934222189
2025-12-10 06:00:00, 953.4849389705658, 0.6402414370869162, 0.16365113954873087
2025-12-11 00:00:00, 971.4093980511793, 0.7338546956397568, 0.19749077647650773
2025-12-11 01:00:00, 971.9522913314919, 0.6871921715967568, 0.16715297570942733
2025-12-11 02:00:00, 972.4076642483482, 0.7072233028293335, 0.17942269952112258
2025-12-11 03:00:00, 972.9200654666139, 0.6994593512619991, 0.17745585889700918
2025-12-11 04:00:00, 973.547119266612, 0.6763035746831498, 0.1656352138942079
2025-12-11 05:00:00, 974.8328313627325, 0.6943873443688481, 0.16732401221061496
2025-12-11 06:00:00, 974.983823090428, 0.6911273448710805, 0.16344119888845188
2025-12-11 07:00:00, 971.7313453394654, 0.6918086769667658, 0.1633782590522085
2025-12-11 08:00:00, 971.9533946541596, 0.6924790211337718, 0.1633082292732319
2025-12-11 09:00:00, 970.0881727384577, 0.6930182316311987, 0.16312830971148853
2025-12-11 10:00:00, 970.3925532991328, 0.6938210500137835, 0.1632726040952896
2025-12-11 11:00:00, 970.7084959880198, 0.7167211103255176, 0.1865767162507601
2025-12-12 00:00:00, 986.6261858007474, 0.7135961019967454, 0.17241490872152018
2025-12-12 01:00:00, 979.6477804491559, 0.7051491454906333, 0.16381406715447955
2025-12-12 02:00:00, 978.7976287324572, 0.7046933468603573, 0.16348297472765322
2025-12-12 03:00:00, 984.61080999604, 0.7047139780135921, 0.16328374434445417
2025-12-12 04:00:00, 980.0316504257547, 0.7048067806151791, 0.16323564652629524
2025-12-12 05:00:00, 979.8553707189067, 0.7056434899790175, 0.16389172086286474
2025-12-12 06:00:00, 986.1606225525018, 0.7079422282752568, 0.16500313076985867
2025-12-12 07:00:00, 981.4250936002712, 0.7067124416138388, 0.16382765718538864
2025-12-12 08:00:00, 981.107867690106, 0.7082812511611862, 0.16359128132246217
2025-12-12 09:00:00, 981.4827945238745, 0.7162238018485227, 0.16863637490424413
2025-12-12 10:00:00, 986.0709193364335, 0.7089793261253572, 0.16572532204606197
2025-12-12 11:00:00, 986.896570818087, 0.7097289894774544, 0.16562356791071944
2025-12-13 00:00:00, 988.9117038065164, 0.7156022054245142, 0.17071803002975006
2025-12-13 01:00:00, 985.9710399496076, 0.7116442149840848, 0.16370831772334293
2025-12-13 02:00:00, 986.273106967426, 0.7168660608666478, 0.1697952640381227
2025-12-13 03:00:00, 991.8538648668606, 0.7197090908339944, 0.17154909140184366
2025-12-13 04:00:00, 991.8629226005705, 0.7130519740554113, 0.16388704418584987
2025-12-13 05:00:00, 986.7962453642567, 0.7129497041776456, 0.16375183049976358
2025-12-13 06:00:00, 986.992874869086, 0.71304042462091, 0.16366928603082131
2025-12-13 07:00:00, 987.230987887619, 0.7131098541921668, 0.16362758768927183
2025-12-13 08:00:00, 989.7215996289739, 0.7131492913401498, 0.16355143279344064
2025-12-13 09:00:00, 988.2526502712362, 0.7182565788145931, 0.17304488223478168
2025-12-13 10:00:00, 992.0460807971363, 0.7152761424155399, 0.1642885650014762
2025-12-13 11:00:00, 987.8704524183918, 0.7142043720106693, 0.1637374289846794
2025-12-14 00:00:00, 994.2770568856484, 0.7218415538356148, 0.16929580653562368
2025-12-14 01:00:00, 989.4238681956397, 0.7174598166665308, 0.16381360928136698
2025-12-14 02:00:00, 988.8610240881562, 0.717410105598506, 0.16372836697378815
2025-12-14 03:00:00, 989.1403921851362, 0.7174592242724085, 0.1636052569914922
2025-12-14 04:00:00, 989.5319672753213, 0.7175737094874903, 0.1636184716137592
2025-12-14 05:00:00, 989.8134385956924, 0.7177592528864567, 0.1635836299596735
2025-12-14 06:00:00, 990.2729419105681, 0.7211132001531719, 0.1675270320866673
2025-12-14 07:00:00, 995.1324453404332, 0.7193380307192465, 0.16414191898451744
2025-12-14 08:00:00, 990.5326875774007, 0.7188332498221685, 0.1639085921920976
2025-12-14 09:00:00, 996.3247447854877, 0.7266714598043423, 0.17128244039382648
2025-12-14 10:00:00, 991.8327399222427, 0.7196528388587371, 0.1638854981161335
2025-12-14 11:00:00, 990.8349811290209, 0.7189492251804865, 0.1634783169119482
2025-12-15 00:00:00, 993.4154733896958, 0.721636655884069, 0.16384228877238924
2025-12-15 01:00:00, 993.5126001143442, 0.7216163775469445, 0.16376274179568026
2025-12-15 02:00:00, 993.7031921372422, 0.7215606237196948, 0.16370666778018592
2025-12-15 03:00:00, 991.8417084054277, 0.7364931387033308, 0.1855250728304968
2025-12-15 04:00:00, 999.3685070599378, 0.7232817556413653, 0.16439200794256337
2025-12-15 05:00:00, 995.6329668023222, 0.7227074242561461, 0.16421124007636087
2025-12-15 06:00:00, 1001.5260458643536, 0.7326123814327166, 0.17693622128189992
2025-12-15 07:00:00, 996.8355579841032, 0.7233255199507028, 0.16417449599000994
2025-12-15 08:00:00, 995.9428839761396, 0.7229316354130066, 0.1640097162620815
2025-12-15 09:00:00, 996.1555010397219, 0.7227506249776594, 0.163892699289932
2025-12-15 10:00:00, 996.3090540554215, 0.72261302377657, 0.163762022722449
2025-12-15 11:00:00, 996.4509973488355, 0.7224787635412218, 0.1637195609489727
2025-12-16 00:00:00, 998.1585367588483, 0.7373021026967492, 0.17221064675149367
2025-12-16 01:00:00, 1015.4940309155595, 0.7243099856988028, 0.16433626226126344
2025-12-16 02:00:00, 1001.1781425492518, 0.7230720606667448, 0.1633522256063919
2025-12-16 03:00:00, 1002.2022811106345, 0.7400885249343692, 0.17921918272773688
2025-12-16 04:00:00, 1002.793973809066, 0.7253107610915972, 0.1642253519593635
2025-12-16 05:00:00, 997.4752584126405, 0.7244468029884403, 0.1637257084748848
2025-12-16 06:00:00, 997.8009835617685, 0.724215427315652, 0.16361205179014357
2025-12-16 07:00:00, 998.103354684314, 0.7240829470085443, 0.16350939784786264
2025-12-16 08:00:00, 998.6374177203021, 0.7240555179817286, 0.1634427026871963
2025-12-16 09:00:00, 997.7176810905262, 0.7241008281536242, 0.16323554613830263
2025-12-16 10:00:00, 997.8524937012417, 0.7232476169288786, 0.16292000540944643
2025-12-16 11:00:00, 998.082317434977, 0.7418546822967802, 0.18149694282988
2025-12-17 00:00:00, 1007.6655877968788, 0.7471432403451469, 0.18546769915807582
2025-12-17 01:00:00, 1007.8883740060546, 0.7309949067439839, 0.16521658510934537
2025-12-17 02:00:00, 1002.3972831888854, 0.7302813903323319, 0.1648559580911922
2025-12-17 03:00:00, 1002.3678636117561, 0.7301026422103242, 0.16476619426684366
2025-12-17 04:00:00, 1002.9830309032681, 0.7300098929924765, 0.16466883845391275
2025-12-17 05:00:00, 1003.2320723858961, 0.7300035277401278, 0.16462299409408837
2025-12-17 06:00:00, 1004.5288214602828, 0.7421193482511239, 0.17810211487332595
2025-12-17 07:00:00, 1010.1741505962971, 0.7426859618407248, 0.17002806779216761
2025-12-17 09:00:00, 1013.7070909546479, 0.7295228957388474, 0.16379056706663742
2025-12-17 10:00:00, 1002.8807221235714, 0.7287077646468982, 0.16425122518149735
2025-12-17 11:00:00, 1020.4221982964876, 0.7519263330309708, 0.187674527363196
2025-12-18 08:00:00, 1003.5215162507787, 0.6833671770322468, 0.1668730254516047
2025-12-18 09:00:00, 991.5846988232198, 0.6845779127520147, 0.16624665593457227
2025-12-18 10:00:00, 991.3479798439729, 0.6863834640690324, 0.16611270554328006
2025-12-18 11:00:00, 992.011546206073, 0.6860164588464526, 0.16603531952332004
2025-12-19 00:00:00, 996.9875650774859, 0.7014401676732376, 0.16669233495034075
2025-12-19 01:00:00, 997.5496775850119, 0.7030422644193218, 0.16665748117422718
2025-12-19 02:00:00, 998.0461792116326, 0.7046437138874093, 0.16668702528100718
2025-12-19 03:00:00, 994.5776229649192, 0.7042382045532202, 0.1669664915393087
2025-12-19 04:00:00, 995.3127078084368, 0.7145466288337559, 0.1761959011134578
2025-12-19 05:00:00, 1003.8500975914014, 0.7178931386072602, 0.17346130888643446
2025-12-19 06:00:00, 1016.069823885257, 0.7253234336104347, 0.18497739804100616
2025-12-19 07:00:00, 1008.0922942658532, 0.7141526082819244, 0.16780592483650597
2025-12-19 08:00:00, 999.7091506541602, 0.7143108522296627, 0.16792440942617792
2025-12-19 09:00:00, 1001.5954306612604, 0.7321285086186176, 0.18415544279310891
2025-12-19 10:00:00, 1006.6970923375136, 0.7169071074426806, 0.16779589740206582
2025-12-19 11:00:00, 1002.3289761142227, 0.7180472983679955, 0.16773794230516137
2025-12-20 00:00:00, 1011.449347737146, 0.7297263208391497, 0.16997943398359155
2025-12-20 01:00:00, 1007.2510332711018, 0.7323928191389926, 0.16993409040076374
2025-12-20 02:00:00, 1007.5103214536881, 0.7317995554264078, 0.16971699528656614
2025-12-20 03:00:00, 1007.9819078265006, 0.7319451959635582, 0.16960601151618643
2025-12-20 04:00:00, 1008.8198659387074, 0.7321322709882826, 0.16962648007332728
2025-12-20 05:00:00, 1012.8955767031944, 0.7354233920628639, 0.1718367188907036
2025-12-20 06:00:00, 1015.963309632206, 0.7386280872013227, 0.17510506425306313
2025-12-20 07:00:00, 1009.9362503731362, 0.735519133033444, 0.17039965589516776
2025-12-20 08:00:00, 1008.891351816317, 0.7404070386725291, 0.17066712466802175
2025-12-20 10:00:00, 1033.4439877443515, 0.7506977505041003, 0.1856884419109809
2025-12-20 11:00:00, 1024.5266667454448, 0.7461336012751895, 0.18346350830178565
2025-12-21 00:00:00, 1014.6052545168455, 0.7416756210265378, 0.1714123687937632
2025-12-21 01:00:00, 1014.879335336885, 0.74165409298659, 0.171305950788778
2025-12-21 02:00:00, 1015.3838413045347, 0.7417184851127092, 0.17117640411420842
2025-12-21 03:00:00, 1014.05119125467, 0.7418087605018064, 0.17116276670812008
2025-12-21 04:00:00, 1014.2975890794113, 0.7420519001958363, 0.17113093540484325
2025-12-21 05:00:00, 1016.127894635596, 0.748527129931464, 0.17928347271572875
2025-12-21 06:00:00, 1021.7915767808681, 0.7444248252169091, 0.17243391138337016
2025-12-21 07:00:00, 1017.9560855448619, 0.743297384574063, 0.17133885870179744
2025-12-21 08:00:00, 1022.1236188359294, 0.7557302456689183, 0.18590979730007695
2025-12-21 09:00:00, 1020.9486340684749, 0.745270707689676, 0.17188583539106975
2025-12-21 10:00:00, 1017.9969825296359, 0.7449805874791047, 0.17164040092930383
2025-12-21 11:00:00, 1018.1593254962079, 0.745003112387733, 0.1715460775091174
2025-12-22 00:00:00, 1021.9424568300371, 0.7484700978400152, 0.1719002207400491
2025-12-22 01:00:00, 1022.1513354481935, 0.7483353922970286, 0.1717756369147531
2025-12-22 02:00:00, 1022.4762892804921, 0.7482416667956768, 0.1716673033195592
2025-12-22 03:00:00, 1022.8702786252397, 0.748185632642551, 0.17157679146199678
2025-12-22 04:00:00, 1025.247907521723, 0.7480776635871543, 0.17150104703038657
2025-12-22 05:00:00, 1028.7451135598965, 0.7480367759167103, 0.17144497312769005
2025-12-22 06:00:00, 1025.3090165206188, 0.7553335586267762, 0.1712677110815483
2025-12-22 07:00:00, 1036.8670145223443, 0.7587349544107688, 0.18396799787211326
2025-12-22 08:00:00, 1024.4500187192018, 0.7514314576034364, 0.17503396118706027
2025-12-22 09:00:00, 1025.8474756672535, 0.7619620679695491, 0.19030917551625667
2025-12-22 10:00:00, 1035.2883863036482, 0.7628914326741374, 0.18730626945155454
2025-12-22 11:00:00, 1040.2907191612392, 0.7541434924524263, 0.17453478782258203
2025-12-23 00:00:00, 1041.8333419926505, 0.7468071199144612, 0.1809604468996658
2025-12-23 01:00:00, 1032.1946009921403, 0.7332927332256244, 0.17217703830334638
2025-12-23 02:00:00, 1030.3883597642023, 0.7465156166103337, 0.18697888464173795
2025-12-23 03:00:00, 1037.7976284320034, 0.7419793984447273, 0.1793043356139138
2025-12-23 04:00:00, 1028.8868380121492, 0.7372954631925744, 0.17219719765866537
2025-12-23 05:00:00, 1027.679677802603, 0.7374864518662029, 0.17192262080519785
2025-12-23 06:00:00, 1027.9883874424331, 0.7379483002202514, 0.17177868578176292
2025-12-23 07:00:00, 1028.3479883878224, 0.7384522297393267, 0.17166387413868311
2025-12-23 08:00:00, 1028.4183498497814, 0.7390141149672301, 0.17163243402596354
2025-12-23 09:00:00, 1025.726075727343, 0.7393735712641736, 0.17116729756406984
2025-12-23 10:00:00, 1034.2454280169686, 0.7389834872817973, 0.17102334016500761
2025-12-23 11:00:00, 1033.7225097132284, 0.7463976385688942, 0.17963667175145173
2025-12-24 00:00:00, 1036.1547839521936, 0.7465905349533198, 0.17134274900397
2025-12-24 01:00:00, 1031.0983709758207, 0.7468328334116682, 0.17129076115733427
2025-12-24 02:00:00, 1030.8162170059045, 0.7471823345845005, 0.17124760192986443
2025-12-24 03:00:00, 1037.0747692588543, 0.7475550418787034, 0.17120029959669208
2025-12-24 04:00:00, 1032.3206093353167, 0.7478392261905314, 0.17122527697297205
2025-12-24 05:00:00, 1037.1378310656069, 0.76105345870856, 0.17902126640582625
2025-12-24 06:00:00, 1036.9017267198658, 0.7583614453410906, 0.1753607719584643
2025-12-24 07:00:00, 1031.488082661688, 0.7500869094363315, 0.17173251237987788
2025-12-24 08:00:00, 1032.2210211396798, 0.7543255068106381, 0.17675794463110522
2025-12-24 09:00:00, 1038.397025260718, 0.7557106591941346, 0.17594308366040554
2025-12-24 10:00:00, 1032.6811712935557, 0.7527447723863936, 0.17243019441194632
2025-12-24 11:00:00, 1032.4965614549023, 0.7527155338378361, 0.17226393148806132
2025-12-25 00:00:00, 1043.924846850642, 0.76440480375472, 0.18094170817092792
2025-12-25 01:00:00, 1038.643608745807, 0.757007178255931, 0.1726295411922945
2025-12-25 02:00:00, 1038.4116845358797, 0.7683762254870936, 0.17998217185887516
2025-12-25 03:00:00, 1044.1565105129691, 0.7664383131642335, 0.18191172527155197
2025-12-25 04:00:00, 1038.6180277916912, 0.758059858745625, 0.17279662060187304
2025-12-25 05:00:00, 1038.446531604005, 0.7576558891781012, 0.172524643060237
2025-12-25 06:00:00, 1038.6127460801724, 0.7574781932399578, 0.17243595837015824
2025-12-25 07:00:00, 1038.9231224291548, 0.757398984096506, 0.17237119467838025
2025-12-25 08:00:00, 1038.709032485828, 0.761923025998172, 0.1724169383686641
2025-12-25 09:00:00, 1045.0559475277676, 0.7721902574785449, 0.18661988556242104
2025-12-25 10:00:00, 1040.5109781734288, 0.7589264380316989, 0.17274506193448516
2025-12-25 11:00:00, 1040.3926258821837, 0.7613393049292646, 0.17436047243679637
2025-12-26 00:00:00, 1043.07307398469, 0.7609951070970714, 0.17267843575949027
2025-12-26 01:00:00, 1043.3886956169774, 0.7608627973774398, 0.1725587748101579
2025-12-26 02:00:00, 1043.3822338933594, 0.7606219986524031, 0.17242728430915552
2025-12-26 03:00:00, 1049.799225230889, 0.7809644806289103, 0.1864821818372713
2025-12-26 04:00:00, 1046.1043257238844, 0.7627208591201762, 0.17339281848890753
2025-12-26 05:00:00, 1045.0795220444397, 0.7619447820090607, 0.17288780426765224
2025-12-26 06:00:00, 1050.535868123189, 0.7802559136777522, 0.1906398930868634
2025-12-26 07:00:00, 1047.0515136681693, 0.7638649992195018, 0.17380944727336378
2025-12-26 08:00:00, 1045.25005426286, 0.7626183926213544, 0.1731094250539427
2025-12-26 09:00:00, 1045.3693173251572, 0.7622505683208766, 0.17288788620457307
2025-12-26 10:00:00, 1045.713847401201, 0.762019612484956, 0.17275187088731192
2025-12-26 11:00:00, 1045.9754152563382, 0.7618089709224289, 0.17263332387651328
2025-12-27 00:00:00, 1048.6514300603596, 0.7624623816338671, 0.17246974964072373
2025-12-27 01:00:00, 1048.201211250468, 0.7668165330028077, 0.17801725087501885
2025-12-27 02:00:00, 1053.8211401927035, 0.7731655846306266, 0.17971806166575785
2025-12-27 03:00:00, 1049.2653689115552, 0.7635657322170015, 0.17286778050330828
2025-12-27 04:00:00, 1049.1000437392638, 0.7678223857273464, 0.17807569760948166
2025-12-27 05:00:00, 1055.1541562711466, 0.7700627499305, 0.1758079645238609
2025-12-27 06:00:00, 1049.5025365673491, 0.7646232728644968, 0.17308073340699212
2025-12-27 07:00:00, 1049.0815441767984, 0.7641263747527495, 0.1727693613969372
2025-12-27 08:00:00, 1049.517332999408, 0.7640501163542153, 0.1727083458643109
2025-12-27 09:00:00, 1053.0533001769024, 0.7638999519717085, 0.1726113559540197
2025-12-27 10:00:00, 1052.0694204493188, 0.7697199019285912, 0.17224847288308806
2025-12-27 11:00:00, 1052.7787230529743, 0.7737273139679135, 0.1834369304090001
2025-12-28 00:00:00, 1058.3437919166786, 0.7672256075553658, 0.17326140042940288
2025-12-28 01:00:00, 1052.5753325339365, 0.7662859391482337, 0.17280116429895437
2025-12-28 02:00:00, 1052.5496027047948, 0.7659995564219635, 0.17263753956933034
2025-12-28 03:00:00, 1052.9400888696628, 0.7658135483142822, 0.1725026917579077
2025-12-28 04:00:00, 1053.02945087943, 0.7721232444246675, 0.1723379532278908
2025-12-28 05:00:00, 1055.677213813773, 0.7724307144359805, 0.17998547590892866
2025-12-28 06:00:00, 1056.3929215427347, 0.7669298925194521, 0.17287158592656174
2025-12-28 07:00:00, 1053.719512918771, 0.7664818627508657, 0.17256290282502584
2025-12-28 08:00:00, 1058.9821496939473, 0.7761897685086985, 0.18333886533413257
2025-12-28 09:00:00, 1060.2506190620081, 0.7676206159747841, 0.17303792176264848
2025-12-28 10:00:00, 1054.2430205819408, 0.7669756839827366, 0.17265418772710878
2025-12-28 11:00:00, 1054.0467556122217, 0.7667098839171103, 0.1725325984424482
2025-12-29 00:00:00, 1054.9483408464814, 0.7759977227655025, 0.18372909945695481
2025-12-29 01:00:00, 1066.0010576921159, 0.7710898419977572, 0.17751020480214866
2025-12-29 02:00:00, 1072.2510728963875, 0.7674374277415893, 0.17191898633332042
2025-12-29 03:00:00, 1057.445469447227, 0.7746289769867803, 0.18098423314762396
2025-12-29 04:00:00, 1060.250025392661, 0.778866096581034, 0.17850730483419372
2025-12-29 05:00:00, 1054.8556421990497, 0.7701883796872838, 0.17291029008289005
2025-12-29 06:00:00, 1054.5891137825133, 0.7699051808334164, 0.1726401718478416
2025-12-29 07:00:00, 1054.8345161118953, 0.7699135739421348, 0.17256475845517558
2025-12-29 08:00:00, 1055.1639346771296, 0.7700537491778459, 0.1724423868179878
2025-12-29 09:00:00, 1054.6008486149888, 0.7696415543141839, 0.17228817773006538
2025-12-29 10:00:00, 1060.8364148505834, 0.7866619758511582, 0.1876362017011565
2025-12-29 11:00:00, 1056.5654048338217, 0.7718908974223058, 0.172926060589545
2025-12-30 00:00:00, 1062.5913972291662, 0.7775380958417005, 0.17413050238220332
2025-12-30 01:00:00, 1057.8390372579674, 0.7765726211005912, 0.17364904953774088
2025-12-30 02:00:00, 1057.966267221185, 0.7763522088986705, 0.1734982672252657
2025-12-30 03:00:00, 1058.3567499709081, 0.776087302357113, 0.17345468238890396
2025-12-30 04:00:00, 1058.8869402324324, 0.7759763384502656, 0.17337171851212888
2025-12-30 05:00:00, 1059.0761081513187, 0.7758804596594087, 0.17328308761786568
2025-12-30 06:00:00, 1059.4925858222816, 0.77553942849756, 0.17316300682300353
2025-12-30 07:00:00, 1064.1989093186492, 0.7887316481742077, 0.18758818353617393
2025-12-30 08:00:00, 1063.2302533159689, 0.776407583600216, 0.1734039883246728
2025-12-30 09:00:00, 1060.9258308294638, 0.774558786832399, 0.17263276605625524
2025-12-30 11:00:00, 1086.8574495371918, 0.7894230974402391, 0.18847605111506474
2025-12-31 00:00:00, 1060.252524056704, 0.7822947087470554, 0.18382589886178688
2025-12-31 01:00:00, 1066.5365173143912, 0.7757014387520592, 0.17403738757939363
2025-12-31 02:00:00, 1065.822262685393, 0.7815460278110476, 0.18215329121677437
2025-12-31 03:00:00, 1063.078867032956, 0.7745588358996696, 0.1735475764980498
2025-12-31 04:00:00, 1061.978578150138, 0.7822082326800635, 0.1836467971544039
2025-12-31 05:00:00, 1069.4699402728434, 0.786342773728194, 0.18616674478439335
2025-12-31 06:00:00, 1065.4256272459652, 0.7755383967018669, 0.17377375228231517
2025-12-31 07:00:00, 1060.9786304256536, 0.7751374910494581, 0.17359801401513122
2025-12-31 08:00:00, 1061.0730776528087, 0.7748571935237687, 0.17344234384315177
2025-12-31 09:00:00, 1061.3536777317365, 0.774711552862687, 0.17334874310624407
2025-12-31 10:00:00, 1060.9093090723497, 0.7742889567444606, 0.1731272050809709
2025-12-31 11:00:00, 1060.079200943043, 0.7732999734079019, 0.17257414805021917
2025-12-31 11:00:00, 1059.5892988303551, 0.7732999734079019, 0.17257414805021917
2025-12-31 11:00:00, 1058.8895531912667, 0.7732999734079019, 0.17257414805021917
2025-12-31 11:00:00, 1058.9853761181676, 0.7732999734079019, 0.17257414805021917
2025-12-31 11:00:00, 1057.0935563977152, 0.7732999734079019, 0.17257414805021917
2025-12-31 11:00:00, 1053.6497873603007, 0.7732999734079019, 0.17257414805021917
2025-12-31 11:00:00, 1052.3757157721614, 0.7732999734079019, 0.17257414805021917
2025-12-31 11:00:00, 1035.8783378342962, 0.7732999734079019, 0.17257414805021917
2025-12-31 11:00:00, 1028.1958566967344, 0.7732999734079019, 0.17257414805021917
2025-12-31 11:00:00, 1028.0158730998482, 0.7732999734079019, 0.17257414805021917
2025-12-31 11:00:00, 1023.5577451791128, 0.7732999734079019, 0.17257414805021917
2025-12-31 11:00:00, 1023.681657683423, 0.7732999734079019, 0.17257414805021917
2025-12-31 11:00:00, 1022.9440516714672, 0.7732999734079019, 0.17257414805021917
2025-12-31 11:00:00, 1024.4648442968223, 0.7732999734079019, 0.17257414805021917
2025-12-31 11:00:00, 1023.4574916513988, 0.7732999734079019, 0.17257414805021917
2025-12-31 11:00:00, 1006.0701595455209, 0.7732999734079019, 0.17257414805021917
2025-12-31 11:00:00, 1004.2746422224935, 0.7732999734079019, 0.17257414805021917
2025-12-31 11:00:00, 1002.7530804865532, 0.7732999734079019, 0.17257414805021917
2025-12-31 11:00:00, 1002.618345180834, 0.7732999734079019, 0.17257414805021917
2025-12-31 11:00:00, 1000.931211606326, 0.7732999734079019, 0.17257414805021917
2025-12-31 11:00:00, 999.2356162346257, 0.7732999734079019, 0.17257414805021917
2025-12-31 11:00:00, 999.6102828449078, 0.7732999734079019, 0.17257414805021917
2025-12-31 11:00:00, 1001.6977601212519, 0.7732999734079019, 0.17257414805021917
2025-12-31 11:00:00, 977.7876192308308, 0.7732999734079019, 0.17257414805021917
2025-12-31 11:00:00, 966.7627419751266, 0.7732999734079019, 0.17257414805021917
2025-12-31 11:00:00, 964.4886826911747, 0.7732999734079019, 0.17257414805021917
2025-12-31 11:00:00, 955.3435714409316, 0.7732999734079019, 0.17257414805021917
2025-12-31 11:00:00, 954.9286857519273, 0.7732999734079019, 0.17257414805021917
2025-12-31 11:00:00, 955.1979440503034, 0.7732999734079019, 0.17257414805021917
2025-12-31 11:00:00, 953.6248823896163, 0.7732999734079019, 0.17257414805021917
2025-12-31 11:00:00, 954.4235904032431, 0.7732999734079019, 0.17257414805021917
2025-12-31 11:00:00, 942.7060284972529, 0.7732999734079019, 0.17257414805021917
2025-12-31 11:00:00, 947.606143252408, 0.7732999734079019, 0.17257414805021917
2025-12-31 11:00:00, 954.8967749574801, 0.7732999734079019, 0.17257414805021917
2025-12-31 11:00:00, 951.1153048250018, 0.7732999734079019, 0.17257414805021917
2025-12-31 11:00:00, 957.5604318544747, 0.7732999734079019, 0.17257414805021917
2025-12-31 11:00:00, 965.1384837336797, 0.7732999734079019, 0.17257414805021917
2025-12-31 11:00:00, 974.9712489679501, 0.7732999734079019, 0.17257414805021917
2025-12-31 11:00:00, 976.7822746355837, 0.7732999734079019, 0.17257414805021917
2025-12-31 11:00:00, 954.0578575512537, 0.7732999734079019, 0.17257414805021917
2025-12-31 11:00:00, 943.2620638582699, 0.7732999734079019, 0.17257414805021917
2025-12-31 11:00:00, 937.5890441637553, 0.7732999734079019, 0.17257414805021917
2025-12-31 11:00:00, 940.7018717248737, 0.7732999734079019, 0.17257414805021917
2025-12-31 11:00:00, 944.1257892822903, 0.7732999734079019, 0.17257414805021917
2025-12-31 11:00:00, 938.660992350414, 0.7732999734079019, 0.17257414805021917
2025-12-31 11:00:00, 944.0336591506535, 0.7732999734079019, 0.17257414805021917
2025-12-31 11:00:00, 953.8341427389814, 0.7732999734079019, 0.17257414805021917
2025-12-31 11:00:00, 927.1026694433926, 0.7732999734079019, 0.17257414805021917
2025-12-31 11:00:00, 930.2310984694569, 0.7732999734079019, 0.17257414805021917
2025-12-31 11:00:00, 928.5902235684408, 0.7732999734079019, 0.17257414805021917
2025-12-31 11:00:00, 942.9262161739402, 0.7732999734079019, 0.17257414805021917
2025-12-31 11:00:00, 952.5821202801983, 0.7732999734079019, 0.17257414805021917
2025-12-31 11:00:00, 977.4271064684108, 0.7732999734079019, 0.17257414805021917
2025-12-31 11:00:00, 974.3735101789019, 0.7732999734079019, 0.17257414805021917
2025-12-31 11:00:00, 993.7923895442979, 0.7732999734079019, 0.17257414805021917
2025-12-31 11:00:00, 960.1709974447086, 0.7732999734079019, 0.17257414805021917
2025-12-31 11:00:00, 930.7026981190256, 0.7732999734079019, 0.17257414805021917
2025-12-31 11:00:00, 929.9647798742137, 0.7732999734079019, 0.17257414805021917
2025-12-31 11:00:00, 902.3663122206812, 0.7732999734079019, 0.17257414805021917
2025-12-31 11:00:00, 882.599507085644, 0.7732999734079019, 0.17257414805021917
2025-12-31 11:00:00, 851.6387811634348, 0.7732999734079019, 0.17257414805021917
2025-12-31 11:00:00, 787.3267955801105, 0.7732999734079019, 0.17257414805021917
2025-12-31 11:00:00, 786.6111111111111, 0.7732999734079019, 0.17257414805021917
2026-01-01 00:00:00, 1068.3410636243268, 0.7683574214517458, 0.18072718871786847
2026-01-01 01:00:00, 1071.815958209499, 0.7948624757827548, 0.1860908270777438
2026-01-01 02:00:00, 1065.5003840140855, 0.7780809138833535, 0.17385416450356272
2026-01-01 03:00:00, 1065.3249722993794, 0.7775395552523672, 0.17354621625176608
2026-01-01 04:00:00, 1065.783530779311, 0.7770460169860114, 0.17324199128863554
2026-01-01 05:00:00, 1066.0440495524895, 0.7769484462305387, 0.17313026282111157
2026-01-01 06:00:00, 1065.80430177499, 0.7767593787035743, 0.1730684683339984
2026-01-01 07:00:00, 1072.32220756123, 0.789473290583807, 0.18481765428519673
2026-01-01 08:00:00, 1068.0243050812298, 0.7788072129033452, 0.17380563209852937
2026-01-01 09:00:00, 1068.133557007517, 0.7787544829614511, 0.17368531188984365
2026-01-01 10:00:00, 1073.9526434007882, 0.7886212478188654, 0.183751000024667
2026-01-01 11:00:00, 1068.8780917181468, 0.7790728553798537, 0.1735530131536102
2026-01-02 00:00:00, 1071.324630826802, 0.7790801947693426, 0.17284087447996627
2026-01-02 01:00:00, 1071.0771363461836, 0.7890747662230444, 0.1823600781264065
2026-01-02 02:00:00, 1075.7673867563205, 0.7808162408146273, 0.17371626264823217
2026-01-02 03:00:00, 1072.5224017524554, 0.780469410654302, 0.17311021087033632
2026-01-02 04:00:00, 1079.0461521454847, 0.7884449852593333, 0.18240839010540635
2026-01-02 05:00:00, 1074.9817562932406, 0.7810145285506808, 0.17365380505695385
2026-01-02 06:00:00, 1078.864621753715, 0.7801450894875048, 0.1731927959606941
2026-01-02 07:00:00, 1073.9300932461078, 0.7798637064403738, 0.17299623523783456
2026-01-02 08:00:00, 1073.8040474528077, 0.7796647679956694, 0.1728878417168112
2026-01-02 09:00:00, 1073.0915677856478, 0.7794673505985105, 0.17279732365301767
2026-01-02 10:00:00, 1073.145497778992, 0.7802363213383928, 0.1721416795007752
2026-01-02 11:00:00, 1073.1698226229144, 0.7779792948453575, 0.1720197089342747
2026-01-03 00:00:00, 1073.2728573286513, 0.7842157897662565, 0.17166745632550232
2026-01-03 01:00:00, 1102.5060056642897, 0.7962052713085609, 0.19202863843068924
2026-01-03 02:00:00, 1076.6380348885448, 0.7801796333164223, 0.17300536781474224
2026-01-03 03:00:00, 1072.7406338220562, 0.7880922949930289, 0.1840525530614396
2026-01-03 04:00:00, 1076.8585759948073, 0.7843434118963944, 0.17528681971130874
2026-01-03 05:00:00, 1071.763669434199, 0.7806654844304836, 0.173199684407586
2026-01-03 06:00:00, 1071.8164020561703, 0.7801279899092552, 0.17292351348801205
2026-01-03 07:00:00, 1072.6035590870686, 0.7798718272107962, 0.17274626677635566
2026-01-03 08:00:00, 1072.9495981512682, 0.7797656620322224, 0.17268451610830463
2026-01-03 09:00:00, 1073.2133282114225, 0.779968201881489, 0.17251139029124185
2026-01-03 10:00:00, 1060.670337990789, 0.7889673910363131, 0.1840484566048538
2026-01-03 11:00:00, 1024.3964835446582, 0.7815853148698262, 0.17334056817475674
2026-01-04 00:00:00, 1032.2260727123953, 0.781660960689443, 0.17306472905996725
2026-01-04 01:00:00, 1027.5382495224842, 0.7812674049641151, 0.17278066347227974
2026-01-04 02:00:00, 1071.0725863843, 0.779716662767936, 0.17205560705374734
2026-01-04 03:00:00, 1073.9499098870772, 0.7852938436620253, 0.17606290855913861
2026-01-04 04:00:00, 1096.595389775767, 0.788635745384074, 0.1800203961546969
2026-01-04 05:00:00, 1094.1608301847446, 0.7810205356507398, 0.17267157977584913
2026-01-04 06:00:00, 1078.4513705008071, 0.785897960113177, 0.17938868203153968
2026-01-04 07:00:00, 1084.475740109989, 0.8007143937022275, 0.18657857454707935
2026-01-04 08:00:00, 1078.0560435418342, 0.7841553231074928, 0.17423360446708025
2026-01-04 09:00:00, 1077.7593739406727, 0.7827250398191249, 0.17339838441998748
2026-01-04 10:00:00, 1077.9864637564572, 0.7823566753872194, 0.1731279499132939
2026-01-04 11:00:00, 1078.5980304732127, 0.7822018988841064, 0.17303243975653337
2026-01-05 00:00:00, 1083.1953481416117, 0.7904448516196975, 0.18053639738788874
2026-01-05 01:00:00, 1089.4998008314437, 0.7983923856387064, 0.18268812661871803
2026-01-05 02:00:00, 1084.9053167483771, 0.7875634669762606, 0.17448664335321218
2026-01-05 03:00:00, 1084.7814079504576, 0.7862785322346495, 0.17379566492879803
2026-01-05 04:00:00, 1083.8020431073194, 0.7922193644273061, 0.17307369720614402
2026-01-05 05:00:00, 1090.0032184163194, 0.8008194405041831, 0.18736069690745036
2026-01-05 06:00:00, 1086.7275473187317, 0.7896708295366739, 0.1754346648538886
2026-01-05 07:00:00, 1085.9508112866747, 0.7872528460699264, 0.17402674811621266
2026-01-05 08:00:00, 1086.002815217886, 0.7866798313969623, 0.17368394255781058
2026-01-05 09:00:00, 1087.2973348245794, 0.796401946714089, 0.1778164994653357
2026-01-05 10:00:00, 1093.0106211204861, 0.7972890977455404, 0.1788055500887578
2026-01-05 11:00:00, 1087.2215907998523, 0.7876531158246196, 0.17401953502632814
2026-01-06 00:00:00, 1098.952884112452, 0.7905646427529331, 0.19123224178544598
2026-01-06 01:00:00, 1094.0569817563671, 0.7778379493614201, 0.17353201215262928
2026-01-06 02:00:00, 1090.881384512643, 0.7744333329960581, 0.18125163108128295
2026-01-06 03:00:00, 1095.6672765958642, 0.7914304397127929, 0.1952075978963683
2026-01-06 04:00:00, 1091.8109964140347, 0.7818174734175555, 0.17455384855141004
2026-01-06 05:00:00, 1087.9054538647563, 0.7710135737469559, 0.17276004439380402
2026-01-06 06:00:00, 1088.2566316567, 0.7764874883423525, 0.17988765064980042
2026-01-06 07:00:00, 1094.8441914720183, 0.7780945131940852, 0.1750231450294062
2026-01-06 08:00:00, 1091.9498117196965, 0.7741897624584698, 0.17334151205226025
2026-01-06 09:00:00, 1094.0941552954987, 0.7744087615726457, 0.17317973937151385
2026-01-06 10:00:00, 1090.6788902296496, 0.7747982200269705, 0.1730691435434057
2026-01-06 11:00:00, 1090.5799608361208, 0.7752064673570781, 0.17300664833026877
2026-01-07 00:00:00, 1093.1795880576174, 0.7828736901663879, 0.17399602068688522
2026-01-07 01:00:00, 1093.644752819392, 0.7830784927250187, 0.17396039644894043
2026-01-07 02:00:00, 1093.85906215058, 0.7832786660532801, 0.17390280788124668
2026-01-07 03:00:00, 1094.2014102019236, 0.7835746770720161, 0.17384752245596619
2026-01-07 04:00:00, 1094.5466300107767, 0.7837919815211697, 0.17385699808067193
2026-01-07 05:00:00, 1094.8546031095527, 0.7840436800336952, 0.17382213755676607
2026-01-07 06:00:00, 1095.0443799980078, 0.7910605625203502, 0.18247274358615903
2026-01-07 07:00:00, 1099.9497888934425, 0.787114795906096, 0.17511608924490552
2026-01-07 08:00:00, 1095.7845338492511, 0.7859818042049364, 0.1742891992458649
2026-01-07 09:00:00, 1097.8382134798492, 0.792768902849641, 0.18392532833732092
2026-01-07 10:00:00, 1101.8388348422357, 0.794207709405969, 0.1785990408244051
2026-01-07 11:00:00, 1096.847600670886, 0.7881044059607409, 0.17477552042278424
2026-01-08 00:00:00, 1098.1958471836438, 0.7906085867932153, 0.17485386517294296
2026-01-08 01:00:00, 1098.5653468489104, 0.7906796001375422, 0.17484510888971005
2026-01-08 02:00:00, 1114.9086718218898, 0.8127358176841104, 0.18410936443930462
2026-01-08 03:00:00, 1103.4367007659696, 0.7911700595019157, 0.17494969341128588
2026-01-08 04:00:00, 1098.9310541440266, 0.7903230018562535, 0.1745830429855898
2026-01-08 05:00:00, 1104.1970363999087, 0.7981204113470726, 0.18230332595404464
2026-01-08 06:00:00, 1099.2803603863415, 0.7930074733634672, 0.17585465140409404
2026-01-08 07:00:00, 1097.738603155088, 0.7921173948412626, 0.1753712960586721
2026-01-08 08:00:00, 1098.1599149249428, 0.7918660539437009, 0.1751735677052805
2026-01-08 09:00:00, 1098.6865022084603, 0.7917219735364015, 0.17509325707664428
2026-01-08 10:00:00, 1098.8819046108954, 0.7917513358889638, 0.17506936458022315
2026-01-08 11:00:00, 1097.6123480962065, 0.7909421926671298, 0.1750064985248253
2026-01-09 00:00:00, 1097.1989562780157, 0.7563356868766582, 0.1755116990243379
2026-01-09 01:00:00, 1095.5342763763672, 0.7558642079042933, 0.17588415019003512
2026-01-09 02:00:00, 1099.588597865797, 0.7575051620083142, 0.17464625733529213
2026-01-09 03:00:00, 1093.7888942013367, 0.7585232513692024, 0.17423229137954876
2026-01-09 04:00:00, 1094.4880970074496, 0.7602150012379069, 0.1742109393648027
2026-01-09 05:00:00, 1096.7030532535996, 0.7631364093779054, 0.175301877793687
2026-01-09 07:00:00, 1108.9837524968052, 0.7654821795937105, 0.17762428582046064
2026-01-09 08:00:00, 1097.6115274868712, 0.762844740964109, 0.18286217364623522
2026-01-09 09:00:00, 1097.9344924060752, 0.7659074436065956, 0.1837339544886255
2026-01-09 10:00:00, 1101.2483660428336, 0.763420961392446, 0.17700911259647048
2026-01-09 11:00:00, 1105.2544787287804, 0.7630994235119202, 0.17594702419217534
2026-01-10 00:00:00, 1099.6595290135544, 0.776649646155211, 0.17620135719464627
2026-01-10 01:00:00, 1100.4167582431483, 0.7774525621332686, 0.1761846967880306
2026-01-10 02:00:00, 1099.6070192454338, 0.7778754740806972, 0.1757467755841198
2026-01-10 03:00:00, 1121.5872450638792, 0.7889016119467449, 0.1826889843593568
2026-01-10 04:00:00, 1105.6220644931166, 0.7805026683004326, 0.17652174819148742
2026-01-10 05:00:00, 1101.2703678578914, 0.7799776102670982, 0.1762304924340068
2026-01-10 06:00:00, 1101.8495917190298, 0.7841670133157675, 0.18128979730000291
2026-01-10 07:00:00, 1106.6701118614362, 0.7888708691350037, 0.18154158371203397
2026-01-10 08:00:00, 1101.1734686236714, 0.7837998395679918, 0.1772308867763261
2026-01-10 09:00:00, 1101.4735058108058, 0.783928263977879, 0.17707669051514757
2026-01-10 10:00:00, 1101.8079424889577, 0.784299451542804, 0.17695855681320025
2026-01-10 11:00:00, 1101.011477955102, 0.7838557747422533, 0.17648581372232852
2026-01-11 00:00:00, 1106.4755765008247, 0.7957357405431894, 0.18460828304581348
2026-01-11 01:00:00, 1106.4323725883557, 0.7966401340391046, 0.18040846587558046
2026-01-11 02:00:00, 1127.0605598141697, 0.8076115708690084, 0.1961465701336239
2026-01-11 03:00:00, 1113.7055915906985, 0.8021205430973856, 0.18729994945927736
2026-01-11 04:00:00, 1111.2188534137367, 0.7949989160557531, 0.17901875309008555
2026-01-11 05:00:00, 1106.391510083073, 0.7925676027583635, 0.1776831756637326
2026-01-11 06:00:00, 1104.6222814153741, 0.7923018548248029, 0.17747295875759134
2026-01-11 07:00:00, 1104.8413259266003, 0.7990082117619918, 0.1860350722830005
2026-01-11 08:00:00, 1110.83031982613, 0.7968429494327636, 0.1798271364477282
2026-01-11 09:00:00, 1105.8334580493704, 0.7949566898792754, 0.1784866086084494
2026-01-11 10:00:00, 1105.9985274400578, 0.7950064658756552, 0.17839756738500293
2026-01-11 11:00:00, 1106.5429697342258, 0.7951978718410944, 0.17839712291132181
2026-01-12 00:00:00, 1111.1054351400717, 0.7996503950963328, 0.17957597575051104
2026-01-12 01:00:00, 1108.6244592687035, 0.7988230175034507, 0.17909948052750285
2026-01-12 02:00:00, 1107.985217871199, 0.798448158590583, 0.1788593723698576
2026-01-12 03:00:00, 1108.5813162128525, 0.7986802810942043, 0.1782899662801507
2026-01-12 04:00:00, 1121.711078578238, 0.8107782059736609, 0.1937060142128016
2026-01-12 05:00:00, 1116.228017696211, 0.8036399919310723, 0.1816124698122963
2026-01-12 06:00:00, 1109.7237960981336, 0.7998214038119003, 0.17939272405182144
2026-01-12 07:00:00, 1110.1921915871064, 0.7993782240273677, 0.17913668124115928
2026-01-12 08:00:00, 1110.8546513232332, 0.7975646959520947, 0.17829046730799844
2026-01-12 09:00:00, 1115.8815542116095, 0.7971749382671415, 0.1780643724271362
2026-01-12 10:00:00, 1109.4153011729263, 0.7968930719739806, 0.17802160762746
2026-01-12 11:00:00, 1116.1245637668485, 0.8074199772409064, 0.18883941069618665
2026-01-13 00:00:00, 1112.5505297372533, 0.7977147798256411, 0.17826296861067079
2026-01-13 01:00:00, 1147.9296741307119, 0.8109658255876374, 0.18551775847741386
2026-01-13 02:00:00, 1121.6958606308926, 0.7983794817997878, 0.17848605910720705
2026-01-13 03:00:00, 1113.9104670693825, 0.8032811346531855, 0.18537606938899495
2026-01-13 04:00:00, 1117.4479998434497, 0.8016273430128993, 0.1801414206057926
2026-01-13 05:00:00, 1112.3631089709536, 0.7995928691482976, 0.17898838850948737
2026-01-13 06:00:00, 1112.8239943030321, 0.7992301022802029, 0.17878305591228152
2026-01-13 07:00:00, 1113.2209851808004, 0.7990386276283385, 0.17866980336389277
2026-01-13 08:00:00, 1113.556737954657, 0.7989208226197863, 0.1785698000397136
2026-01-13 09:00:00, 1113.7233496356441, 0.8013483431720336, 0.17844709717719962
2026-01-13 10:00:00, 1119.7577070316124, 0.8108485832393304, 0.1889091315010529
2026-01-13 11:00:00, 1117.8770656567956, 0.8006224687934261, 0.17911827223071936
2026-01-14 00:00:00, 1118.2699744243582, 0.8024765021887202, 0.1789239305448505
2026-01-14 01:00:00, 1118.3145148723243, 0.8023578692367269, 0.1787493284673221
2026-01-14 02:00:00, 1118.776900211992, 0.8023712495599045, 0.1786137360484198
2026-01-14 03:00:00, 1118.5745890047197, 0.8062873773537629, 0.17851629209595732
2026-01-14 04:00:00, 1124.7341446964006, 0.8123418356454147, 0.1876031972220581
2026-01-14 05:00:00, 1125.5865721427983, 0.8037939314060781, 0.17905002591141045
2026-01-14 06:00:00, 1120.1290968120318, 0.804156985171621, 0.17886698587094535
2026-01-14 07:00:00, 1120.7509602444627, 0.8115179245771371, 0.1889400822782959
2026-01-14 08:00:00, 1125.2281219485046, 0.8065526735413553, 0.18028714149662803
2026-01-14 09:00:00, 1120.3139318944188, 0.8046691141656697, 0.1791572152825843
2026-01-14 10:00:00, 1120.3743650359982, 0.8044713303324255, 0.17896741055432674
2026-01-14 11:00:00, 1120.818526023405, 0.8043985683178834, 0.1788829542683311
2026-01-15 00:00:00, 1144.1233222002309, 0.8061323398281101, 0.1786412507397639
2026-01-15 01:00:00, 1126.2668092222498, 0.81798092606002, 0.1834476369756476
2026-01-15 02:00:00, 1132.1541880419713, 0.8080031013324109, 0.17948178155938965
2026-01-15 03:00:00, 1127.3022142843165, 0.806651929445439, 0.17869127262404857
2026-01-15 04:00:00, 1121.6286946809748, 0.8064469462522379, 0.17863107123172983
2026-01-15 05:00:00, 1123.3355057203028, 0.813491791873127, 0.1781454345460821
2026-01-15 06:00:00, 1132.6264918152222, 0.811350864692319, 0.18370800903648848
2026-01-15 07:00:00, 1126.7389579888322, 0.8123325257892825, 0.18448396099219527
2026-01-15 08:00:00, 1127.8466800890724, 0.8133283681101917, 0.18262184133298745
2026-01-15 09:00:00, 1122.886838031055, 0.8097496420555054, 0.1799810649259842
2026-01-15 10:00:00, 1123.0424416516148, 0.8094281968775613, 0.17973179057918495
2026-01-15 11:00:00, 1126.3950149535958, 0.8093598086379569, 0.17961583977736081
2026-01-16 00:00:00, 1124.6201333644415, 0.8116726978139305, 0.18272674157514945
2026-01-16 01:00:00, 1131.0367829213362, 0.8156363797145987, 0.18542484474581977
2026-01-16 02:00:00, 1126.5599797086659, 0.8100158471737455, 0.17993328866568703
2026-01-16 03:00:00, 1127.2111789049773, 0.814500483836583, 0.1866581727489293
2026-01-16 04:00:00, 1131.656114792008, 0.8139085636922666, 0.18409993664769306
2026-01-16 05:00:00, 1126.421199702503, 0.8100125143252329, 0.18011176040315927
2026-01-16 06:00:00, 1126.6193829718338, 0.8094194822949942, 0.17982275386157662
2026-01-16 07:00:00, 1127.1100453328881, 0.8090165924180964, 0.17966973097177036
2026-01-16 08:00:00, 1127.4542653896553, 0.8086603777689613, 0.1795565098925163
2026-01-16 09:00:00, 1127.2938432206374, 0.8167085364623754, 0.17976713074275066
2026-01-16 10:00:00, 1131.6517364716742, 0.8155852701780955, 0.1861775086909837
2026-01-16 11:00:00, 1133.8010386375797, 0.8095310157281321, 0.18001895362440046
2026-01-17 00:00:00, 1129.7702691387258, 0.8081894634444946, 0.17946184792732306
2026-01-17 01:00:00, 1129.822821010984, 0.8079261224472143, 0.17933988985222923
2026-01-17 02:00:00, 1129.7221293989653, 0.8120159472592531, 0.18409660130717584
2026-01-17 03:00:00, 1140.5265935337911, 0.8095074950405042, 0.18015731406418922
2026-01-17 04:00:00, 1136.3894416124579, 0.8069647615448622, 0.1787372215290225
2026-01-17 05:00:00, 1136.132462167138, 0.8166499049579535, 0.18990632682111505
2026-01-17 06:00:00, 1130.841586474002, 0.8093929437491238, 0.17998232041835543
2026-01-17 07:00:00, 1129.7635338402927, 0.8085860266918341, 0.17949142086943914
2026-01-17 08:00:00, 1130.1161772890325, 0.8082665110279322, 0.17935917920683478
2026-01-17 09:00:00, 1130.3753792075852, 0.8081259425889873, 0.17924210240942887
2026-01-17 10:00:00, 1130.7730545057148, 0.8080261656931859, 0.17911601066655183
2026-01-17 11:00:00, 1129.2221321902173, 0.822257219260688, 0.19258624904528193
2026-01-18 00:00:00, 1138.8788904826233, 0.8127885170515075, 0.18039930285501551
2026-01-18 01:00:00, 1134.7227688984008, 0.8114489358463287, 0.17957354939573153
2026-01-18 02:00:00, 1134.956374178468, 0.8111954658393173, 0.17937315823713645
2026-01-18 03:00:00, 1135.3355153580337, 0.811075097077814, 0.1792848991803993
2026-01-18 04:00:00, 1135.655004831798, 0.8116223434925729, 0.17921407697866898
2026-01-18 05:00:00, 1134.8843032959028, 0.8241813381421619, 0.18510705540228875
2026-01-18 06:00:00, 1141.0017099294134, 0.8197646225445332, 0.1805105639540038
2026-01-18 07:00:00, 1140.5493805879967, 0.8703709202372003, 0.17970410845821125
2026-01-18 08:00:00, 1137.9763530947394, 0.8762520159376842, 0.18725524757277945
2026-01-18 09:00:00, 1141.783356362255, 0.8192917878488082, 0.18106432525090996
2026-01-18 10:00:00, 1136.4518788357138, 0.8159123497246245, 0.17982120464489976
2026-01-18 11:00:00, 1136.4624970275588, 0.8123302055863656, 0.1796458010283061
2026-01-19 00:00:00, 1141.131472509178, 0.8128573188996466, 0.1848985144769989
2026-01-19 01:00:00, 1142.4871561454902, 0.8014600511288005, 0.17991041894576607
2026-01-19 02:00:00, 1139.011932297061, 0.7945003887046088, 0.17963342094512497
2026-01-19 03:00:00, 1139.2979535359054, 0.7920900102952789, 0.18598687701297764
2026-01-19 04:00:00, 1147.0166900049762, 0.7885924332222569, 0.18012283097465184
2026-01-19 05:00:00, 1139.2190615687405, 0.7874735598950142, 0.17957430861718227
2026-01-19 06:00:00, 1138.9342232948309, 0.7876964254843154, 0.17939664844912998
2026-01-19 07:00:00, 1139.125752723262, 0.78801412005507, 0.17926977468624186
2026-01-19 08:00:00, 1139.1550244650155, 0.7883449440991757, 0.17923454146074755
2026-01-19 09:00:00, 1138.0423924151817, 0.8043144705861008, 0.191732831410128
2026-01-19 10:00:00, 1138.340936364832, 0.7996697188212706, 0.19301840210109894
2026-01-19 11:00:00, 1144.7399102544996, 0.7919105617204104, 0.18077874520543652
2026-01-20 00:00:00, 1139.7771219434453, 0.7826665675564201, 0.1801898019265364
2026-01-20 01:00:00, 1140.0960170554872, 0.7829116883025479, 0.17992771056316256
2026-01-20 02:00:00, 1140.566828949299, 0.7832691250081858, 0.17975993612866975
2026-01-20 03:00:00, 1140.9495712095684, 0.7836585865550215, 0.1796285061257612
2026-01-20 04:00:00, 1141.288192072816, 0.7840239261828136, 0.17958609164626282
2026-01-20 05:00:00, 1141.7996202864676, 0.7843316254584507, 0.1795092014404735
2026-01-20 06:00:00, 1142.1589137815015, 0.7846196008811178, 0.17942209104810694
2026-01-20 07:00:00, 1140.789282546904, 0.7837793543392458, 0.17900998124183187
2026-01-20 08:00:00, 1142.1307901907358, 0.7733529403903125, 0.1790533708303832
2026-01-20 10:00:00, 1168.290365027882, 0.7771006866481662, 0.19541410588399194
2026-01-20 11:00:00, 1142.4496934098293, 0.7698899403719652, 0.18042856406193925
2026-01-27 11:00:00, 1108.8222014793228, 0.7418081498634742, 0.19878876090089384
2026-01-28 00:00:00, 1115.4222035030205, 0.7110957454608227, 0.18769674061610778
2026-01-28 01:00:00, 1116.0763181859577, 0.7135864242458848, 0.18639511576952783
2026-01-28 02:00:00, 1116.8935383338899, 0.7164387789423734, 0.1857244352381157
2026-01-28 03:00:00, 1117.282164142104, 0.7191582280926574, 0.18520445244206477
2026-01-28 04:00:00, 1120.5562618256429, 0.7216464542052311, 0.18479511592366485
2026-01-28 05:00:00, 1115.4550417659589, 0.7241407347223803, 0.18448006151779822
2026-01-28 06:00:00, 1114.8137899761698, 0.7264947059019167, 0.1842434337774766
2026-01-28 07:00:00, 1115.584559496886, 0.7287209373637505, 0.18402719619792887
2026-01-28 08:00:00, 1112.4684900845375, 0.7306226721953002, 0.18373903169622405
2026-01-28 09:00:00, 1113.269638466442, 0.7328967709462184, 0.18402862394874417
2026-01-28 10:00:00, 1121.744048466048, 0.7347041941761561, 0.1837421616156392
2026-01-28 11:00:00, 1116.5675776249816, 0.7363554541986735, 0.18346007225251432
2026-01-29 00:00:00, 1120.6571791408, 0.7521999790697151, 0.18190114847035865
2026-01-29 01:00:00, 1121.212742032593, 0.7537247390720782, 0.18177393980871567
2026-01-29 02:00:00, 1121.5316866009948, 0.7537384332687824, 0.18169290011312103
2026-01-29 03:00:00, 1122.059054434882, 0.7545276298485182, 0.1816148803529528
2026-01-29 04:00:00, 1122.4378826859738, 0.7552293075203268, 0.18154860517337107
2026-01-29 05:00:00, 1122.8858381524824, 0.7559255158627106, 0.18140432008060295
2026-01-29 06:00:00, 1123.1744533238216, 0.7565818490990462, 0.18129260359419186
2026-01-29 07:00:00, 1123.5861142732824, 0.7571967422281002, 0.18121499798958737
2026-01-29 08:00:00, 1123.9855703798148, 0.7577550463714394, 0.18115663211254343
2026-01-29 09:00:00, 1124.2254592737631, 0.7588156964192372, 0.18099988951586035
2026-01-29 10:00:00, 1124.3812459207988, 0.7587646675708937, 0.18090707984714516
2026-01-29 11:00:00, 1124.6547459132098, 0.7592881300627994, 0.18080675847594235
2026-01-30 00:00:00, 1126.389755031418, 0.7622322091168868, 0.18014936932737918
2026-01-30 01:00:00, 1124.2704925588328, 0.7624606540103772, 0.18003971305549352
2026-02-01 00:00:00, 1114.0948380177663, 0.6801399268003948, 0.19370701369099239
2026-02-01 01:00:00, 1097.2104883182062, 0.6815682803904665, 0.19063190641805225
2026-02-01 02:00:00, 1096.0241401815258, 0.6853138541795959, 0.18841950464340404
2026-02-01 03:00:00, 1097.4160027316184, 0.689468543168773, 0.18715996699270926
2026-02-01 11:00:00, 1140.0932666060055, 0.7157204226310466, 0.18483584448676382
2026-02-02 00:00:00, 1105.7680436406026, 0.7307756064032103, 0.18295863360043363
2026-02-02 01:00:00, 1098.4789135779984, 0.7287983236936639, 0.18255032492230505
2026-02-02 02:00:00, 1107.8372614357922, 0.7318958343842294, 0.18317793692547604
2026-02-02 03:00:00, 1104.829435135012, 0.7332760063813596, 0.1827605862493006
2026-02-02 04:00:00, 1105.1625009486513, 0.734404677959004, 0.18238674794034224
2026-02-02 05:00:00, 1106.4125026156098, 0.735574144289319, 0.18212803578525913
2026-02-02 06:00:00, 1112.463186813187, 0.7452609629173498, 0.18243824650384094
2026-02-02 07:00:00, 1109.124174293824, 0.7389071027669264, 0.18217049212817155
2026-02-02 08:00:00, 1107.052866654524, 0.7435913675087137, 0.1817163584540171
2026-02-02 09:00:00, 1111.7235399025992, 0.7416395364931859, 0.182025378777266
2026-02-02 10:00:00, 1110.8211795910931, 0.7443633009441186, 0.1826201183471989
2026-02-02 11:00:00, 1109.480105262359, 0.7447298952585043, 0.18208723002603924
2026-02-03 00:00:00, 1114.718968980364, 0.7519965925667009, 0.18195116651091298
2026-02-03 01:00:00, 1115.3528042135301, 0.7524673665496291, 0.18164474242179363
2026-02-03 02:00:00, 1114.1582799008293, 0.7574964538360343, 0.18086751215794647
2026-02-03 03:00:00, 1114.1560665391737, 0.7527355613264957, 0.18057086643776168
2026-02-03 04:00:00, 1122.4164258466644, 0.7545903031819965, 0.18143178186329637
2026-02-03 05:00:00, 1123.8585820954809, 0.7568884614405265, 0.18278934490973098
2026-02-03 06:00:00, 1120.4703040181384, 0.7563421948052429, 0.18290225021363415
2026-02-03 07:00:00, 1123.1376830841618, 0.7514914335110295, 0.18287119148622352
2026-02-03 08:00:00, 1118.9070892086477, 0.7551163999622833, 0.18372006533279778
2026-02-03 09:00:00, 1117.0500729829141, 0.7540163747059675, 0.18249733695854642
2026-02-03 10:00:00, 1117.721389053322, 0.7544377620310094, 0.182074604680611
2026-02-03 11:00:00, 1118.233289904155, 0.7550538661540086, 0.18182003246456907
2026-02-04 00:00:00, 1123.1476955144744, 0.7669887047286864, 0.1806728708209729
2026-02-04 01:00:00, 1123.6866734460532, 0.7630061374231383, 0.18046184002790774
2026-02-04 02:00:00, 1128.337593000149, 0.7644515170023877, 0.18097328671633775
2026-02-04 03:00:00, 1123.5806755915792, 0.7677953057151733, 0.18217627868812356
2026-02-04 04:00:00, 1120.4307905633198, 0.7667220115527126, 0.181022486218786
2026-02-04 05:00:00, 1127.7811007226412, 0.7687573483368831, 0.18207557766705237
2026-02-04 06:00:00, 1122.788630875289, 0.7678597003262895, 0.18107515850958839
2026-02-04 07:00:00, 1129.1269477077756, 0.7672038275202072, 0.18081951566942334
2026-02-04 08:00:00, 1123.8299498100166, 0.7676738594108782, 0.18072706971608576
2026-02-04 09:00:00, 1124.4724332538844, 0.77414797031199, 0.18031005327565477
2026-02-04 10:00:00, 1131.1217876983042, 0.7715269986649799, 0.1821486497086534
2026-02-04 11:00:00, 1125.280414016767, 0.77169793982181, 0.18197058898095989
2026-02-05 00:00:00, 1128.2770274280235, 0.7737429060548302, 0.18007889656662926
2026-02-05 01:00:00, 1140.685855001711, 0.7729881173411256, 0.1787445350068526
2026-02-05 02:00:00, 1135.7634341009343, 0.7752534884918894, 0.18044825500425338
2026-02-05 03:00:00, 1129.6649686783362, 0.7743552723308822, 0.17996867067630426
2026-02-05 04:00:00, 1141.3011693299984, 0.7781380302079094, 0.18152060823692084
2026-02-05 05:00:00, 1136.4889056329735, 0.7792950353624593, 0.1800307967215419
2026-02-05 06:00:00, 1138.9776952327397, 0.7767430287189109, 0.18059372458238804
2026-02-05 07:00:00, 1132.7924728938674, 0.7782312900760164, 0.18115276476873993
2026-02-05 08:00:00, 1131.9500332660423, 0.7773887235497854, 0.18051492232586247
2026-02-05 09:00:00, 1132.3248093843126, 0.7770467791823122, 0.18015659871422648
2026-02-05 10:00:00, 1131.1915288022747, 0.7761898406943317, 0.17917134677529312
2026-02-05 11:00:00, 1138.3702755862066, 0.7792568667854063, 0.18089530181831354
2026-02-06 00:00:00, 1135.2564864987933, 0.7820258724969256, 0.1803933454927837
2026-02-06 01:00:00, 1135.7594939766961, 0.7813778478046468, 0.17987256136643048
2026-02-06 02:00:00, 1136.3813058755673, 0.7809376450483801, 0.17958615511490303
2026-02-06 03:00:00, 1139.0539921075137, 0.7832223687118116, 0.17956037855919046
2026-02-06 04:00:00, 1139.3488426452955, 0.7840166883421843, 0.1807229015733104
2026-02-06 05:00:00, 1141.8815298352329, 0.7822338878373336, 0.17976719140047287
2026-02-06 06:00:00, 1141.2112794651123, 0.7854341028085458, 0.18110929026877198
2026-02-06 07:00:00, 1138.4463373201988, 0.7838717038320587, 0.18022328451032268
2026-02-06 08:00:00, 1138.3429887987286, 0.7800802832817803, 0.17836742231246278
2026-02-06 09:00:00, 1161.3519862500739, 0.7828150232687394, 0.18053736969275877
2026-02-06 10:00:00, 1143.4410236314716, 0.7699899659491816, 0.1796359733269834
2026-02-06 11:00:00, 1137.2116202206942, 0.7683218597128648, 0.17842919453038164
2026-02-07 00:00:00, 1139.1277541247362, 0.7576332593586016, 0.1763499323213101
2026-02-07 01:00:00, 1139.3496173772699, 0.7559244041744901, 0.17665706224890373
2026-02-07 02:00:00, 1139.4580426665455, 0.7558105189531011, 0.1767584467478116
2026-02-07 03:00:00, 1139.6968857671934, 0.7569685572292895, 0.17653536495880642
2026-02-07 04:00:00, 1139.6997585365978, 0.7580616177853406, 0.17643422608273313
2026-02-07 05:00:00, 1139.7494524384135, 0.7590356589585536, 0.17638080602399625
2026-02-07 06:00:00, 1139.9592853998756, 0.7600053196075275, 0.1763561471969935
2026-02-07 07:00:00, 1140.217795814803, 0.7609375449190021, 0.17636907133562357
2026-02-07 08:00:00, 1140.5852841400665, 0.7617116446926921, 0.17637133961993642
2026-02-07 09:00:00, 1140.8050951434109, 0.7623756895037952, 0.1762914271132578
2026-02-07 10:00:00, 1140.9047812030417, 0.7630609926517239, 0.17626719408999236
2026-02-07 11:00:00, 1141.0668880186593, 0.7636311858839079, 0.17633497125433767
2026-02-08 00:00:00, 1143.4946832516227, 0.76961192932498, 0.17593684248493638
2026-02-08 01:00:00, 1143.6028826353788, 0.7650155947321859, 0.17590082709837496
2026-02-08 02:00:00, 1143.721229806374, 0.7652863154953521, 0.17581711205510792
2026-02-08 03:00:00, 1143.9501915010953, 0.7713380861137399, 0.17574970685848343
2026-02-08 04:00:00, 1144.0314778976872, 0.7610661183919242, 0.17608743121932027
2026-02-08 05:00:00, 1144.4423644946344, 0.7613607215664523, 0.17630460372914739
2026-02-08 06:00:00, 1144.350878957141, 0.7616474161823682, 0.17592848322873697
2026-02-08 07:00:00, 1144.5563458454128, 0.7619991798328741, 0.17574588567456725
2026-02-08 08:00:00, 1144.499422966977, 0.7623464164262643, 0.17560388804945276
2026-02-08 09:00:00, 1144.7663174364657, 0.762640866828572, 0.1755247068200338
2026-02-08 10:00:00, 1144.856210630967, 0.7629282856520301, 0.17544706908051005
2026-02-08 11:00:00, 1144.7659045833777, 0.7632668588788292, 0.1754421369839005
2026-02-09 00:00:00, 1145.592958223922, 0.76536978409217, 0.17470085822326975
2026-02-09 01:00:00, 1145.4863542188427, 0.7662173236524171, 0.17469102020967747
2026-02-09 02:00:00, 1145.704660534584, 0.7656078963368633, 0.17461715334859232
2026-02-09 03:00:00, 1145.685947816584, 0.7657329615205799, 0.17456904323053385
2026-02-09 04:00:00, 1145.8449197820378, 0.7657712572030785, 0.17452128620999985
2026-02-09 05:00:00, 1145.8644294167016, 0.7652062522404498, 0.1746015013804469
2026-02-09 06:00:00, 1145.5599606390838, 0.7653868307297591, 0.17480021471417584
2026-02-09 07:00:00, 1145.585287719192, 0.7655225249420268, 0.17473884736204912
2026-02-09 08:00:00, 1145.6394798085582, 0.7655162033561933, 0.17461609968573885
2026-02-09 09:00:00, 1145.7367457932387, 0.7656725831938456, 0.17456678017154204
2026-02-09 10:00:00, 1145.7892071153203, 0.7657627352083982, 0.17460092029301863
2026-02-09 11:00:00, 1146.0285391939613, 0.7657656508811329, 0.17444499088730922
2026-02-10 00:00:00, 1119.345376357142, 0.7058774373002363, 0.17458568114995082
2026-02-10 01:00:00, 1119.8415470155521, 0.7089416330248818, 0.17451666745590105
2026-02-10 02:00:00, 1120.7972897631264, 0.7117236450752215, 0.17440460602589067
2026-02-10 03:00:00, 1120.8503045664734, 0.7142239656653753, 0.17426900194110426
2026-02-10 04:00:00, 1121.39784880956, 0.7165804698207513, 0.1741728995071497
2026-02-10 05:00:00, 1122.059784071477, 0.7187069281445737, 0.17412964925489552
2026-02-10 06:00:00, 1122.804148073946, 0.7208482661401687, 0.1740297621685223
2026-02-10 07:00:00, 1126.1072961588734, 0.7210571081218708, 0.1742194928818781
2026-02-10 08:00:00, 1124.1394354898357, 0.7052617109668579, 0.1761416557977317
2026-02-10 09:00:00, 1117.983068228961, 0.6951636997138776, 0.1758311004881046
2026-02-10 10:00:00, 1118.318589685214, 0.7085810500730575, 0.17546321360722064
2026-02-10 11:00:00, 1118.4354480972183, 0.7054039488498762, 0.17572042282706402
2026-02-11 00:00:00, 1120.8367695716845, 0.7166371907495809, 0.17696077165255406
2026-02-11 01:00:00, 1121.367839905291, 0.7205374913380784, 0.1771269244692962
2026-02-11 02:00:00, 1121.9598437705533, 0.7232753248320465, 0.17703000393339158
2026-02-11 03:00:00, 1122.559411205213, 0.7259617941496789, 0.17702832512431546
2026-02-11 04:00:00, 1122.987647350474, 0.7283356197403743, 0.17692833798959826
2026-02-11 05:00:00, 1123.8488358680145, 0.7304437898074381, 0.17690712892227844
2026-02-11 06:00:00, 1129.7635668814714, 0.7248339780418228, 0.17783987426371325
2026-02-11 07:00:00, 1123.3673085874455, 0.7173976738835987, 0.17851336919576227
2026-02-11 08:00:00, 1120.8522144982626, 0.7199017547454318, 0.17774826119322754
2026-02-11 09:00:00, 1119.2412065284482, 0.727578583796745, 0.1773035527839006
2026-02-11 10:00:00, 1119.5700943043032, 0.7250950738623753, 0.177123690687734
2026-02-11 11:00:00, 1120.236678505297, 0.7274522497080392, 0.1769608294770684
2026-02-13 07:00:00, 1123.8561354493202, 0.7537421930347463, 0.17445064689599662
2026-02-13 08:00:00, 1111.8555191637631, 0.7538565308793259, 0.17439531765941205
2026-02-14 00:00:00, 1111.4362302563013, 0.7560009487423054, 0.17387593160761314
2026-02-14 01:00:00, 1112.3642969168968, 0.7560651017417599, 0.17388605051462952
2026-02-14 02:00:00, 1113.221145109229, 0.7564339884574595, 0.1738265845169496
2026-02-14 03:00:00, 1113.9063007821592, 0.7567292555938497, 0.1738167302525248
2026-02-14 04:00:00, 1114.5831795323234, 0.7569644677821855, 0.1737501014365845
2026-02-14 05:00:00, 1115.0675257262544, 0.7572329662420056, 0.17376521895702488
2026-02-14 06:00:00, 1115.7412080462211, 0.7574879274401697, 0.17376860462276755
2026-02-14 07:00:00, 1117.0018421094812, 0.7604105307599924, 0.17380725171491757
2026-02-14 08:00:00, 1109.4992129945838, 0.7581095086277917, 0.17380954562309647
2026-02-14 09:00:00, 1108.4771018628137, 0.7584306667990036, 0.17377430313177125
2026-02-14 10:00:00, 1109.3417736696717, 0.7585817070755878, 0.17375685377938646
2026-02-14 11:00:00, 1110.3685573060538, 0.7587656698540003, 0.17371820988210895
2026-02-15 00:00:00, 1115.317821186089, 0.7617297089166097, 0.17366091076223053
2026-02-15 01:00:00, 1116.044972123567, 0.7619126075681761, 0.17360449929909846
2026-02-15 02:00:00, 1116.337429802993, 0.7620480900074815, 0.17360864862245765
2026-02-15 03:00:00, 1116.9460851571907, 0.7621480717723598, 0.17358896243514685
2026-02-15 04:00:00, 1117.4686716449623, 0.7622577009040179, 0.17360408307993172
2026-02-15 05:00:00, 1121.3840987380893, 0.7691588393237401, 0.17360939042941045
2026-02-15 06:00:00, 1114.939965797955, 0.7625359215828433, 0.1736078662667332
2026-02-15 07:00:00, 1115.2285812222678, 0.7627941583792434, 0.1736040670604311
2026-02-15 08:00:00, 1113.3404708007627, 0.763072155841767, 0.17362336204590015
2026-02-15 09:00:00, 1113.2819966811362, 0.7632982214937138, 0.1736025175390732
2026-02-15 10:00:00, 1114.0154332230418, 0.7634738208949435, 0.17359080792153278
2026-02-15 11:00:00, 1114.5571487114107, 0.7636448414362044, 0.1736415272259105
2026-02-16 00:00:00, 1113.9341853099797, 0.7646400042081327, 0.17349944083553986
2026-02-16 01:00:00, 1114.5190677837477, 0.7647658336850723, 0.17353049606845586
2026-02-16 02:00:00, 1115.0976049540116, 0.7648186755200614, 0.17351496857189552
2026-02-16 03:00:00, 1115.7378471906018, 0.7649506536892376, 0.17351267144063287
2026-02-16 04:00:00, 1116.3739201044227, 0.7650618384644985, 0.17353234193851425
2026-02-16 05:00:00, 1116.839311841666, 0.7651561451428276, 0.17352706286893993
2026-02-16 06:00:00, 1117.4142822450901, 0.7652431708443177, 0.17351192660243256
2026-02-16 07:00:00, 1121.6145223877597, 0.7666016476013886, 0.17352860908258047
2026-02-16 08:00:00, 1119.545050668343, 0.7654505741453669, 0.1735622675606289
2026-02-16 09:00:00, 1112.3575752056583, 0.7656060075244016, 0.17351304073256743
2026-02-16 10:00:00, 1112.6135946938653, 0.7656996163858062, 0.17351760035083327
2026-02-16 11:00:00, 1113.3318029121008, 0.7658144885707471, 0.1735482420883278
2026-02-17 00:00:00, 1113.5463942769834, 0.7667596845967304, 0.17354778482951436
2026-02-17 01:00:00, 1114.1987685800727, 0.7668006689684469, 0.17354513429040397
2026-02-17 02:00:00, 1114.8139786904653, 0.7667920535074608, 0.17355081076255
2026-02-17 03:00:00, 1115.3997708162583, 0.7690807641193413, 0.17355686906914655
2026-02-17 04:00:00, 1115.7113509192645, 0.7668158662962908, 0.17351179781313325
2026-02-17 05:00:00, 1116.1348536360783, 0.7668601693040593, 0.17352881798348832
2026-02-17 06:00:00, 1116.4702809903977, 0.7668752988804627, 0.1735056891728479
2026-02-17 07:00:00, 1118.108392206554, 0.7746000171927193, 0.17353242210639352
2026-02-17 08:00:00, 1110.5981918262858, 0.7658290678165155, 0.1735144333848591
2026-02-17 09:00:00, 1111.1275253215151, 0.7659521794573494, 0.17349772867630325
2026-02-17 10:00:00, 1112.1144006313937, 0.7675606553441824, 0.1734977540676864
2026-02-17 11:00:00, 1112.8740587277014, 0.7661965532523141, 0.17347055247658405
2026-02-18 03:00:00, 1164.8683015440508, 0.6894844722304115, 0.17635468447231645
2026-02-18 04:00:00, 1130.5050342009615, 0.6940143854833173, 0.175603945948467
2026-02-18 05:00:00, 1109.087963553208, 0.6969504966918146, 0.17535850291668903
2026-02-18 06:00:00, 1099.2881623814872, 0.7006572342027388, 0.1750648110460113
2026-02-18 07:00:00, 1099.7457030696696, 0.7041148340862762, 0.17504417065088265
2026-02-19 00:00:00, 1101.2484968986837, 0.7191834231806321, 0.17545049868742243
2026-02-19 01:00:00, 1102.0839222293052, 0.721283472906127, 0.17535922011273777
2026-02-19 02:00:00, 1102.7805841402826, 0.7231914987949734, 0.17536300342931083
2026-02-19 03:00:00, 1103.6284041121532, 0.7248175289726093, 0.17539481583418012
2026-02-19 04:00:00, 1104.2225060457963, 0.7268124840853919, 0.17552132182627336
2026-02-19 05:00:00, 1104.9643090590819, 0.7310179378856401, 0.17616455841385564
2026-02-19 06:00:00, 1105.5172419026803, 0.731613827023137, 0.17616564227876863
2026-02-19 07:00:00, 1111.1789687115931, 0.7241499924983557, 0.1771057748878963
2026-02-19 08:00:00, 1099.3977233403152, 0.7242276930016279, 0.17646467418412823
2026-02-19 09:00:00, 1098.667392668144, 0.7251072944369327, 0.17633262317438184
2026-02-19 10:00:00, 1099.5838038430015, 0.7268206411391237, 0.1761966892553955
2026-02-19 11:00:00, 1100.3886455392649, 0.728434554164189, 0.17612850234626212
2026-02-20 00:00:00, 1103.6873731394633, 0.7421028302333526, 0.17586771658386988
2026-02-20 01:00:00, 1104.37581074381, 0.7427832376933634, 0.17584726097548636
2026-02-20 02:00:00, 1104.9867437695414, 0.7434494150569849, 0.17588702853391505
2026-02-20 03:00:00, 1105.6801809185563, 0.7441417293618869, 0.17582191698028404
2026-02-20 04:00:00, 1106.288660716996, 0.744736398116755, 0.17582915566582338
2026-02-20 05:00:00, 1106.7380283115278, 0.7453475853022445, 0.17580187439055256
2026-02-20 06:00:00, 1108.6703576616812, 0.7502111655041473, 0.1757931909232741
2026-02-20 07:00:00, 1106.6033628858243, 0.746473790246179, 0.17580304476453074
2026-02-20 08:00:00, 1100.9372264213946, 0.7470235968277764, 0.1757587623132305
2026-02-20 09:00:00, 1101.5212058201541, 0.7475499340801123, 0.17577386709649756
2026-02-20 10:00:00, 1102.3721190136498, 0.7480802482945162, 0.17579543758825522
2026-02-20 11:00:00, 1103.1028427890599, 0.7485759225530835, 0.17579467711140565
2026-02-21 00:00:00, 1103.0162867174615, 0.7547224559535114, 0.17572233380645674
2026-02-21 01:00:00, 1103.7817877343696, 0.7541063487394715, 0.17576544559320334
2026-02-21 02:00:00, 1104.364486132613, 0.7544066631032964, 0.17575861747904054
2026-02-21 03:00:00, 1105.042899351405, 0.754733070780006, 0.17575939076359143
2026-02-21 04:00:00, 1105.5510184257657, 0.7550215937526095, 0.17577720617072143
2026-02-21 05:00:00, 1106.0929206002288, 0.7552771678736603, 0.17574838204594984
2026-02-21 06:00:00, 1106.696479778203, 0.7555621480860423, 0.17578324865529585
2026-02-21 07:00:00, 1107.0464934381607, 0.7558238883580716, 0.1757923140247317
2026-02-21 08:00:00, 1113.8716809731225, 0.7560711676007795, 0.1757506690452974
2026-02-21 09:00:00, 1105.652425005945, 0.7563714786211271, 0.17579275830093433
2026-02-21 10:00:00, 1104.8628535939974, 0.75674171619744, 0.1757869997805272
2026-02-21 11:00:00, 1105.32633759847, 0.757078816033347, 0.17580633294366269
2026-02-22 00:00:00, 1108.6686549494582, 0.7595910714685821, 0.17580054245763224
2026-02-22 01:00:00, 1108.9130209756245, 0.7601047944777823, 0.1757536339402244
2026-02-22 02:00:00, 1108.9296881482155, 0.7597433712605094, 0.17568086138558664
2026-02-22 03:00:00, 1109.3549282093313, 0.7596314322324799, 0.1756052230453058
2026-02-22 04:00:00, 1109.714767426565, 0.7653564380685716, 0.1755113298025
2026-02-22 05:00:00, 1110.0829604670694, 0.7644174983469902, 0.17542718964173673
2026-02-22 06:00:00, 1110.6385246233392, 0.7588874311145679, 0.1753143968756696
2026-02-22 07:00:00, 1111.0147598376993, 0.7584884029042384, 0.1752575076505478
2026-02-22 08:00:00, 1111.462125995406, 0.7580371838953086, 0.1752006936802381
2026-02-22 09:00:00, 1111.6593090084893, 0.7576600760271566, 0.17510532464097914
2026-02-22 10:00:00, 1112.1074052150686, 0.7574065260287528, 0.17501292021180415
2026-02-22 11:00:00, 1112.3568037166087, 0.7570236982942451, 0.1749201337192482
2026-02-22 11:00:00, 1111.798027602233, 0.7570236982942451, 0.1749201337192482
2026-02-22 11:00:00, 1111.0287160052644, 0.7570236982942451, 0.1749201337192482
2026-02-22 11:00:00, 1111.1063755152154, 0.7570236982942451, 0.1749201337192482
2026-02-22 11:00:00, 1109.0541204405977, 0.7570236982942451, 0.1749201337192482
2026-02-22 11:00:00, 1105.353045943955, 0.7570236982942451, 0.1749201337192482
2026-02-22 11:00:00, 1103.9397441824626, 0.7570236982942451, 0.1749201337192482
2026-02-22 11:00:00, 1086.4901748438333, 0.7570236982942451, 0.1749201337192482
2026-02-22 11:00:00, 1078.2169294402338, 0.7570236982942451, 0.1749201337192482
2026-02-22 11:00:00, 1077.9491409463353, 0.7570236982942451, 0.1749201337192482
2026-02-22 11:00:00, 1073.2235134867444, 0.7570236982942451, 0.1749201337192482
2026-02-22 11:00:00, 1073.2833237938116, 0.7570236982942451, 0.1749201337192482
2026-02-22 11:00:00, 1072.4548855608607, 0.7570236982942451, 0.1749201337192482
2026-02-22 11:00:00, 1074.001475314052, 0.7570236982942451, 0.1749201337192482
2026-02-22 11:00:00, 1072.8905931202348, 0.7570236982942451, 0.1749201337192482
2026-02-22 11:00:00, 1054.5107255597402, 0.7570236982942451, 0.1749201337192482
2026-02-22 11:00:00, 1052.4384832405367, 0.7570236982942451, 0.1749201337192482
2026-02-22 11:00:00, 1050.7482042562947, 0.7570236982942451, 0.1749201337192482
2026-02-22 11:00:00, 1050.5179108852844, 0.7570236982942451, 0.1749201337192482
2026-02-22 11:00:00, 1048.6570888506621, 0.7570236982942451, 0.1749201337192482
2026-02-22 11:00:00, 1046.7648886339737, 0.7570236982942451, 0.1749201337192482
2026-02-22 11:00:00, 1047.0226935617034, 0.7570236982942451, 0.1749201337192482
2026-02-22 11:00:00, 1049.0952954848706, 0.7570236982942451, 0.1749201337192482
2026-02-22 11:00:00, 1023.9154633105175, 0.7570236982942451, 0.1749201337192482
2026-02-22 11:00:00, 1012.1008666215301, 0.7570236982942451, 0.1749201337192482
2026-02-22 11:00:00, 1009.4860975873635, 0.7570236982942451, 0.1749201337192482
2026-02-22 11:00:00, 999.7523634745858, 0.7570236982942451, 0.1749201337192482
2026-02-22 11:00:00, 999.0969504519969, 0.7570236982942451, 0.1749201337192482
2026-02-22 11:00:00, 999.1932072581594, 0.7570236982942451, 0.1749201337192482
2026-02-22 11:00:00, 997.3782374880736, 0.7570236982942451, 0.1749201337192482
2026-02-22 11:00:00, 998.0351640092339, 0.7570236982942451, 0.1749201337192482
2026-02-22 11:00:00, 985.8542879317035, 0.7570236982942451, 0.1749201337192482
2026-02-22 11:00:00, 990.8967871946211, 0.7570236982942451, 0.1749201337192482
2026-02-22 11:00:00, 998.5511326572971, 0.7570236982942451, 0.1749201337192482
2026-02-22 11:00:00, 994.6280389144905, 0.7570236982942451, 0.1749201337192482
2026-02-22 11:00:00, 1001.3250355921039, 0.7570236982942451, 0.1749201337192482
2026-02-22 11:00:00, 1009.2158255513609, 0.7570236982942451, 0.1749201337192482
2026-02-22 11:00:00, 1019.5316484046587, 0.7570236982942451, 0.1749201337192482
2026-02-22 11:00:00, 1021.4553197347316, 0.7570236982942451, 0.1749201337192482
2026-02-22 11:00:00, 997.7418697662793, 0.7570236982942451, 0.1749201337192482
2026-02-22 11:00:00, 986.3545997751105, 0.7570236982942451, 0.1749201337192482
2026-02-22 11:00:00, 980.0689886777969, 0.7570236982942451, 0.1749201337192482
2026-02-22 11:00:00, 983.2367556823093, 0.7570236982942451, 0.1749201337192482
2026-02-22 11:00:00, 986.8494339737169, 0.7570236982942451, 0.1749201337192482
2026-02-22 11:00:00, 981.0787558120892, 0.7570236982942451, 0.1749201337192482
2026-02-22 11:00:00, 986.6578039495599, 0.7570236982942451, 0.1749201337192482
2026-02-22 11:00:00, 996.9263025635463, 0.7570236982942451, 0.1749201337192482
2026-02-22 11:00:00, 969.0143088865716, 0.7570236982942451, 0.1749201337192482
2026-02-22 11:00:00, 972.121534253388, 0.7570236982942451, 0.1749201337192482
2026-02-22 11:00:00, 970.4568118628359, 0.7570236982942451, 0.1749201337192482
2026-02-22 11:00:00, 985.3731634362288, 0.7570236982942451, 0.1749201337192482
2026-02-22 11:00:00, 995.5651429616853, 0.7570236982942451, 0.1749201337192482
2026-02-22 11:00:00, 1021.4809984453273, 0.7570236982942451, 0.1749201337192482
2026-02-22 11:00:00, 1018.4710700132101, 0.7570236982942451, 0.1749201337192482
2026-02-22 11:00:00, 1038.646943324135, 0.7570236982942451, 0.1749201337192482
2026-02-22 11:00:00, 1003.9811019484195, 0.7570236982942451, 0.1749201337192482
2026-02-22 11:00:00, 972.9257897218292, 0.7570236982942451, 0.1749201337192482
2026-02-22 11:00:00, 971.6479753421559, 0.7570236982942451, 0.1749201337192482
2026-02-22 11:00:00, 942.6156210258586, 0.7570236982942451, 0.1749201337192482
2026-02-22 11:00:00, 922.2643515904385, 0.7570236982942451, 0.1749201337192482
2026-02-22 11:00:00, 889.5088052972669, 0.7570236982942451, 0.1749201337192482
2026-02-22 11:00:00, 822.1680672268907, 0.7570236982942451, 0.1749201337192482
